2026-09-18 14:50:22,054 - INFO - Fetching PR data from database...
2026-09-18 14:50:24,064 - INFO - Processing 69704 PR records...
2026-09-18 14:50:24,064 - WARNING - Base CSV missing for PR 398: vega113_supawave_0f0fbcb1dc9df1f51906752f231f50e76d9d7de8.csv
2026-09-18 14:50:24,064 - WARNING - Target CSV missing for PR 398: vega113_supawave_64bab0ad8213bd38577c27eb0f965065bb6d2b30.csv
2026-09-18 14:50:24,064 - WARNING - Base CSV missing for PR 127032: elastic_elasticsearch_492b036326b8c71a485d79ff3f1e6010372da915.csv
2026-09-18 14:50:24,064 - WARNING - Target CSV missing for PR 127032: elastic_elasticsearch_26254e3f42a6db629b04d23e2471d867eb4b0ff2.csv
2026-09-18 14:50:24,064 - WARNING - Base CSV missing for PR 4585: codenameone_CodenameOne_6965b93a750ebb7408e0831e1cc803bcaa219d76.csv
2026-09-18 14:50:24,064 - WARNING - Target CSV missing for PR 4585: codenameone_CodenameOne_f87b606bdc69f198794d5127008716e515ef549e.csv
2026-09-18 14:50:24,064 - WARNING - Base CSV missing for PR 4614: codenameone_CodenameOne_dbfbf5109da39100ffbdf370edf0035ca672d825.csv
2026-09-18 14:50:24,064 - WARNING - Target CSV missing for PR 4614: codenameone_CodenameOne_4773fee391c388fca5d745c07209dcf545c3e31a.csv
2026-09-18 14:50:24,064 - WARNING - Base CSV missing for PR 130363: elastic_elasticsearch_2404dac592cb431ab89ea97e6e36899a5d4a7d06.csv
2026-09-18 14:50:24,064 - WARNING - Target CSV missing for PR 130363: elastic_elasticsearch_a69c48477f2fbca93115613c2b512e8b469142e3.csv
2026-09-18 14:50:24,064 - WARNING - Base CSV missing for PR 383: vega113_supawave_da3bcd33fb239978edd8944bc3895780410feace.csv
2026-09-18 14:50:24,064 - WARNING - Target CSV missing for PR 383: vega113_supawave_707a1431fe4630c46168da395e66fa583c93385b.csv
2026-09-18 14:50:24,064 - WARNING - Base CSV missing for PR 393: vega113_supawave_5e94125c033d1347e0eaf386a8149649093f29d0.csv
2026-09-18 14:50:24,064 - WARNING - Target CSV missing for PR 393: vega113_supawave_57f067c2c1efd54f4889f34f5efe0d95eda2c12f.csv
2026-09-18 14:50:24,064 - WARNING - Base CSV missing for PR 125425: elastic_elasticsearch_0f748387fcb1827606c034a230eb97d957c16028.csv
2026-09-18 14:50:24,064 - WARNING - Target CSV missing for PR 125425: elastic_elasticsearch_4b83879f7c7190d45d959d2c48cf2ec5911ac671.csv
2026-09-18 14:50:24,064 - WARNING - Base CSV missing for PR 125426: elastic_elasticsearch_ab8b1f0d5c1632e82c5803d3f60418060397b172.csv
2026-09-18 14:50:24,064 - WARNING - Target CSV missing for PR 125426: elastic_elasticsearch_a8c1067303440edce40c24bcde9b53dd1d624c59.csv
2026-09-18 14:50:24,064 - WARNING - Base CSV missing for PR 4616: codenameone_CodenameOne_4773fee391c388fca5d745c07209dcf545c3e31a.csv
2026-09-18 14:50:24,064 - WARNING - Target CSV missing for PR 4616: codenameone_CodenameOne_9f2b86e126c0db38cc846f1340f4572bdba68be8.csv
2026-09-18 14:50:24,064 - WARNING - Base CSV missing for PR 390: vega113_supawave_93b4a5de590fa7857e1388b1c90c29dd707e8954.csv
2026-09-18 14:50:24,064 - WARNING - Target CSV missing for PR 390: vega113_supawave_460be3d8e49a1f96dcab11ee26e4ccce966775ed.csv
2026-09-18 14:50:24,064 - WARNING - Base CSV missing for PR 4684: codenameone_CodenameOne_9a4d8cdbe9da1cbc75dea6b1fd85f11e15ce89b0.csv
2026-09-18 14:50:24,064 - WARNING - Target CSV missing for PR 4684: codenameone_CodenameOne_b47e2065300ac38c5b94c7d90dba06b1cad95f87.csv
2026-09-18 14:50:24,064 - WARNING - Base CSV missing for PR 874: vega113_supawave_204f85ebcf0cc3d38a054f5bf300421aa4fa622f.csv
2026-09-18 14:50:24,064 - WARNING - Target CSV missing for PR 874: vega113_supawave_4007987a158abaaaf3ce946406dae56af95f716e.csv
2026-09-18 14:50:24,064 - WARNING - Base CSV missing for PR 125427: elastic_elasticsearch_7098e6cbf1fc9d48697d732c3359944d1edd70a3.csv
2026-09-18 14:50:24,064 - WARNING - Target CSV missing for PR 125427: elastic_elasticsearch_8a66a0c8ad242bf77c5e369889babbb3f822280b.csv
2026-09-18 14:50:24,064 - WARNING - Base CSV missing for PR 144: vega113_supawave_b85a5542940ba14db7fc0497b22ef4a77daf74e3.csv
2026-09-18 14:50:24,064 - WARNING - Target CSV missing for PR 144: vega113_supawave_fafd49e95e2e6a1b013a4aaaa222876d1274d430.csv
2026-09-18 14:50:24,064 - WARNING - Base CSV missing for PR 122172: elastic_elasticsearch_17baef4d5385317383a266cce485cbc94389a8b7.csv
2026-09-18 14:50:24,064 - WARNING - Target CSV missing for PR 122172: elastic_elasticsearch_622c3c924d81c09a536bb694df78697b490fd1bb.csv
2026-09-18 14:50:24,065 - WARNING - Base CSV missing for PR 4678: codenameone_CodenameOne_551bf749aa52fd9192b0bd749002e7f737ea5e7b.csv
2026-09-18 14:50:24,065 - WARNING - Target CSV missing for PR 4678: codenameone_CodenameOne_7b53d5c926dfeac60c155f3105f7de2b598a9160.csv
2026-09-18 14:50:24,065 - WARNING - Base CSV missing for PR 4648: codenameone_CodenameOne_534d3322e56f3fa579eb0e8ea96e30a3f8f989d6.csv
2026-09-18 14:50:24,065 - WARNING - Target CSV missing for PR 4648: codenameone_CodenameOne_2f5dd00a6405835afdc596b41c46e048b145aa19.csv
2026-09-18 14:50:24,065 - WARNING - Base CSV missing for PR 4654: codenameone_CodenameOne_a6a116e8dbb6727c455384049dbcaee20134df34.csv
2026-09-18 14:50:24,065 - WARNING - Target CSV missing for PR 4654: codenameone_CodenameOne_d33f6db9f96d9400e01cc45a98f1c4d8a80c5b29.csv
2026-09-18 14:50:24,065 - WARNING - Base CSV missing for PR 199: vega113_supawave_1a7cd9b6251d5df5dac3cb5fc99a3d01960ca586.csv
2026-09-18 14:50:24,065 - WARNING - Target CSV missing for PR 199: vega113_supawave_a4d461db0cc2314defece5d7952c44b71c4b1afa.csv
2026-09-18 14:50:24,065 - WARNING - Base CSV missing for PR 4659: codenameone_CodenameOne_d615f1c776d0b163ca1a784229adb4ec2ae6c666.csv
2026-09-18 14:50:24,065 - WARNING - Target CSV missing for PR 4659: codenameone_CodenameOne_c653c82561f8389fed6df9f7e5185682dfdbc543.csv
2026-09-18 14:50:24,065 - WARNING - Base CSV missing for PR 4696: codenameone_CodenameOne_c1386ece6261678130f397204bd4dd16376b2daf.csv
2026-09-18 14:50:24,065 - WARNING - Target CSV missing for PR 4696: codenameone_CodenameOne_61ae48f8517f74c5ee3259a2d6d8ada6c2e4b15f.csv
2026-09-18 14:50:24,065 - WARNING - Base CSV missing for PR 125435: elastic_elasticsearch_4b83879f7c7190d45d959d2c48cf2ec5911ac671.csv
2026-09-18 14:50:24,065 - WARNING - Target CSV missing for PR 125435: elastic_elasticsearch_c50e68185abf77fff0d1464bd43a7da5b7641efd.csv
2026-09-18 14:50:24,065 - WARNING - Base CSV missing for PR 122173: elastic_elasticsearch_9afe4a0f8eca121c8edc54b4ca0a3f0dcec4487f.csv
2026-09-18 14:50:24,065 - WARNING - Target CSV missing for PR 122173: elastic_elasticsearch_bf6109bae9f4cf8b372b30b3fcb3172d703fc0e9.csv
2026-09-18 14:50:24,065 - WARNING - Base CSV missing for PR 784: vega113_supawave_203e6da20641705004bf213f94dfaefd75372b37.csv
2026-09-18 14:50:24,065 - WARNING - Target CSV missing for PR 784: vega113_supawave_780d4c6f8b33a0764495cac1318b72162d8ec2d8.csv
2026-09-18 14:50:24,065 - WARNING - Base CSV missing for PR 125434: elastic_elasticsearch_a8c1067303440edce40c24bcde9b53dd1d624c59.csv
2026-09-18 14:50:24,065 - WARNING - Target CSV missing for PR 125434: elastic_elasticsearch_a75bf3b891c476369a5e52a032e001325b08b0f5.csv
2026-09-18 14:50:24,065 - WARNING - Base CSV missing for PR 131008: elastic_elasticsearch_8bcb0c4c652a9e102a0831ea1ebad7d73a18d78e.csv
2026-09-18 14:50:24,065 - WARNING - Target CSV missing for PR 131008: elastic_elasticsearch_a436dbedd3ca53d84fd1a59810fd2eb9d70b2fa4.csv
2026-09-18 14:50:24,065 - WARNING - Base CSV missing for PR 789: vega113_supawave_ffcc94b8207184c27dc8029eba0fc26bebe89009.csv
2026-09-18 14:50:24,065 - WARNING - Target CSV missing for PR 789: vega113_supawave_431d2ec605198b37c99ecf47884fc96f70570bc3.csv
2026-09-18 14:50:24,065 - WARNING - Base CSV missing for PR 122096: elastic_elasticsearch_e1f8b51648cbfcf075dcb0c0ef5705d7e3904a1f.csv
2026-09-18 14:50:24,065 - WARNING - Target CSV missing for PR 122096: elastic_elasticsearch_1b9249938d8722b00e5d3d7baf3412c821e3f5e5.csv
2026-09-18 14:50:24,065 - WARNING - Base CSV missing for PR 792: vega113_supawave_28f5e9374f51035c7351a72dd757fa2452a3b726.csv
2026-09-18 14:50:24,065 - WARNING - Target CSV missing for PR 792: vega113_supawave_60e03fb72e1f24106a638121a464d50edc58ee47.csv
2026-09-18 14:50:24,065 - WARNING - Base CSV missing for PR 793: vega113_supawave_066e49891abb5a6c0f41d6f33f23f3f491b90cf8.csv
2026-09-18 14:50:24,065 - WARNING - Target CSV missing for PR 793: vega113_supawave_ff738542e76b1e6b3b04e21fad2c7f0429555c5b.csv
2026-09-18 14:50:24,065 - WARNING - Base CSV missing for PR 130776: elastic_elasticsearch_3a5c74f04d039fae1777892cfad7a74184fd1a97.csv
2026-09-18 14:50:24,065 - WARNING - Target CSV missing for PR 130776: elastic_elasticsearch_0a79b4c2cea686e14d6d0e04ce7d88664788e924.csv
2026-09-18 14:50:24,065 - WARNING - Base CSV missing for PR 127033: elastic_elasticsearch_c662590b6d51592eeac1bc8b66793659ac735880.csv
2026-09-18 14:50:24,065 - WARNING - Target CSV missing for PR 127033: elastic_elasticsearch_09541c596acb405bd676c58fcc05e31d331619e6.csv
2026-09-18 14:50:24,065 - WARNING - Base CSV missing for PR 805: vega113_supawave_b30f66b87f613654486116209b011bc2d2353a38.csv
2026-09-18 14:50:24,065 - WARNING - Target CSV missing for PR 805: vega113_supawave_626d83a71ca1b7769db438403e97c66c04ebe6df.csv
2026-09-18 14:50:24,065 - WARNING - Base CSV missing for PR 794: vega113_supawave_ff738542e76b1e6b3b04e21fad2c7f0429555c5b.csv
2026-09-18 14:50:24,065 - WARNING - Target CSV missing for PR 794: vega113_supawave_c5ed2730bfb3fb4f272640ee8e7ea86cb27c18d1.csv
2026-09-18 14:50:24,065 - WARNING - Base CSV missing for PR 16468: gravitee-io_gravitee-api-management_abc2af59a7064a3359c9bcd1994fed7ba5bbbf3a.csv
2026-09-18 14:50:24,065 - WARNING - Target CSV missing for PR 16468: gravitee-io_gravitee-api-management_567fb5d938b5644719f1884a0ca50a29c529cd00.csv
2026-09-18 14:50:24,065 - WARNING - Base CSV missing for PR 825: vega113_supawave_817c1ceb5b3f68dbce4edbc218f8a947567f32ee.csv
2026-09-18 14:50:24,065 - WARNING - Target CSV missing for PR 825: vega113_supawave_6a3fb23a565e6f2788ee03afe245be687e19c02a.csv
2026-09-18 14:50:24,065 - WARNING - Base CSV missing for PR 847: vega113_supawave_6b46f286b9ab87725c528a5e13df6b56c3d214d8.csv
2026-09-18 14:50:24,065 - WARNING - Target CSV missing for PR 847: vega113_supawave_635533c273d034350600dfe454094d330bead4bc.csv
2026-09-18 14:50:24,065 - WARNING - Base CSV missing for PR 849: vega113_supawave_635533c273d034350600dfe454094d330bead4bc.csv
2026-09-18 14:50:24,065 - WARNING - Target CSV missing for PR 849: vega113_supawave_95591efd854c17f37263e46bd4587ed78abe7f4b.csv
2026-09-18 14:50:24,065 - WARNING - Base CSV missing for PR 125437: elastic_elasticsearch_a58d8e09f3b484a4a54551e475ace36b2e1a6a1d.csv
2026-09-18 14:50:24,065 - WARNING - Target CSV missing for PR 125437: elastic_elasticsearch_fd7efe587e3a18df9e841c596a64a5a5d6f7fbb5.csv
2026-09-18 14:50:24,065 - WARNING - Base CSV missing for PR 857: vega113_supawave_0a739fb8ea39ffa594b4777b3a3becc5650b91c0.csv
2026-09-18 14:50:24,065 - WARNING - Target CSV missing for PR 857: vega113_supawave_1df3a5802eeaed0bccac26913b6227cb995e326a.csv
2026-09-18 14:50:24,065 - WARNING - Base CSV missing for PR 859: vega113_supawave_0a739fb8ea39ffa594b4777b3a3becc5650b91c0.csv
2026-09-18 14:50:24,065 - WARNING - Target CSV missing for PR 859: vega113_supawave_05c3e261133c6eb65c68f45726edd51d135d2d52.csv
2026-09-18 14:50:24,065 - WARNING - Base CSV missing for PR 890: vega113_supawave_683327159c06f4ef45b7c46f6b78004a62bd9c8d.csv
2026-09-18 14:50:24,065 - WARNING - Target CSV missing for PR 890: vega113_supawave_2a34698c961f2fa541bc60cbedbc24b0698b3db5.csv
2026-09-18 14:50:24,065 - WARNING - Base CSV missing for PR 916: vega113_supawave_f3737a54aef7ecb8a9ad30ab45c149cfb0360176.csv
2026-09-18 14:50:24,065 - WARNING - Target CSV missing for PR 916: vega113_supawave_b631d9d760b7ced31f79bd3120f0d936129c01b3.csv
2026-09-18 14:50:24,065 - WARNING - Base CSV missing for PR 939: vega113_supawave_387d436a1f61e7504f167fc99b612096822afb29.csv
2026-09-18 14:50:24,065 - WARNING - Target CSV missing for PR 939: vega113_supawave_284d1cb12c8906aaa006fdbf0704d69c50290123.csv
2026-09-18 14:50:24,065 - WARNING - Base CSV missing for PR 941: vega113_supawave_b6af8293bcd2f2e0faf89e05bfd1aca7fe9d8ce1.csv
2026-09-18 14:50:24,066 - WARNING - Target CSV missing for PR 941: vega113_supawave_5013c63824c4159d6e75f14be2871cfe0576b1a6.csv
2026-09-18 14:50:24,066 - WARNING - Base CSV missing for PR 950: vega113_supawave_21318cff5c45b7a8d9faa8a09079621dfc6baed5.csv
2026-09-18 14:50:24,066 - WARNING - Target CSV missing for PR 950: vega113_supawave_db2241f6c8188e99a7fbe37519d61b0848443a0d.csv
2026-09-18 14:50:24,066 - WARNING - Base CSV missing for PR 997: vega113_supawave_238f5ad75f26a37a6d46ef452693b81a6bc6c560.csv
2026-09-18 14:50:24,066 - WARNING - Target CSV missing for PR 997: vega113_supawave_b2873c3a857b00d3961caaabbba9d1d8869746d0.csv
2026-09-18 14:50:24,066 - WARNING - Base CSV missing for PR 999: vega113_supawave_aeff5501de3d70df2aeb2520143bb0b00389361c.csv
2026-09-18 14:50:24,066 - WARNING - Target CSV missing for PR 999: vega113_supawave_1365c514c7436f3ba78cd1e028eba25ca6f4190e.csv
2026-09-18 14:50:24,066 - WARNING - Base CSV missing for PR 1001: vega113_supawave_ecbf6cab6cc40d1822b81e5e63d57ed0eddba9e2.csv
2026-09-18 14:50:24,066 - WARNING - Target CSV missing for PR 1001: vega113_supawave_0cb5c0c93b0b4ace6597d814a6f76d77d4e18bce.csv
2026-09-18 14:50:24,066 - WARNING - Base CSV missing for PR 1002: vega113_supawave_ecbf6cab6cc40d1822b81e5e63d57ed0eddba9e2.csv
2026-09-18 14:50:24,066 - WARNING - Target CSV missing for PR 1002: vega113_supawave_d7ea91813a22aaf3c48d50817857765733c1ec53.csv
2026-09-18 14:50:24,066 - WARNING - Base CSV missing for PR 127038: elastic_elasticsearch_75f8e4a97b148c2ab2cac6090286a0eaca270751.csv
2026-09-18 14:50:24,066 - WARNING - Target CSV missing for PR 127038: elastic_elasticsearch_f461f90d48b5317851e7c813cb8676e3a8b8a24f.csv
2026-09-18 14:50:24,066 - WARNING - Base CSV missing for PR 1003: vega113_supawave_d7ea91813a22aaf3c48d50817857765733c1ec53.csv
2026-09-18 14:50:24,066 - WARNING - Target CSV missing for PR 1003: vega113_supawave_b49a664f9ab117b142e16f17b8350f485f0ea61f.csv
2026-09-18 14:50:24,066 - WARNING - Base CSV missing for PR 1009: vega113_supawave_d3f13547084a4aaac15749187b0eabf0c63b8c15.csv
2026-09-18 14:50:24,066 - WARNING - Target CSV missing for PR 1009: vega113_supawave_f47b436107790859ade60d0d34fe8c297b630e02.csv
2026-09-18 14:50:24,066 - WARNING - Base CSV missing for PR 1020: vega113_supawave_f561d3d759edf024ba92360fcce52c6f3e5f10ef.csv
2026-09-18 14:50:24,066 - WARNING - Target CSV missing for PR 1020: vega113_supawave_dada1f5e64ea82ba3a8948ed48ffc1c2eac9a421.csv
2026-09-18 14:50:24,066 - WARNING - Base CSV missing for PR 1024: vega113_supawave_40cae99e1da7eeae700ebb2609b26929957b0f31.csv
2026-09-18 14:50:24,066 - WARNING - Target CSV missing for PR 1024: vega113_supawave_9a264ca9ecb7e7f3edff8f23a12c808ceaecede1.csv
2026-09-18 14:50:24,066 - WARNING - Base CSV missing for PR 1434: ta4j_ta4j_8d3191693ac333501be257ac92d9a0a892fedc98.csv
2026-09-18 14:50:24,066 - WARNING - Target CSV missing for PR 1434: ta4j_ta4j_b112d34b0c676cebf966b70c674501f4e8795c31.csv
2026-09-18 14:50:24,066 - WARNING - Base CSV missing for PR 1134: vega113_supawave_869b90743b96b7d3e42625eada2d7db9e0594051.csv
2026-09-18 14:50:24,066 - WARNING - Target CSV missing for PR 1134: vega113_supawave_98e6151ef9c769aa5438092f3725bfb8236b7406.csv
2026-09-18 14:50:24,066 - WARNING - Base CSV missing for PR 1443: ta4j_ta4j_d0ef59e7c0072e972c9f24607d349e20e61dc6cb.csv
2026-09-18 14:50:24,066 - WARNING - Target CSV missing for PR 1443: ta4j_ta4j_1fa097ef21e353806fd37305b694799becb89683.csv
2026-09-18 14:50:24,066 - WARNING - Base CSV missing for PR 71934: StarRocks_starrocks_0a3ce2aedfd795cb90a2796dda8221aac6ea72b0.csv
2026-09-18 14:50:24,066 - WARNING - Target CSV missing for PR 71934: StarRocks_starrocks_76d5bae3c261a03dd7cd25cc9144ee4f4e0fe0d5.csv
2026-09-18 14:50:24,066 - WARNING - Base CSV missing for PR 1446: ta4j_ta4j_9a034b8630b861be7a09ff9fe00562abca7b3ff2.csv
2026-09-18 14:50:24,066 - WARNING - Target CSV missing for PR 1446: ta4j_ta4j_89cd2271d47074d738d405207404804de43274ad.csv
2026-09-18 14:50:24,066 - WARNING - Base CSV missing for PR 131019: elastic_elasticsearch_ce51a8406335f9edc6abb8661dcd6717c153251c.csv
2026-09-18 14:50:24,066 - WARNING - Target CSV missing for PR 131019: elastic_elasticsearch_f1835ded8dc3e48f5ee1ab4201b12c0051a0f541.csv
2026-09-18 14:50:24,066 - WARNING - Base CSV missing for PR 1468: ta4j_ta4j_161f765668d92ec9124bf4385fc6e3e48e086017.csv
2026-09-18 14:50:24,066 - WARNING - Target CSV missing for PR 1468: ta4j_ta4j_1a1bec933db078ed7249705b89eb3182d22a0c34.csv
2026-09-18 14:50:24,066 - WARNING - Base CSV missing for PR 1157: vega113_supawave_73948bda9af21cf8a3b96c68e634bfb50cf450aa.csv
2026-09-18 14:50:24,066 - WARNING - Target CSV missing for PR 1157: vega113_supawave_67207336453ad64a5384786dfcb53a75228c6dd7.csv
2026-09-18 14:50:24,066 - WARNING - Base CSV missing for PR 1476: ta4j_ta4j_7c38e4fec40d52e68bd929d169d5c650f64c5086.csv
2026-09-18 14:50:24,066 - WARNING - Target CSV missing for PR 1476: ta4j_ta4j_d3c1012571dfd5dbfc5f4fff3802f223b2901789.csv
2026-09-18 14:50:24,066 - WARNING - Base CSV missing for PR 664: vega113_supawave_bb61c03d2c816734d8d49d831769a0ca883c737e.csv
2026-09-18 14:50:24,066 - WARNING - Target CSV missing for PR 664: vega113_supawave_f19de4e7f314eb2788a95585cbe1acf60352614e.csv
2026-09-18 14:50:24,066 - WARNING - Base CSV missing for PR 122083: elastic_elasticsearch_da2996d20c39b8f8254ace8a0f7c3815992d94f0.csv
2026-09-18 14:50:24,066 - WARNING - Target CSV missing for PR 122083: elastic_elasticsearch_a18856ed4bbd13dbde1c92032d375286c15230a2.csv
2026-09-18 14:50:24,066 - WARNING - Base CSV missing for PR 1352: ta4j_ta4j_280bbafa9a6abcd30aa603e52d5e881f1ecac9ec.csv
2026-09-18 14:50:24,066 - WARNING - Target CSV missing for PR 1352: ta4j_ta4j_b4a89da38687817acd4e72b52768de12fac3d2da.csv
2026-09-18 14:50:24,066 - WARNING - Base CSV missing for PR 1363: ta4j_ta4j_47a08bcd990ae4ff851ac9ce948fc71734efdf5b.csv
2026-09-18 14:50:24,066 - WARNING - Target CSV missing for PR 1363: ta4j_ta4j_cca0bb02dde3b68ea9b61498623835c669cae527.csv
2026-09-18 14:50:24,066 - WARNING - Base CSV missing for PR 125455: elastic_elasticsearch_33dc75fede1e7b39d44a613c6b96509b1dab74ef.csv
2026-09-18 14:50:24,066 - WARNING - Target CSV missing for PR 125455: elastic_elasticsearch_5a945d6699abf43d274f46500f1d25b4f94b12bf.csv
2026-09-18 14:50:24,066 - WARNING - Base CSV missing for PR 32: vega113_supawave_6f1c09c0d417eca9a260c47a681bfc3545a5783b.csv
2026-09-18 14:50:24,066 - WARNING - Target CSV missing for PR 32: vega113_supawave_f4a3f690bbd5252e5c3127a825823875f19f8b5f.csv
2026-09-18 14:50:24,066 - WARNING - Base CSV missing for PR 58: vega113_supawave_c1061fe2baaf4d51828c569c10cba469bcd69a19.csv
2026-09-18 14:50:24,066 - WARNING - Target CSV missing for PR 58: vega113_supawave_70b4c0ddf79c235958bf5783ffc476a3127cd812.csv
2026-09-18 14:50:24,066 - WARNING - Base CSV missing for PR 35811: apache_shardingsphere_3f1ba332685d23438ba111d18e20c73d182b4045.csv
2026-09-18 14:50:24,066 - WARNING - Target CSV missing for PR 35811: apache_shardingsphere_69170594ce5e1f6d540502ed2b23a607e82b50f1.csv
2026-09-18 14:50:24,066 - WARNING - Base CSV missing for PR 1089: vega113_supawave_95b1b4e51c112d97bc157c78056cd0deaa831eeb.csv
2026-09-18 14:50:24,066 - WARNING - Target CSV missing for PR 1089: vega113_supawave_27a8010cfebb837d81fc3a1ee5eac809a35e6511.csv
2026-09-18 14:50:24,066 - WARNING - Base CSV missing for PR 122097: elastic_elasticsearch_cfc9369bfb5f1efc0008558644f723b2faa71893.csv
2026-09-18 14:50:24,066 - WARNING - Target CSV missing for PR 122097: elastic_elasticsearch_fbce9c5217181e674eb626beca871744bb719c00.csv
2026-09-18 14:50:24,066 - WARNING - Base CSV missing for PR 35821: apache_shardingsphere_ed22868a3d99cebcdce8b6c47c1ba97247bd11a1.csv
2026-09-18 14:50:24,067 - WARNING - Target CSV missing for PR 35821: apache_shardingsphere_3c4ee1a55af2269a1366d5fe1e0248f685d6a8a2.csv
2026-09-18 14:50:24,067 - WARNING - Base CSV missing for PR 130801: elastic_elasticsearch_6fded6c72e444601e6eebd7cd94539479900604b.csv
2026-09-18 14:50:24,067 - WARNING - Target CSV missing for PR 130801: elastic_elasticsearch_f60c8773f4800674a0c7544f73c753def5240a67.csv
2026-09-18 14:50:24,067 - WARNING - Base CSV missing for PR 360: jawkio_jawk_7750440d3266eb316785f929ff6ac16153e25bdc.csv
2026-09-18 14:50:24,067 - WARNING - Target CSV missing for PR 360: jawkio_jawk_6b7bdf9664bd37eb87bdcb9d4a22e465fd3be4e9.csv
2026-09-18 14:50:24,067 - WARNING - Base CSV missing for PR 303: vega113_supawave_7aa64b213854a9d76d0b61979fa20a74fab6a7b3.csv
2026-09-18 14:50:24,067 - WARNING - Target CSV missing for PR 303: vega113_supawave_179d47718b4b8ab57190da1ea2bf309e81a94485.csv
2026-09-18 14:50:24,067 - WARNING - Base CSV missing for PR 13252: gravitee-io_gravitee-api-management_fe6aa2573aa9ab87783a20ff74a6b069002dc547.csv
2026-09-18 14:50:24,067 - WARNING - Target CSV missing for PR 13252: gravitee-io_gravitee-api-management_e27be9136a798ce7f07724cbb70b2d1f4e8d1c47.csv
2026-09-18 14:50:24,067 - WARNING - Base CSV missing for PR 122098: elastic_elasticsearch_d880246a35bc66f7be4c92efdbb0d23faa15bbae.csv
2026-09-18 14:50:24,067 - WARNING - Target CSV missing for PR 122098: elastic_elasticsearch_eab1b3fe0ae7d321e1bff49018888f63fe2c9e01.csv
2026-09-18 14:50:24,068 - WARNING - Base CSV missing for PR 877: vega113_supawave_869098e91dc8b89a72a10e3b27b6fee13791a8ed.csv
2026-09-18 14:50:24,068 - WARNING - Target CSV missing for PR 877: vega113_supawave_3cbd749c6254a2aaddc9558d49a9812711cca915.csv
2026-09-18 14:50:24,068 - WARNING - Base CSV missing for PR 1147: vega113_supawave_68b5dec3567bfe7c00d7319a190080f7e4fb1066.csv
2026-09-18 14:50:24,068 - WARNING - Target CSV missing for PR 1147: vega113_supawave_58b0d412b897395669088f607a6cd935f61760fd.csv
2026-09-18 14:50:24,068 - WARNING - Base CSV missing for PR 1150: vega113_supawave_e7de8e1b8d95160b3869eb33a4cafd2b5050f4bc.csv
2026-09-18 14:50:24,068 - WARNING - Target CSV missing for PR 1150: vega113_supawave_b8daac534c409840a467ff29ea0e5f8aa7e576c3.csv
2026-09-18 14:50:24,068 - WARNING - Base CSV missing for PR 59: dogeared_tnra_5bc9ab52ed909739acab36cd52c4dc82d050237b.csv
2026-09-18 14:50:24,068 - WARNING - Target CSV missing for PR 59: dogeared_tnra_2f47c9ecd51574d615458d1e520eb5b8f36144f9.csv
2026-09-18 14:50:24,068 - WARNING - Base CSV missing for PR 97: dogeared_tnra_ab3902bfdf585fe274392e2ba903dcbbb298f7e2.csv
2026-09-18 14:50:24,068 - WARNING - Target CSV missing for PR 97: dogeared_tnra_2b45836e4ff1937961dd623947df22c4bd0b2c1f.csv
2026-09-18 14:50:24,068 - WARNING - Base CSV missing for PR 103: dogeared_tnra_0789e9b20a0f444a3bc0c00429f5a0c73d9876bb.csv
2026-09-18 14:50:24,068 - WARNING - Target CSV missing for PR 103: dogeared_tnra_911a2d55966653ae0815f76f696441936302e9f2.csv
2026-09-18 14:50:24,068 - WARNING - Base CSV missing for PR 122088: elastic_elasticsearch_8666ef03ad3fb3eaa29947ae447f94649a0f9528.csv
2026-09-18 14:50:24,068 - WARNING - Target CSV missing for PR 122088: elastic_elasticsearch_d880246a35bc66f7be4c92efdbb0d23faa15bbae.csv
2026-09-18 14:50:24,068 - WARNING - Base CSV missing for PR 127079: elastic_elasticsearch_16cd8a296860ffe5c79fae940a0a9a3d3d1843a6.csv
2026-09-18 14:50:24,068 - WARNING - Target CSV missing for PR 127079: elastic_elasticsearch_0d376770308c6c9ab7d460b7cf39861559a309b8.csv
2026-09-18 14:50:24,068 - WARNING - Base CSV missing for PR 115: dogeared_tnra_df16af2dec89760ebe31beae5e395c0c68f82bb1.csv
2026-09-18 14:50:24,068 - WARNING - Target CSV missing for PR 115: dogeared_tnra_76c9b37c96758ae8dcabad327cd073a7977b1627.csv
2026-09-18 14:50:24,068 - WARNING - Base CSV missing for PR 127082: elastic_elasticsearch_d5332ce2bc97bae9327cbc774c9880d22f6588ae.csv
2026-09-18 14:50:24,068 - WARNING - Target CSV missing for PR 127082: elastic_elasticsearch_0d2bc75301c2d177dff5f611ee471a4a4fc0a7d1.csv
2026-09-18 14:50:24,068 - WARNING - Base CSV missing for PR 120: dogeared_tnra_83e7dc03d9e38a4de58d756e8126a17582d5ed3a.csv
2026-09-18 14:50:24,068 - WARNING - Target CSV missing for PR 120: dogeared_tnra_fbc22ba4a85d8bf481860dcd15b4ac7dfe38122d.csv
2026-09-18 14:50:24,068 - WARNING - Base CSV missing for PR 127084: elastic_elasticsearch_2eb2c1e26c57b3eea7af4e3bfb28d6bf392d032b.csv
2026-09-18 14:50:24,068 - WARNING - Target CSV missing for PR 127084: elastic_elasticsearch_cac61e7832861edcada8b42395cdff4fcac848a9.csv
2026-09-18 14:50:24,068 - WARNING - Base CSV missing for PR 131029: elastic_elasticsearch_df953262d3428a0ee1fee5a4bb7fc541c6edd05a.csv
2026-09-18 14:50:24,068 - WARNING - Target CSV missing for PR 131029: elastic_elasticsearch_f1f88eb8dc3fb6170bdbd77046d542a29a9ff6c1.csv
2026-09-18 14:50:24,068 - WARNING - Base CSV missing for PR 136: dogeared_tnra_99e356fd5076d6b933bd319043403af9c8524f05.csv
2026-09-18 14:50:24,068 - WARNING - Target CSV missing for PR 136: dogeared_tnra_aee2fcd387a2310e66ae738b0790a44e249e92e3.csv
2026-09-18 14:50:24,068 - WARNING - Base CSV missing for PR 118: dogeared_tnra_02fa395e06116fa676c680f721c330f4a5a681e7.csv
2026-09-18 14:50:24,068 - WARNING - Target CSV missing for PR 118: dogeared_tnra_046e19542f3a6d5cf10dd1e012fc38145a0b21a4.csv
2026-09-18 14:50:24,068 - WARNING - Base CSV missing for PR 135: dogeared_tnra_e42be6482069f986b105a8b6fa6dd897141a6329.csv
2026-09-18 14:50:24,068 - WARNING - Target CSV missing for PR 135: dogeared_tnra_99e356fd5076d6b933bd319043403af9c8524f05.csv
2026-09-18 14:50:24,069 - WARNING - Base CSV missing for PR 738: eclipse-lyo_lyo_ff5c736ff7395b5e5232a444be4472c1abb33f23.csv
2026-09-18 14:50:24,071 - WARNING - Target CSV missing for PR 738: eclipse-lyo_lyo_7fe1216d8b6adf96b400ab9b3c6180c8ba2a37e9.csv
2026-09-18 14:50:24,071 - WARNING - Base CSV missing for PR 21716: vaadin_flow_5513b249b8ba1ae5805acaf86fda164adc672c25.csv
2026-09-18 14:50:24,071 - WARNING - Target CSV missing for PR 21716: vaadin_flow_61d3b8ee9bcbbef1af45731b6586e8982a3c5ee4.csv
2026-09-18 14:50:24,071 - WARNING - Base CSV missing for PR 1702: bcgov_nr-forest-client_acc534458708a6b53f737577d4497486838f8aba.csv
2026-09-18 14:50:24,071 - WARNING - Target CSV missing for PR 1702: bcgov_nr-forest-client_4384a4ad1527692d567d616b79c17a9fff2e3fdc.csv
2026-09-18 14:50:24,071 - WARNING - Base CSV missing for PR 855: eclipse-lyo_lyo_77045ab353f531b514412f0d3dad7d55dac470a9.csv
2026-09-18 14:50:24,071 - WARNING - Target CSV missing for PR 855: eclipse-lyo_lyo_ba6a7963e4f0d2b60c09719cbd687dbf36decd51.csv
2026-09-18 14:50:24,071 - WARNING - Base CSV missing for PR 1479: ta4j_ta4j_4ae98bb85d5d93a0cc8340913c1609e894e2e058.csv
2026-09-18 14:50:24,071 - WARNING - Target CSV missing for PR 1479: ta4j_ta4j_f07cd8bf0cb69d7922e624bd36f5ffd3e6e569fd.csv
2026-09-18 14:50:24,071 - WARNING - Base CSV missing for PR 798: nagisa77_OpenIsle_59232f99ca00c724a0172121e77ac8dfccef2872.csv
2026-09-18 14:50:24,071 - WARNING - Target CSV missing for PR 798: nagisa77_OpenIsle_ef71d0b3d46ea377af834fdb3b817d86a19a144d.csv
2026-09-18 14:50:24,071 - WARNING - Base CSV missing for PR 883: eclipse-lyo_lyo_727bd9fd1978326164e45b486a179543ca0ea887.csv
2026-09-18 14:50:24,071 - WARNING - Target CSV missing for PR 883: eclipse-lyo_lyo_b2c3a9254e1da9209a99df04a64c091b4e69921d.csv
2026-09-18 14:50:24,071 - WARNING - Base CSV missing for PR 880: eclipse-lyo_lyo_4d2c1b3e6a86f7d7953a64f46c79f3a6ee95cef5.csv
2026-09-18 14:50:24,071 - WARNING - Target CSV missing for PR 880: eclipse-lyo_lyo_5f1911028c6cc0532e7086daedad13731444b9c3.csv
2026-09-18 14:50:24,071 - WARNING - Base CSV missing for PR 125454: elastic_elasticsearch_079f1c7b4274f82f74d19f9fc3a1682a0c2afcf5.csv
2026-09-18 14:50:24,071 - WARNING - Target CSV missing for PR 125454: elastic_elasticsearch_0a0fde0bba19a7eabc5e4a6e0576c93d22b2b0be.csv
2026-09-18 14:50:24,071 - WARNING - Base CSV missing for PR 1847: wultra_powerauth-server_8e766d9a7dd24f165df5b36de741bea8f037ea58.csv
2026-09-18 14:50:24,071 - WARNING - Target CSV missing for PR 1847: wultra_powerauth-server_de6be032062ba9e5a1d33970a967189c6da70299.csv
2026-09-18 14:50:24,071 - WARNING - Base CSV missing for PR 1744: bcgov_nr-forest-client_91109b6707775ad4328de27042d01b43a8bce90c.csv
2026-09-18 14:50:24,071 - WARNING - Target CSV missing for PR 1744: bcgov_nr-forest-client_ba7f35434b9c8b7eeddaadd6e234eaec44c171ac.csv
2026-09-18 14:50:24,071 - WARNING - Base CSV missing for PR 2273: wultra_powerauth-server_f95d7c8cd2916bf6bc51bcf5fdaae918d2db5be5.csv
2026-09-18 14:50:24,071 - WARNING - Target CSV missing for PR 2273: wultra_powerauth-server_f3489c9d89766443dcb5d1c4d37dcc76cf91fefc.csv
2026-09-18 14:50:24,072 - WARNING - Base CSV missing for PR 1913: wultra_powerauth-server_404e3543fc21ad6852a793cefbda7a1b2b7d7962.csv
2026-09-18 14:50:24,072 - WARNING - Target CSV missing for PR 1913: wultra_powerauth-server_ac75ee87f553bb14e548393217241f02340c04a6.csv
2026-09-18 14:50:24,072 - WARNING - Base CSV missing for PR 2008: wultra_powerauth-server_d68c47c2e04c237919bacbe66e57dde0391e783f.csv
2026-09-18 14:50:24,072 - WARNING - Target CSV missing for PR 2008: wultra_powerauth-server_e46ae27e311af3d6fd52647d6e659e500b9d8cee.csv
2026-09-18 14:50:24,072 - WARNING - Base CSV missing for PR 2011: wultra_powerauth-server_aaf7e0c2e2515674855d56a22bffb29ae6d7d0e2.csv
2026-09-18 14:50:24,072 - WARNING - Target CSV missing for PR 2011: wultra_powerauth-server_a0beafe86952a41163e97d7eaf39b1fd5e3aa058.csv
2026-09-18 14:50:24,072 - WARNING - Base CSV missing for PR 2136: bcgov_nr-forest-client_03c7bf9fe465682c70964c845456cba86a93d8f4.csv
2026-09-18 14:50:24,072 - WARNING - Target CSV missing for PR 2136: bcgov_nr-forest-client_dbcd4ff8f52e5f64a780ca68ba89f545876e0f04.csv
2026-09-18 14:50:24,072 - WARNING - Base CSV missing for PR 3901: apache_solr_a3b5af4e55fb7857efe1846474dfdaa502cde873.csv
2026-09-18 14:50:24,072 - WARNING - Target CSV missing for PR 3901: apache_solr_2c55000296bb04e12e2bfae83eca7e5f11caba0e.csv
2026-09-18 14:50:24,073 - WARNING - Base CSV missing for PR 7: NazirSavysko_bank-rest-api-app_3ad002bf0f6413ede2ae147205f9a9136b1a6420.csv
2026-09-18 14:50:24,073 - WARNING - Target CSV missing for PR 7: NazirSavysko_bank-rest-api-app_2762ab0314033221116408f7f5cfeab0a136923c.csv
2026-09-18 14:50:24,073 - WARNING - Base CSV missing for PR 131030: elastic_elasticsearch_15d5fe01cc9700eff1fe4e27663de53300e7a89f.csv
2026-09-18 14:50:24,073 - WARNING - Target CSV missing for PR 131030: elastic_elasticsearch_7f902a29f06d8fbc6be317267388d535fa7d430c.csv
2026-09-18 14:50:24,073 - WARNING - Base CSV missing for PR 3923: apache_solr_b4f228b37bee176e8ab0adada4d11c3854b01a5e.csv
2026-09-18 14:50:24,073 - WARNING - Target CSV missing for PR 3923: apache_solr_153e4e47a358a813cf4db77b88c704436368fd92.csv
2026-09-18 14:50:24,073 - WARNING - Base CSV missing for PR 3937: apache_solr_5bb125f8b25509b2ac0306da1c154b607c0e389a.csv
2026-09-18 14:50:24,073 - WARNING - Target CSV missing for PR 3937: apache_solr_510cdcf05b6a2e5b874769e662508aa3a1da623f.csv
2026-09-18 14:50:24,073 - WARNING - Base CSV missing for PR 3944: apache_solr_79842fb7af4743ea2539bda1935928904c33767f.csv
2026-09-18 14:50:24,073 - WARNING - Target CSV missing for PR 3944: apache_solr_31ac7ae3d63c3edf2f4a55f5131f2848a14c5f5e.csv
2026-09-18 14:50:24,073 - WARNING - Base CSV missing for PR 4130: apache_solr_30fd00ce3263277c411d7e35abe6d71daa70feaa.csv
2026-09-18 14:50:24,073 - WARNING - Target CSV missing for PR 4130: apache_solr_8fd823ec89473f3400c9786b5934402657cd3f14.csv
2026-09-18 14:50:24,073 - WARNING - Base CSV missing for PR 3955: apache_solr_09dbcf213ca96c1128d5d6ccaa4158753309f918.csv
2026-09-18 14:50:24,073 - WARNING - Target CSV missing for PR 3955: apache_solr_0efab551b68973fae7aae741470ccc02e310d2f5.csv
2026-09-18 14:50:24,073 - WARNING - Base CSV missing for PR 157: PraweenAyeshmantha_pos-backend_e0ab526b8c6a335285db09e8db053586a27ba3df.csv
2026-09-18 14:50:24,073 - WARNING - Target CSV missing for PR 157: PraweenAyeshmantha_pos-backend_0393eda033d047644eba5bf72dde94973fbdc07a.csv
2026-09-18 14:50:24,073 - WARNING - Base CSV missing for PR 3957: apache_solr_4bbbe20898c43fc443d20d4297341cd8b1d1e593.csv
2026-09-18 14:50:24,073 - WARNING - Target CSV missing for PR 3957: apache_solr_a70d09cff0b262f5cf790cb58f5df78d557fef88.csv
2026-09-18 14:50:24,074 - WARNING - Base CSV missing for PR 4038: apache_solr_07f111ed74f92e1f2b8222803b6c79a3f4994da4.csv
2026-09-18 14:50:24,074 - WARNING - Target CSV missing for PR 4038: apache_solr_38c56e77d153b8df684d4065f597f38a8f26ee56.csv
2026-09-18 14:50:24,074 - WARNING - Base CSV missing for PR 2960: apache_solr_606fedc1046b94bcc08512f744f71e3adbdfa104.csv
2026-09-18 14:50:24,074 - WARNING - Target CSV missing for PR 2960: apache_solr_900bf3db86956e91879eb140101416ba79662bdb.csv
2026-09-18 14:50:24,074 - WARNING - Base CSV missing for PR 30: NazirSavysko_bank-rest-api-app_e7ecfbbba4a0da7ade236991d922c3aebc846ce9.csv
2026-09-18 14:50:24,074 - WARNING - Target CSV missing for PR 30: NazirSavysko_bank-rest-api-app_64cff0006dcc6b5fb1307e90f34c7ea378d10319.csv
2026-09-18 14:50:24,074 - WARNING - Base CSV missing for PR 4131: apache_solr_aae5b3a79d312a074b35cfdb5fa0420af4ca64e3.csv
2026-09-18 14:50:24,074 - WARNING - Target CSV missing for PR 4131: apache_solr_01fc236c70732319f0d688e0231f76c64744adf6.csv
2026-09-18 14:50:24,074 - WARNING - Base CSV missing for PR 2278: wultra_powerauth-server_52849426a84b7cb4aafe4137b4515bc94f48c770.csv
2026-09-18 14:50:24,074 - WARNING - Target CSV missing for PR 2278: wultra_powerauth-server_2c0c8625208dcf394736968ce9ba7e52fdda6c1d.csv
2026-09-18 14:50:24,074 - WARNING - Base CSV missing for PR 2277: wultra_powerauth-server_49da0a1055db971be0bb6dd39a4b6a04ad325beb.csv
2026-09-18 14:50:24,074 - WARNING - Target CSV missing for PR 2277: wultra_powerauth-server_52849426a84b7cb4aafe4137b4515bc94f48c770.csv
2026-09-18 14:50:24,075 - WARNING - Base CSV missing for PR 2313: wultra_powerauth-server_12bc14064ef7cca386b31547ab16030d8177fb00.csv
2026-09-18 14:50:24,075 - WARNING - Target CSV missing for PR 2313: wultra_powerauth-server_c4ab8a4be4a11bba52caa43d8cdacf7642f984b2.csv
2026-09-18 14:50:24,075 - WARNING - Base CSV missing for PR 127111: elastic_elasticsearch_75ddd8b248150a3540d7de6525c0f77ac58a6b64.csv
2026-09-18 14:50:24,075 - WARNING - Target CSV missing for PR 127111: elastic_elasticsearch_f9d813a44355bf43c678ad0cc2fd0df878990842.csv
2026-09-18 14:50:24,075 - WARNING - Base CSV missing for PR 1527: equinor_neqsim_6e783b4aeebb274e5c4bf6e83e88f5642aabd3e7.csv
2026-09-18 14:50:24,075 - WARNING - Target CSV missing for PR 1527: equinor_neqsim_3715fd228c3d6ebec3eed0afa377b15ec2d81757.csv
2026-09-18 14:50:24,075 - WARNING - Base CSV missing for PR 3028: apache_solr_6d838cb3de9774e1a17208a78210f8968ce4e959.csv
2026-09-18 14:50:24,075 - WARNING - Target CSV missing for PR 3028: apache_solr_82083ea13ad2b2114d4311439be2f90ed868fac1.csv
2026-09-18 14:50:24,075 - WARNING - Base CSV missing for PR 3140: apache_solr_af7e9a92c34c22960853813ff441f0a732073070.csv
2026-09-18 14:50:24,075 - WARNING - Target CSV missing for PR 3140: apache_solr_5fd5ff1a3df179b8b55161ef09fa30cd72bcce1c.csv
2026-09-18 14:50:24,075 - WARNING - Base CSV missing for PR 2546: temporalio_sdk-java_4acf6742be4262897c8093e4f811e2a50f642409.csv
2026-09-18 14:50:24,075 - WARNING - Target CSV missing for PR 2546: temporalio_sdk-java_d310594f76a9c7d0d842f0410b36564c77e56cf4.csv
2026-09-18 14:50:24,075 - WARNING - Base CSV missing for PR 2424: temporalio_sdk-java_729e25e36381250b07039c553f1abb39bce2141f.csv
2026-09-18 14:50:24,075 - WARNING - Target CSV missing for PR 2424: temporalio_sdk-java_d0cf3f378f402fa2474c960c1045310417fe1a5e.csv
2026-09-18 14:50:24,075 - WARNING - Base CSV missing for PR 2486: temporalio_sdk-java_afb01831fcad3580a23e8e3acb084a95b8544d17.csv
2026-09-18 14:50:24,075 - WARNING - Target CSV missing for PR 2486: temporalio_sdk-java_08d608980233656a15719c59af870936a46a0e1b.csv
2026-09-18 14:50:24,075 - WARNING - Base CSV missing for PR 2740: temporalio_sdk-java_a39d10cc01e59a977575702a3243bc4d33707742.csv
2026-09-18 14:50:24,075 - WARNING - Target CSV missing for PR 2740: temporalio_sdk-java_2ff9c2c1f71f06ac81f64715573503eb9723beee.csv
2026-09-18 14:50:24,075 - WARNING - Base CSV missing for PR 2385: temporalio_sdk-java_b471e13ecd357afcc8b843b6fdfea729121d40fa.csv
2026-09-18 14:50:24,075 - WARNING - Target CSV missing for PR 2385: temporalio_sdk-java_cdbc520afb0d80c400c337acf9c0c77d5d6a6b24.csv
2026-09-18 14:50:24,075 - WARNING - Base CSV missing for PR 46367: camunda_camunda_79731287d1b25daa5e6e76b96d747e30d47b0100.csv
2026-09-18 14:50:24,075 - WARNING - Target CSV missing for PR 46367: camunda_camunda_8f96a780fbbc80c26e6ce9e221a9038fc4c101cc.csv
2026-09-18 14:50:24,075 - WARNING - Base CSV missing for PR 2433: temporalio_sdk-java_6c4c1835f261e3a6539292809976fdaea9d3fbaa.csv
2026-09-18 14:50:24,075 - WARNING - Target CSV missing for PR 2433: temporalio_sdk-java_ead142ea9d0597fa469c10c95beeecda9b4f4e4e.csv
2026-09-18 14:50:24,075 - WARNING - Base CSV missing for PR 125453: elastic_elasticsearch_aa6f0aac5602a9ab63bfd14d1305059395e68e26.csv
2026-09-18 14:50:24,075 - WARNING - Target CSV missing for PR 125453: elastic_elasticsearch_b5d84a4d585b8578f5e013e3d8802e826f234ab6.csv
2026-09-18 14:50:24,075 - WARNING - Base CSV missing for PR 46368: camunda_camunda_79731287d1b25daa5e6e76b96d747e30d47b0100.csv
2026-09-18 14:50:24,075 - WARNING - Target CSV missing for PR 46368: camunda_camunda_287931600503e944594c3fb8a8cd90dee0b32812.csv
2026-09-18 14:50:24,075 - WARNING - Base CSV missing for PR 3281: apache_solr_7bf7379d6c75f4ad4486e4f533bdac971a7749a5.csv
2026-09-18 14:50:24,075 - WARNING - Target CSV missing for PR 3281: apache_solr_e3e99d81799fdce7ee18ef091d85529956783ff2.csv
2026-09-18 14:50:24,075 - WARNING - Base CSV missing for PR 3300: apache_solr_470ae762b883b259da6f127844855395e9eedf9f.csv
2026-09-18 14:50:24,075 - WARNING - Target CSV missing for PR 3300: apache_solr_b832db750aab2f097110cef040174c80f86493bc.csv
2026-09-18 14:50:24,075 - WARNING - Base CSV missing for PR 3312: apache_solr_f05bd2a91420116621b1ece2a16f7959fd5e4571.csv
2026-09-18 14:50:24,075 - WARNING - Target CSV missing for PR 3312: apache_solr_b74b77c212cb4574210445a3075d03cc7258cc6f.csv
2026-09-18 14:50:24,075 - WARNING - Base CSV missing for PR 46441: camunda_camunda_ad486b7c65f7fe65cc584b08dfa74ce7ca2dd2c0.csv
2026-09-18 14:50:24,075 - WARNING - Target CSV missing for PR 46441: camunda_camunda_9e135bb8ca698da214108f77baa2275f47029959.csv
2026-09-18 14:50:24,075 - WARNING - Base CSV missing for PR 1817: bcgov_nr-forest-client_b236bee024306a9c7430bb84cbaf8603d80c14ea.csv
2026-09-18 14:50:24,075 - WARNING - Target CSV missing for PR 1817: bcgov_nr-forest-client_b1a15edf1bfe4cf7d04d5badf4394fa2e3d5ae9d.csv
2026-09-18 14:50:24,075 - WARNING - Base CSV missing for PR 1846: bcgov_nr-forest-client_ffec97eb238800da10d1d324ad5b211624645f26.csv
2026-09-18 14:50:24,075 - WARNING - Target CSV missing for PR 1846: bcgov_nr-forest-client_afb67ff9c3092e74cdf02b916e28761cf7e4d574.csv
2026-09-18 14:50:24,075 - WARNING - Base CSV missing for PR 3350: apache_solr_51b315ae7c570782b0d46cfb356d19f3d34d4fa5.csv
2026-09-18 14:50:24,075 - WARNING - Target CSV missing for PR 3350: apache_solr_e364f3971100e323b14df8770473179475a2eb3e.csv
2026-09-18 14:50:24,075 - WARNING - Base CSV missing for PR 3382: apache_solr_cda6c8c9a8bdf3cfe22a36889f33d4194e7f700d.csv
2026-09-18 14:50:24,075 - WARNING - Target CSV missing for PR 3382: apache_solr_28a2ee239a32a58dad36aa14fa5f6a7187740131.csv
2026-09-18 14:50:24,075 - WARNING - Base CSV missing for PR 3381: apache_solr_e364f3971100e323b14df8770473179475a2eb3e.csv
2026-09-18 14:50:24,075 - WARNING - Target CSV missing for PR 3381: apache_solr_b3ba48ff67de5cf516da8d5136336b4c115918ed.csv
2026-09-18 14:50:24,075 - WARNING - Base CSV missing for PR 4084: apache_solr_13fd8ad7e4e0c57c371edbca1576f7d903dafcda.csv
2026-09-18 14:50:24,075 - WARNING - Target CSV missing for PR 4084: apache_solr_64e029e465ca9de8a0d472733d16d35b0d3bbd7b.csv
2026-09-18 14:50:24,075 - WARNING - Base CSV missing for PR 3411: apache_solr_1ddf7189dd9a89068a65fd02773298144ba57868.csv
2026-09-18 14:50:24,075 - WARNING - Target CSV missing for PR 3411: apache_solr_623159d3e6c81e4b36f297dc7bd0174518076692.csv
2026-09-18 14:50:24,076 - WARNING - Base CSV missing for PR 3433: apache_solr_5d8a53942ae752bc8fb002e9d83410e4a2bcb621.csv
2026-09-18 14:50:24,076 - WARNING - Target CSV missing for PR 3433: apache_solr_aeb9063585869f2bce12e7a189cad9f57f1fd86a.csv
2026-09-18 14:50:24,076 - WARNING - Base CSV missing for PR 3448: apache_solr_d9d3215d679cc35ddbdcb02f3fac8c4bd8bbb552.csv
2026-09-18 14:50:24,076 - WARNING - Target CSV missing for PR 3448: apache_solr_276b6109766ff83ee774eb5c282de811a4ca8772.csv
2026-09-18 14:50:24,076 - WARNING - Base CSV missing for PR 3459: apache_solr_a1d1b2f1d4f2b578682627805b690b5efcebdd21.csv
2026-09-18 14:50:24,076 - WARNING - Target CSV missing for PR 3459: apache_solr_5ec0571dd8bbd67c960a2f40b561978914e34498.csv
2026-09-18 14:50:24,076 - WARNING - Base CSV missing for PR 3872: apache_solr_05c15e8db7372639fa3cb2e650366eec0acfe41a.csv
2026-09-18 14:50:24,076 - WARNING - Target CSV missing for PR 3872: apache_solr_25d07610f4f0529de8329027b72d528d85f460ed.csv
2026-09-18 14:50:24,076 - WARNING - Base CSV missing for PR 3464: apache_solr_39ab8f23335d62b0e697c8dff30ab131283382ef.csv
2026-09-18 14:50:24,076 - WARNING - Target CSV missing for PR 3464: apache_solr_87dff3e7b56b7017119925036f7a4ebd77a32965.csv
2026-09-18 14:50:24,076 - WARNING - Base CSV missing for PR 3479: apache_solr_f05bd2a91420116621b1ece2a16f7959fd5e4571.csv
2026-09-18 14:50:24,076 - WARNING - Target CSV missing for PR 3479: apache_solr_577dee15077640a04c400ebad469e72daed8ba43.csv
2026-09-18 14:50:24,076 - WARNING - Base CSV missing for PR 3477: apache_solr_39ab8f23335d62b0e697c8dff30ab131283382ef.csv
2026-09-18 14:50:24,076 - WARNING - Target CSV missing for PR 3477: apache_solr_4659f9b1f053d091d06c47e6a9cc96e4bc6b2a5c.csv
2026-09-18 14:50:24,076 - WARNING - Base CSV missing for PR 127052: elastic_elasticsearch_a9aef25d55b0ef20dbc9d2a83c8addbc333a5363.csv
2026-09-18 14:50:24,076 - WARNING - Target CSV missing for PR 127052: elastic_elasticsearch_0861046e8d1ba71bfc32224580142c9c24c2262c.csv
2026-09-18 14:50:24,076 - WARNING - Base CSV missing for PR 2440: temporalio_sdk-java_334e1294f17670411f31dd4a495ab26af52f1e3f.csv
2026-09-18 14:50:24,076 - WARNING - Target CSV missing for PR 2440: temporalio_sdk-java_f7b8ded733ec873b827f14ec80d4c32804026f21.csv
2026-09-18 14:50:24,076 - WARNING - Base CSV missing for PR 2558: temporalio_sdk-java_5978835fb4f7cba1f647a1762a18ed6de5d42f30.csv
2026-09-18 14:50:24,076 - WARNING - Target CSV missing for PR 2558: temporalio_sdk-java_231c7242263fa38faf65ebea6efad3dfdc4d6fcf.csv
2026-09-18 14:50:24,076 - WARNING - Base CSV missing for PR 2513: temporalio_sdk-java_4da87cc3a8ca81c64a5643d2f882d17f73dd3486.csv
2026-09-18 14:50:24,076 - WARNING - Target CSV missing for PR 2513: temporalio_sdk-java_e7a7f0c3a7e439524c05d290ba7485dd3aa2a7ff.csv
2026-09-18 14:50:24,076 - WARNING - Base CSV missing for PR 2556: temporalio_sdk-java_231c7242263fa38faf65ebea6efad3dfdc4d6fcf.csv
2026-09-18 14:50:24,076 - WARNING - Target CSV missing for PR 2556: temporalio_sdk-java_468669131ca57dc18df75b86ee3107a91e750cbb.csv
2026-09-18 14:50:24,076 - WARNING - Base CSV missing for PR 3497: apache_solr_26ad021d0776fc950afa9216475a1bd945bbc5c7.csv
2026-09-18 14:50:24,076 - WARNING - Target CSV missing for PR 3497: apache_solr_9052441aac9a980fba8ba291acc1de2305108b4a.csv
2026-09-18 14:50:24,076 - WARNING - Base CSV missing for PR 3524: apache_solr_8d6b6d6f94255a724e27fa2c844138da32711127.csv
2026-09-18 14:50:24,076 - WARNING - Target CSV missing for PR 3524: apache_solr_d6097068bc029d391f67a3f7f247494a510f4401.csv
2026-09-18 14:50:24,076 - WARNING - Base CSV missing for PR 3783: apache_solr_00a390c0606c348443aae72fafc87f74bfe8c78e.csv
2026-09-18 14:50:24,076 - WARNING - Target CSV missing for PR 3783: apache_solr_0a951f2c3f9815c33068a6fc2b44e3cc00739a21.csv
2026-09-18 14:50:24,076 - WARNING - Base CSV missing for PR 2677: temporalio_sdk-java_6239adbf781ccaf41702e5cc0837a7798524c3f3.csv
2026-09-18 14:50:24,076 - WARNING - Target CSV missing for PR 2677: temporalio_sdk-java_f9a5d74dc718829555d6061718e5f2afe0fd7a8c.csv
2026-09-18 14:50:24,076 - WARNING - Base CSV missing for PR 2692: temporalio_sdk-java_c46eb46c872a4541a439cba0d46fe5d8268af739.csv
2026-09-18 14:50:24,076 - WARNING - Target CSV missing for PR 2692: temporalio_sdk-java_b12ee45bb9c5efddb4137038f73ced35eb09cfe7.csv
2026-09-18 14:50:24,076 - WARNING - Base CSV missing for PR 2779: temporalio_sdk-java_08bfad1fdb8cb26a753e8f7f3fa3bb7c5bc9c262.csv
2026-09-18 14:50:24,076 - WARNING - Target CSV missing for PR 2779: temporalio_sdk-java_22a1c1a69df17e9e13f11a4b8b0142a3d2a8f229.csv
2026-09-18 14:50:24,076 - WARNING - Base CSV missing for PR 3568: apache_solr_b79d939983740020af496e622cec721e6674c89c.csv
2026-09-18 14:50:24,076 - WARNING - Target CSV missing for PR 3568: apache_solr_fbbeb478e9d05116596a897bb89ca535beab4ab4.csv
2026-09-18 14:50:24,076 - WARNING - Base CSV missing for PR 3609: apache_solr_753098f5c2fc701412879a164d4682b9dcd99eb6.csv
2026-09-18 14:50:24,076 - WARNING - Target CSV missing for PR 3609: apache_solr_a08e8cf1d0647339cdf5c6db5c349b2aaaee2b0a.csv
2026-09-18 14:50:24,076 - WARNING - Base CSV missing for PR 3623: apache_solr_78c9c2f6305da5164b2458e1291f59bdcd9a328d.csv
2026-09-18 14:50:24,076 - WARNING - Target CSV missing for PR 3623: apache_solr_3b93da49910b79eb94a7c1a95b56a37dccf1bb4e.csv
2026-09-18 14:50:24,076 - WARNING - Base CSV missing for PR 127119: elastic_elasticsearch_4fcd4ad1c2d20292da31a047a44b59ffd7ab609d.csv
2026-09-18 14:50:24,076 - WARNING - Target CSV missing for PR 127119: elastic_elasticsearch_9482f201a46438decbe19d26da2908fbdcb60954.csv
2026-09-18 14:50:24,076 - WARNING - Base CSV missing for PR 122118: elastic_elasticsearch_9b2d8292785ad1974db2da6887f05a1bfa7041db.csv
2026-09-18 14:50:24,076 - WARNING - Target CSV missing for PR 122118: elastic_elasticsearch_e65e8659a683fa3c64d9d1478d2fb54bb05ee403.csv
2026-09-18 14:50:24,076 - WARNING - Base CSV missing for PR 122134: elastic_elasticsearch_99897b1b39fd1e0b065f6f793ab64f31f9b05bde.csv
2026-09-18 14:50:24,076 - WARNING - Target CSV missing for PR 122134: elastic_elasticsearch_521f8554c33512c38ec90a0b82bc27388a4e4dd6.csv
2026-09-18 14:50:24,076 - WARNING - Base CSV missing for PR 3660: apache_solr_57ebb85f5f30b0f70bbeaf2f57459297a6e699fa.csv
2026-09-18 14:50:24,076 - WARNING - Target CSV missing for PR 3660: apache_solr_e049d156ab709e8470c82c0622dbc48b5da94c7a.csv
2026-09-18 14:50:24,077 - WARNING - Base CSV missing for PR 3636: apache_solr_78c9c2f6305da5164b2458e1291f59bdcd9a328d.csv
2026-09-18 14:50:24,077 - WARNING - Target CSV missing for PR 3636: apache_solr_91eb1d86c4abb2ad1edac90fe72d4dfc9ee20ad6.csv
2026-09-18 14:50:24,077 - WARNING - Base CSV missing for PR 3639: apache_solr_b6562691c8451e3754236b95ebbacdd9a774e08d.csv
2026-09-18 14:50:24,077 - WARNING - Target CSV missing for PR 3639: apache_solr_8bbc3d84be847ae8653a2be13ed11891a6e80afa.csv
2026-09-18 14:50:24,077 - WARNING - Base CSV missing for PR 3644: apache_solr_5c47042148d817cb0242ae24b2f540e0af2b05d1.csv
2026-09-18 14:50:24,077 - WARNING - Target CSV missing for PR 3644: apache_solr_4f02148b1f7fda769dcb74bd8e5f77983910f67a.csv
2026-09-18 14:50:24,077 - WARNING - Base CSV missing for PR 122138: elastic_elasticsearch_db7fa3c7e99ebdf304f81dbbf2b15d7ac5362113.csv
2026-09-18 14:50:24,077 - WARNING - Target CSV missing for PR 122138: elastic_elasticsearch_d3abf9d5bad1cb0f4988b3121f17f2f0605fb72f.csv
2026-09-18 14:50:24,077 - WARNING - Base CSV missing for PR 122151: elastic_elasticsearch_9c48bb9e6f750ad5fa1963ae1eb0cd24441143a2.csv
2026-09-18 14:50:24,077 - WARNING - Target CSV missing for PR 122151: elastic_elasticsearch_0ec2fe05ef0170b0ea923c3464ae232b23018ee9.csv
2026-09-18 14:50:24,077 - WARNING - Base CSV missing for PR 37271: apache_shardingsphere_7bccc06302dc3017fdc721cc013ea07741381352.csv
2026-09-18 14:50:24,077 - WARNING - Target CSV missing for PR 37271: apache_shardingsphere_8adc332996f9c033d828854067409d0641b33d2a.csv
2026-09-18 14:50:24,077 - WARNING - Base CSV missing for PR 2819: temporalio_sdk-java_b9b0f6b5ac61297ab37f8aee235f04ffabbfb168.csv
2026-09-18 14:50:24,077 - WARNING - Target CSV missing for PR 2819: temporalio_sdk-java_5d969b873bc3763f89765aacfd829caf729f01a3.csv
2026-09-18 14:50:24,077 - WARNING - Base CSV missing for PR 2853: temporalio_sdk-java_cad6172d939f0e3b4964bdd13c98b26920f84340.csv
2026-09-18 14:50:24,077 - WARNING - Target CSV missing for PR 2853: temporalio_sdk-java_ccaf4a62ed761c197d8572ba44ab99c79fdc3dff.csv
2026-09-18 14:50:24,077 - WARNING - Base CSV missing for PR 2852: temporalio_sdk-java_d3c157ce0c2500e1c9983b03b1bbec4cf46ba2fc.csv
2026-09-18 14:50:24,077 - WARNING - Target CSV missing for PR 2852: temporalio_sdk-java_cad6172d939f0e3b4964bdd13c98b26920f84340.csv
2026-09-18 14:50:24,077 - WARNING - Base CSV missing for PR 2854: temporalio_sdk-java_64d5b2e95a71b7d3c47e5e69a49fd0549c1b698e.csv
2026-09-18 14:50:24,077 - WARNING - Target CSV missing for PR 2854: temporalio_sdk-java_f109c0cc933f0889ae790f80305c36c5ead469dc.csv
2026-09-18 14:50:24,077 - WARNING - Base CSV missing for PR 2858: temporalio_sdk-java_4b2c29411c91ec523e000045cdb08778ad752a9d.csv
2026-09-18 14:50:24,077 - WARNING - Target CSV missing for PR 2858: temporalio_sdk-java_3892394701f412cec5c16c3f34cd3ef216a1ba16.csv
2026-09-18 14:50:24,077 - WARNING - Base CSV missing for PR 132311: elastic_elasticsearch_7d1f1352095fb261331b86d1263600e282e3bd0c.csv
2026-09-18 14:50:24,077 - WARNING - Target CSV missing for PR 132311: elastic_elasticsearch_6ca0466ace3b152c70e73be4be007c569454968b.csv
2026-09-18 14:50:24,077 - WARNING - Base CSV missing for PR 122157: elastic_elasticsearch_682cc63ca4669affd76d5cef2ba554cc4f217627.csv
2026-09-18 14:50:24,077 - WARNING - Target CSV missing for PR 122157: elastic_elasticsearch_589e51a83334c8782794a51dad6936d772d6500c.csv
2026-09-18 14:50:24,077 - WARNING - Base CSV missing for PR 3665: apache_solr_91eb1d86c4abb2ad1edac90fe72d4dfc9ee20ad6.csv
2026-09-18 14:50:24,077 - WARNING - Target CSV missing for PR 3665: apache_solr_99b547d69af5bdf82f133d3d8ff92326fa401ae0.csv
2026-09-18 14:50:24,077 - WARNING - Base CSV missing for PR 3654: apache_solr_672d23e6d051c620ca20bfe9e811effe0433797f.csv
2026-09-18 14:50:24,077 - WARNING - Target CSV missing for PR 3654: apache_solr_aa81f20a43959ce799f5abefb980610c71e1f67b.csv
2026-09-18 14:50:24,077 - WARNING - Base CSV missing for PR 3709: apache_solr_890444d7a822cf55e05e04c05ed698b67a946b7c.csv
2026-09-18 14:50:24,077 - WARNING - Target CSV missing for PR 3709: apache_solr_11840af4181047f8a290b5ded2f9c53a601fa132.csv
2026-09-18 14:50:24,077 - WARNING - Base CSV missing for PR 2861: temporalio_sdk-java_9eae4a8ca986794db79ddd5fac5fea81f71b2bfc.csv
2026-09-18 14:50:24,077 - WARNING - Target CSV missing for PR 2861: temporalio_sdk-java_c402f55f621bbeb12f1e19b92dbd5aaae25be4e1.csv
2026-09-18 14:50:24,077 - WARNING - Base CSV missing for PR 4143: apache_solr_b71c872c35b1a12551e3d9b832c1ef9c40a1ea0a.csv
2026-09-18 14:50:24,077 - WARNING - Target CSV missing for PR 4143: apache_solr_e0fe9619839f7ef2b43496104fa539a5b091db9a.csv
2026-09-18 14:50:24,077 - WARNING - Base CSV missing for PR 3671: apache_solr_96ba49be42fc7f2388143bf1eeaf09de653dd14a.csv
2026-09-18 14:50:24,077 - WARNING - Target CSV missing for PR 3671: apache_solr_845700d6a711d10db41de5bcc74036023b9d7b57.csv
2026-09-18 14:50:24,077 - WARNING - Base CSV missing for PR 122170: elastic_elasticsearch_a6d55ed846334de402b5c7c01015914fd9906f3e.csv
2026-09-18 14:50:24,077 - WARNING - Target CSV missing for PR 122170: elastic_elasticsearch_2355b67c5e197836c5943362b313ebfaf4fb0d3f.csv
2026-09-18 14:50:24,077 - WARNING - Base CSV missing for PR 3699: apache_solr_1121d24aff6e6039491d795f9b590841ef513aae.csv
2026-09-18 14:50:24,077 - WARNING - Target CSV missing for PR 3699: apache_solr_cb6dd31eca74fddd27ddd27942aefcec41622396.csv
2026-09-18 14:50:24,077 - WARNING - Base CSV missing for PR 3867: binarywang_WxJava_a23429c144e38e50966a84857555bd95e7e5e17b.csv
2026-09-18 14:50:24,077 - WARNING - Target CSV missing for PR 3867: binarywang_WxJava_5e09c3e968232733a3ff4202d33b6e5d5f59da03.csv
2026-09-18 14:50:24,077 - WARNING - Base CSV missing for PR 3633: binarywang_WxJava_686dff6436a8567185480358a811c8f52505ed25.csv
2026-09-18 14:50:24,077 - WARNING - Target CSV missing for PR 3633: binarywang_WxJava_d52e225626ee9cb0f18c8ebc59427b071142604d.csv
2026-09-18 14:50:24,077 - WARNING - Base CSV missing for PR 3645: binarywang_WxJava_57a6ef11793dc6c63b1b622f4bf99d82528da37d.csv
2026-09-18 14:50:24,077 - WARNING - Target CSV missing for PR 3645: binarywang_WxJava_e5ef34553d94d649f857b79eacc2be502d3978a0.csv
2026-09-18 14:50:24,077 - WARNING - Base CSV missing for PR 1718: equinor_neqsim_3f0356ba590539cdf0832a830f4c86c036a4b118.csv
2026-09-18 14:50:24,077 - WARNING - Target CSV missing for PR 1718: equinor_neqsim_c521ff97fab866700617cda41c3a5a820b559ff5.csv
2026-09-18 14:50:24,077 - WARNING - Base CSV missing for PR 3747: apache_solr_29c96eb55db987e4091d73ac8cf26e92bbf1fc94.csv
2026-09-18 14:50:24,077 - WARNING - Target CSV missing for PR 3747: apache_solr_06a3b5e77e94771ee35c407cc90be0ce46d7a748.csv
2026-09-18 14:50:24,077 - WARNING - Base CSV missing for PR 3742: apache_solr_caf5f5ee05e42b3346727dd2b94df82f3e6177c5.csv
2026-09-18 14:50:24,077 - WARNING - Target CSV missing for PR 3742: apache_solr_20d810785c1ac68856fd15561fe0e3d614816117.csv
2026-09-18 14:50:24,077 - WARNING - Base CSV missing for PR 3774: apache_solr_ea460390a0866aae96eab71006a085792ac39d93.csv
2026-09-18 14:50:24,077 - WARNING - Target CSV missing for PR 3774: apache_solr_aad0c4b393b08afa819555d7f1a8c67c73f37afc.csv
2026-09-18 14:50:24,077 - WARNING - Base CSV missing for PR 3646: binarywang_WxJava_2e952c76c8fca91810c76733ab6be4d2b0c51461.csv
2026-09-18 14:50:24,078 - WARNING - Target CSV missing for PR 3646: binarywang_WxJava_3a1d8075fc27adf5eae9d23cd7628387132fce7a.csv
2026-09-18 14:50:24,078 - WARNING - Base CSV missing for PR 3648: binarywang_WxJava_8bb4a215984bbda53d7ea777ecb18026457c191d.csv
2026-09-18 14:50:24,078 - WARNING - Target CSV missing for PR 3648: binarywang_WxJava_dc46d9de75532409ea7ba7bfa41c874fd1704879.csv
2026-09-18 14:50:24,078 - WARNING - Base CSV missing for PR 3761: apache_solr_b844e4558dfbc4530656b062c9067a508d73bc2d.csv
2026-09-18 14:50:24,078 - WARNING - Target CSV missing for PR 3761: apache_solr_b1c249726547598cc65504f35791524152e274c8.csv
2026-09-18 14:50:24,078 - WARNING - Base CSV missing for PR 3802: binarywang_WxJava_c777dc32a89d9dbb054bfc5d49addecb0af4c4f4.csv
2026-09-18 14:50:24,078 - WARNING - Target CSV missing for PR 3802: binarywang_WxJava_d26172e3937a19bf69da38edb387953f880b73d3.csv
2026-09-18 14:50:24,078 - WARNING - Base CSV missing for PR 126070: elastic_elasticsearch_519f1e64329d1a806e1730f0ddeaedc068fa6c1a.csv
2026-09-18 14:50:24,078 - WARNING - Target CSV missing for PR 126070: elastic_elasticsearch_fb5818bc343c1619da50120d242fb2fff74544a2.csv
2026-09-18 14:50:24,078 - WARNING - Base CSV missing for PR 3647: binarywang_WxJava_2e952c76c8fca91810c76733ab6be4d2b0c51461.csv
2026-09-18 14:50:24,078 - WARNING - Target CSV missing for PR 3647: binarywang_WxJava_262a02b606354db065250993e40f6c39507a5ade.csv
2026-09-18 14:50:24,078 - WARNING - Base CSV missing for PR 3842: binarywang_WxJava_47b4431aa887dafae81a17d8b2efadbd94c98c66.csv
2026-09-18 14:50:24,078 - WARNING - Target CSV missing for PR 3842: binarywang_WxJava_12a9f83b98daaa1a4edb28525e0d5e25935ae846.csv
2026-09-18 14:50:24,078 - WARNING - Base CSV missing for PR 3851: binarywang_WxJava_aeb80b10cbb0bcac7a383733edf5424a4b4d5886.csv
2026-09-18 14:50:24,078 - WARNING - Target CSV missing for PR 3851: binarywang_WxJava_faa79ab88cedede70d5264e1a051a185108f3c4d.csv
2026-09-18 14:50:24,078 - WARNING - Base CSV missing for PR 3557: binarywang_WxJava_3718b499a0f7f69ea432d78bc0065d4f627d598f.csv
2026-09-18 14:50:24,078 - WARNING - Target CSV missing for PR 3557: binarywang_WxJava_ddfbee25e139e7f2f50a6205803b777b1ee53ea5.csv
2026-09-18 14:50:24,078 - WARNING - Base CSV missing for PR 3802: apache_solr_b8ae6278d806ddaf2e9f15724b6d8d7d4f529748.csv
2026-09-18 14:50:24,078 - WARNING - Target CSV missing for PR 3802: apache_solr_9809766bd9fda66aa67992ab4036e00a15ea1adf.csv
2026-09-18 14:50:24,078 - WARNING - Base CSV missing for PR 3649: binarywang_WxJava_8bb4a215984bbda53d7ea777ecb18026457c191d.csv
2026-09-18 14:50:24,078 - WARNING - Target CSV missing for PR 3649: binarywang_WxJava_9aa2781e6825dd5b6a6f6f36e67f77ad4985acc4.csv
2026-09-18 14:50:24,078 - WARNING - Base CSV missing for PR 3650: binarywang_WxJava_6fc17201e10b6ff720c903b325c5a31e9edbe406.csv
2026-09-18 14:50:24,078 - WARNING - Target CSV missing for PR 3650: binarywang_WxJava_e6a844ab70ade9c5ad937e49bfd5acf9cff91313.csv
2026-09-18 14:50:24,078 - WARNING - Base CSV missing for PR 3652: binarywang_WxJava_8bb4a215984bbda53d7ea777ecb18026457c191d.csv
2026-09-18 14:50:24,078 - WARNING - Target CSV missing for PR 3652: binarywang_WxJava_a6825a62bb4fa1d1e620969d81002fc77b271b56.csv
2026-09-18 14:50:24,078 - WARNING - Base CSV missing for PR 3653: binarywang_WxJava_8bb4a215984bbda53d7ea777ecb18026457c191d.csv
2026-09-18 14:50:24,078 - WARNING - Target CSV missing for PR 3653: binarywang_WxJava_ca567ce310bc29312763a0af9899275e03c374ba.csv
2026-09-18 14:50:24,078 - WARNING - Base CSV missing for PR 3654: binarywang_WxJava_1f4ed687507ab52a34eb0843eef0da3b6f0dae61.csv
2026-09-18 14:50:24,078 - WARNING - Target CSV missing for PR 3654: binarywang_WxJava_8e760a972ddbe9e79ca29d3b3d0499de36a293bf.csv
2026-09-18 14:50:24,078 - WARNING - Base CSV missing for PR 3655: binarywang_WxJava_2e952c76c8fca91810c76733ab6be4d2b0c51461.csv
2026-09-18 14:50:24,078 - WARNING - Target CSV missing for PR 3655: binarywang_WxJava_14f8c8ebc2dd873bb8204f3f6b81602bcdd5e892.csv
2026-09-18 14:50:24,078 - WARNING - Base CSV missing for PR 3712: binarywang_WxJava_88bdd4a36e37c7627cfc271fab5a86bb63b38e10.csv
2026-09-18 14:50:24,078 - WARNING - Target CSV missing for PR 3712: binarywang_WxJava_9ab64167d5d2f26622183c0c9bcab2ff04d116e4.csv
2026-09-18 14:50:24,078 - WARNING - Base CSV missing for PR 3758: binarywang_WxJava_d4186c49c1b0edccb32de79ae917f2abb73ccabc.csv
2026-09-18 14:50:24,078 - WARNING - Target CSV missing for PR 3758: binarywang_WxJava_b94106fd57a779f2a6a0b9f81f68a68d3410aca4.csv
2026-09-18 14:50:24,078 - WARNING - Base CSV missing for PR 3656: binarywang_WxJava_8bb4a215984bbda53d7ea777ecb18026457c191d.csv
2026-09-18 14:50:24,078 - WARNING - Target CSV missing for PR 3656: binarywang_WxJava_bc6fb7b58ec9f35769714a2023c6fef3abfc4a1a.csv
2026-09-18 14:50:24,078 - WARNING - Base CSV missing for PR 21882: vaadin_flow_735735d59ab7fb01309921f7c19c83907c6483a7.csv
2026-09-18 14:50:24,078 - WARNING - Target CSV missing for PR 21882: vaadin_flow_fb6a9ab4f598e46b260da670fb42a56e60a97473.csv
2026-09-18 14:50:24,078 - WARNING - Base CSV missing for PR 3659: binarywang_WxJava_8bb4a215984bbda53d7ea777ecb18026457c191d.csv
2026-09-18 14:50:24,078 - WARNING - Target CSV missing for PR 3659: binarywang_WxJava_983e4f1e66d761be94497ed8d345297b5e052093.csv
2026-09-18 14:50:24,078 - WARNING - Base CSV missing for PR 3727: binarywang_WxJava_9aa2781e6825dd5b6a6f6f36e67f77ad4985acc4.csv
2026-09-18 14:50:24,078 - WARNING - Target CSV missing for PR 3727: binarywang_WxJava_10f71234e41e93a1253474a4bff79ab334b58113.csv
2026-09-18 14:50:24,078 - WARNING - Base CSV missing for PR 5295: openhab_openhab-core_01eb3d27c7109486c60d5f46da0c58084d3426b7.csv
2026-09-18 14:50:24,078 - WARNING - Target CSV missing for PR 5295: openhab_openhab-core_1a41209d9c47d001b8abcd1dbf80779d5b8fb6a0.csv
2026-09-18 14:50:24,078 - WARNING - Base CSV missing for PR 3688: binarywang_WxJava_69a2ab9cc751fe1726ee474616f77335689185d6.csv
2026-09-18 14:50:24,078 - WARNING - Target CSV missing for PR 3688: binarywang_WxJava_092e99281786fe5ee147fed9c497b36783c21340.csv
2026-09-18 14:50:24,078 - WARNING - Base CSV missing for PR 3692: binarywang_WxJava_781798345e6dcb1420f861a802c5c9f417ff0c49.csv
2026-09-18 14:50:24,078 - WARNING - Target CSV missing for PR 3692: binarywang_WxJava_118839a49dc51e2e834dec70d20b3130a4d69a03.csv
2026-09-18 14:50:24,078 - WARNING - Base CSV missing for PR 3695: binarywang_WxJava_781798345e6dcb1420f861a802c5c9f417ff0c49.csv
2026-09-18 14:50:24,078 - WARNING - Target CSV missing for PR 3695: binarywang_WxJava_8447caa75f6be3e1fc4012ae37600c78d94c3421.csv
2026-09-18 14:50:24,078 - WARNING - Base CSV missing for PR 3719: binarywang_WxJava_b8d2bb345a0120818ecab31264ca8024cde92b44.csv
2026-09-18 14:50:24,078 - WARNING - Target CSV missing for PR 3719: binarywang_WxJava_8e46da50035855a0577e1e0706486e5f56c9352d.csv
2026-09-18 14:50:24,078 - WARNING - Base CSV missing for PR 122196: elastic_elasticsearch_4d4276eacb98f3390c23ca4cc2f516ff645ee1bf.csv
2026-09-18 14:50:24,078 - WARNING - Target CSV missing for PR 122196: elastic_elasticsearch_274be7997a7e8826696ed5af5755368771ab5640.csv
2026-09-18 14:50:24,078 - WARNING - Base CSV missing for PR 125978: elastic_elasticsearch_77b667eaaaf422aef96a94f84a0e608c308b56e9.csv
2026-09-18 14:50:24,078 - WARNING - Target CSV missing for PR 125978: elastic_elasticsearch_b6462c7fe042e6bc0f5a508cc2f552164292f3a8.csv
2026-09-18 14:50:24,078 - WARNING - Base CSV missing for PR 5231: openhab_openhab-core_0d7d0702b6f056ed40f97995b4d063777a7585dc.csv
2026-09-18 14:50:24,078 - WARNING - Target CSV missing for PR 5231: openhab_openhab-core_0c2db221b0b286c80fdc9cd514a7c911e2bc20ad.csv
2026-09-18 14:50:24,078 - WARNING - Base CSV missing for PR 125979: elastic_elasticsearch_95e26a4e49514b987f3dc4d51a4085abda4759ec.csv
2026-09-18 14:50:24,079 - WARNING - Target CSV missing for PR 125979: elastic_elasticsearch_fa9f0f4bdaf87f84330f10abec81cd2040c96436.csv
2026-09-18 14:50:24,079 - WARNING - Base CSV missing for PR 5235: openhab_openhab-core_79277fafb7f51cccf90ac8bdfe21a6350bd17bb7.csv
2026-09-18 14:50:24,079 - WARNING - Target CSV missing for PR 5235: openhab_openhab-core_de14a998c576b216c8501bba841fe7dfc8a8f0d4.csv
2026-09-18 14:50:24,079 - WARNING - Base CSV missing for PR 3926: binarywang_WxJava_feaf90e36152c31a57d57dfcf1c58076696254f4.csv
2026-09-18 14:50:24,079 - WARNING - Target CSV missing for PR 3926: binarywang_WxJava_29fd94e24b264a5eaf69aea95d7f3097d4f57b83.csv
2026-09-18 14:50:24,079 - WARNING - Base CSV missing for PR 3938: binarywang_WxJava_5cc8e9114ff01b4ab1f3321a4d93aca293046ce9.csv
2026-09-18 14:50:24,079 - WARNING - Target CSV missing for PR 3938: binarywang_WxJava_724e80a4b967f7567c5f8542d61a4e69952e72c9.csv
2026-09-18 14:50:24,079 - WARNING - Base CSV missing for PR 3954: binarywang_WxJava_7089548f09b6edaa95a2ac5b24a692de9cf9b2b4.csv
2026-09-18 14:50:24,079 - WARNING - Target CSV missing for PR 3954: binarywang_WxJava_f3b8cf689ed0e9e4e61422f3a6cadf3560c1d2a8.csv
2026-09-18 14:50:24,079 - WARNING - Base CSV missing for PR 1431: bcgov_nr-forest-client_030fc0902b7d27e44894e5b0da81c77ecc11ffe0.csv
2026-09-18 14:50:24,079 - WARNING - Target CSV missing for PR 1431: bcgov_nr-forest-client_77dd8772f73b3769c5bf2384b3f6b0fcf4fdf291.csv
2026-09-18 14:50:24,079 - WARNING - Base CSV missing for PR 127170: elastic_elasticsearch_c2e1a3198afb2076c2f7c51a3aa478b9aaf7be16.csv
2026-09-18 14:50:24,079 - WARNING - Target CSV missing for PR 127170: elastic_elasticsearch_b0e190396896e1ff35bd9efa1ff06ca9c19e0c3a.csv
2026-09-18 14:50:24,079 - WARNING - Base CSV missing for PR 127171: elastic_elasticsearch_96f32bc3ffe572783a2fc4501266d2df2d705f92.csv
2026-09-18 14:50:24,079 - WARNING - Target CSV missing for PR 127171: elastic_elasticsearch_346afb0f64bbe8ce8317f5e926a8f5d3ff2aef4e.csv
2026-09-18 14:50:24,079 - WARNING - Base CSV missing for PR 129693: elastic_elasticsearch_917baf37714d57aeed63dc72d0f60ada36e9553f.csv
2026-09-18 14:50:24,079 - WARNING - Target CSV missing for PR 129693: elastic_elasticsearch_f84ec74b2170ed08e3161b48fa5d3391c11e6a47.csv
2026-09-18 14:50:24,079 - WARNING - Base CSV missing for PR 4171: apache_solr_8873cf1242be0787503530079be23f30c55916a0.csv
2026-09-18 14:50:24,079 - WARNING - Target CSV missing for PR 4171: apache_solr_5d2eb05506af12759caa414ba7ac063e311a3247.csv
2026-09-18 14:50:24,079 - WARNING - Base CSV missing for PR 4239: apache_solr_564a6317433e1715b55ccd98e93ee9973664540e.csv
2026-09-18 14:50:24,079 - WARNING - Target CSV missing for PR 4239: apache_solr_4f2b4e2dd137e333cf61170b91cf8dcd9f9cfdf9.csv
2026-09-18 14:50:24,079 - WARNING - Base CSV missing for PR 4193: apache_solr_674e3d104527d0ffc6fa426373827b65403a0d1f.csv
2026-09-18 14:50:24,079 - WARNING - Target CSV missing for PR 4193: apache_solr_d2f8faf5705a955f46d40af98630520ff732e10c.csv
2026-09-18 14:50:24,079 - WARNING - Base CSV missing for PR 4189: apache_solr_e157134866e39e0a29b19189eacabe0e7e5fd293.csv
2026-09-18 14:50:24,079 - WARNING - Target CSV missing for PR 4189: apache_solr_684894af5f1591af1c49c2bb6fdfdd83a94a89b2.csv
2026-09-18 14:50:24,079 - WARNING - Base CSV missing for PR 4214: apache_solr_4f17248195601f8eeca1651f77de46572d851cdb.csv
2026-09-18 14:50:24,079 - WARNING - Target CSV missing for PR 4214: apache_solr_af21fef102425e2c1b8240634f4eec13eae1e627.csv
2026-09-18 14:50:24,079 - WARNING - Base CSV missing for PR 4219: apache_solr_c74142675ebdabf0ebab8bf8b162223f63262af3.csv
2026-09-18 14:50:24,079 - WARNING - Target CSV missing for PR 4219: apache_solr_6d896e096f593c86d59b779ba0a9a866791440e0.csv
2026-09-18 14:50:24,079 - WARNING - Base CSV missing for PR 4232: apache_solr_d2f8faf5705a955f46d40af98630520ff732e10c.csv
2026-09-18 14:50:24,079 - WARNING - Target CSV missing for PR 4232: apache_solr_ebe71e48f033d79d001d0ba9474e9e0e060a3cd7.csv
2026-09-18 14:50:24,079 - WARNING - Base CSV missing for PR 5577: eclipse-rdf4j_rdf4j_400ef53f4d83f66decd70444bb1ce60c07937e76.csv
2026-09-18 14:50:24,079 - WARNING - Target CSV missing for PR 5577: eclipse-rdf4j_rdf4j_c31e80f7b91cd787fc01ec803821cda36e6b3358.csv
2026-09-18 14:50:24,079 - WARNING - Base CSV missing for PR 5601: eclipse-rdf4j_rdf4j_5dabe868b0c31d897c4520bb26380d916e079005.csv
2026-09-18 14:50:24,079 - WARNING - Target CSV missing for PR 5601: eclipse-rdf4j_rdf4j_1fd83f729d0c1a23d66cda2eeea5b77994d1b586.csv
2026-09-18 14:50:24,079 - WARNING - Base CSV missing for PR 4266: apache_solr_a9e25b67a618eebd30294798bb1c1d372f568c6f.csv
2026-09-18 14:50:24,079 - WARNING - Target CSV missing for PR 4266: apache_solr_44eb5c5a700b210bc9787b8304eef8efa89917da.csv
2026-09-18 14:50:24,079 - WARNING - Base CSV missing for PR 4262: apache_solr_6b21201fcc54c88a61c1559530085fd67d7f5e2b.csv
2026-09-18 14:50:24,079 - WARNING - Target CSV missing for PR 4262: apache_solr_37f4acb1541e2ca4189f110f5c42143a858a50fd.csv
2026-09-18 14:50:24,079 - WARNING - Base CSV missing for PR 4279: apache_solr_44eb5c5a700b210bc9787b8304eef8efa89917da.csv
2026-09-18 14:50:24,079 - WARNING - Target CSV missing for PR 4279: apache_solr_95b15d53d24f4758c9173f2c539fc0c850a9bc3f.csv
2026-09-18 14:50:24,079 - WARNING - Base CSV missing for PR 4326: apache_solr_03dabef43cf1e112a0460600b125f91942bdc2b6.csv
2026-09-18 14:50:24,079 - WARNING - Target CSV missing for PR 4326: apache_solr_db36284b449e00d343febb83e109e53b414dc281.csv
2026-09-18 14:50:24,079 - WARNING - Base CSV missing for PR 4310: apache_solr_fb7377cc11c2cbcd7f7259427699690d9ff15a50.csv
2026-09-18 14:50:24,079 - WARNING - Target CSV missing for PR 4310: apache_solr_a484172a97d39441bddc8af85eff702856dcc2ba.csv
2026-09-18 14:50:24,079 - WARNING - Base CSV missing for PR 3054: apache_solr_d2fdb16a78195e5eb40caf48761afeb1bce041ee.csv
2026-09-18 14:50:24,079 - WARNING - Target CSV missing for PR 3054: apache_solr_5fafabdb13d62b2d590f7602b7720042e5f3a3db.csv
2026-09-18 14:50:24,079 - WARNING - Base CSV missing for PR 3418: apache_solr_4bbbe20898c43fc443d20d4297341cd8b1d1e593.csv
2026-09-18 14:50:24,079 - WARNING - Target CSV missing for PR 3418: apache_solr_42cd889e8f0ace7ace2002bef2c98566b772f0f5.csv
2026-09-18 14:50:24,079 - WARNING - Base CSV missing for PR 5574: eclipse-rdf4j_rdf4j_07af6fd3b3992565597a4a04534cdf27126aaeb0.csv
2026-09-18 14:50:24,079 - WARNING - Target CSV missing for PR 5574: eclipse-rdf4j_rdf4j_a327b88be8f314ef1064d31d94a418d43f3b933f.csv
2026-09-18 14:50:24,079 - WARNING - Base CSV missing for PR 5605: eclipse-rdf4j_rdf4j_37c4f7a5272f312362f5971ba25260c444b55559.csv
2026-09-18 14:50:24,079 - WARNING - Target CSV missing for PR 5605: eclipse-rdf4j_rdf4j_7ce98378a73552042b8578737adca21fe58179e3.csv
2026-09-18 14:50:24,079 - WARNING - Base CSV missing for PR 3632: apache_solr_fc9585b9e6db70029709367cb15acfd701d773c8.csv
2026-09-18 14:50:24,079 - WARNING - Target CSV missing for PR 3632: apache_solr_bad307e5a3ed5ba5168d1cfb17b94d9393942058.csv
2026-09-18 14:50:24,079 - WARNING - Base CSV missing for PR 3048: apache_solr_436e7f85ea6bffa04ae72e4668a73bb4fe50a8cf.csv
2026-09-18 14:50:24,079 - WARNING - Target CSV missing for PR 3048: apache_solr_dac5fe1ea8375eaaa92be37fb2831fbc7cb2c9cc.csv
2026-09-18 14:50:24,079 - WARNING - Base CSV missing for PR 3907: apache_solr_a3b5af4e55fb7857efe1846474dfdaa502cde873.csv
2026-09-18 14:50:24,079 - WARNING - Target CSV missing for PR 3907: apache_solr_88591eda69601ed9427a530a4dd0fbe71c74c088.csv
2026-09-18 14:50:24,079 - WARNING - Base CSV missing for PR 5642: eclipse-rdf4j_rdf4j_005364eb6f45d130b751f2f9f1c9079bd4f23a7c.csv
2026-09-18 14:50:24,080 - WARNING - Target CSV missing for PR 5642: eclipse-rdf4j_rdf4j_5989a0f44c34ff1b10c1f77615edb054e3759def.csv
2026-09-18 14:50:24,080 - WARNING - Base CSV missing for PR 35900: apache_shardingsphere_503e2334c49e69196c125db73f7e225ce2f30b80.csv
2026-09-18 14:50:24,080 - WARNING - Target CSV missing for PR 35900: apache_shardingsphere_10d4b21065428a27b18eae9b5b2100cee49306de.csv
2026-09-18 14:50:24,080 - WARNING - Base CSV missing for PR 1551: bcgov_nr-forest-client_1bd57e2733d5a5567891042b6c03cc3cad819211.csv
2026-09-18 14:50:24,080 - WARNING - Target CSV missing for PR 1551: bcgov_nr-forest-client_ef3673bb2a14ddb9f36866d6da6f3687d7d34f01.csv
2026-09-18 14:50:24,080 - WARNING - Base CSV missing for PR 1704: bcgov_nr-forest-client_4384a4ad1527692d567d616b79c17a9fff2e3fdc.csv
2026-09-18 14:50:24,080 - WARNING - Target CSV missing for PR 1704: bcgov_nr-forest-client_f5de36bd48e3f25d4f21113d55e9e03dc176fe6b.csv
2026-09-18 14:50:24,080 - WARNING - Base CSV missing for PR 445: shannah_jdeploy_293b6a703a69051b237f2aeb8962a47032c5ccc3.csv
2026-09-18 14:50:24,080 - WARNING - Target CSV missing for PR 445: shannah_jdeploy_9ddd5ec70e8a3447cae0a337c609848e6e64949c.csv
2026-09-18 14:50:24,080 - WARNING - Base CSV missing for PR 5651: eclipse-rdf4j_rdf4j_a7d049592b165ee55aaae60e92ea4729f9a71e53.csv
2026-09-18 14:50:24,080 - WARNING - Target CSV missing for PR 5651: eclipse-rdf4j_rdf4j_a38de98a967b3c371fa5c7fc9795bd4656eb1819.csv
2026-09-18 14:50:24,080 - WARNING - Base CSV missing for PR 5230: eclipse-rdf4j_rdf4j_fbf6beaeb63d89c8f4e5089df90fb2eb17ecb5b2.csv
2026-09-18 14:50:24,080 - WARNING - Target CSV missing for PR 5230: eclipse-rdf4j_rdf4j_af17bfaa53e8c318a3aea091a6520f87e0f42971.csv
2026-09-18 14:50:24,080 - WARNING - Base CSV missing for PR 118: lembergmax_JustMath_5aa28dd0eac8df3bdfdcfadbc00ff9e45049b0a9.csv
2026-09-18 14:50:24,080 - WARNING - Target CSV missing for PR 118: lembergmax_JustMath_a45814e2243c996550db8f266e19747632146e07.csv
2026-09-18 14:50:24,080 - WARNING - Base CSV missing for PR 5257: eclipse-rdf4j_rdf4j_cd6509ba05c4d07eb9472158cb06b996b437b9e8.csv
2026-09-18 14:50:24,080 - WARNING - Target CSV missing for PR 5257: eclipse-rdf4j_rdf4j_a5291bb75c8d3ff911cfb62464ac57f659f68ca3.csv
2026-09-18 14:50:24,080 - WARNING - Base CSV missing for PR 122203: elastic_elasticsearch_928f5719a107ea2fe3272b7509ec4c0fe4647282.csv
2026-09-18 14:50:24,080 - WARNING - Target CSV missing for PR 122203: elastic_elasticsearch_8956208c24f434058bbe804de7aa007d130f7a81.csv
2026-09-18 14:50:24,080 - WARNING - Base CSV missing for PR 122205: elastic_elasticsearch_bf6109bae9f4cf8b372b30b3fcb3172d703fc0e9.csv
2026-09-18 14:50:24,080 - WARNING - Target CSV missing for PR 122205: elastic_elasticsearch_1614d02e2d5b21892ab6582c84f0f8d90ecd5370.csv
2026-09-18 14:50:24,080 - WARNING - Base CSV missing for PR 39921: camunda_camunda_a10cbced7b3f88cd464ef43200b411426f0594f9.csv
2026-09-18 14:50:24,080 - WARNING - Target CSV missing for PR 39921: camunda_camunda_103db96b7f0bc49588aee8e220ab312f1a7925d3.csv
2026-09-18 14:50:24,080 - WARNING - Base CSV missing for PR 5288: eclipse-rdf4j_rdf4j_d4c71011ab8fdd72b1b178f0b70553c49a4e4c3a.csv
2026-09-18 14:50:24,080 - WARNING - Target CSV missing for PR 5288: eclipse-rdf4j_rdf4j_6f2c5cbfa81f90f44f75031a9ba0eaa150958acd.csv
2026-09-18 14:50:24,080 - WARNING - Base CSV missing for PR 5293: eclipse-rdf4j_rdf4j_782ffd84647a851607913dda7c8707963e1a5cd6.csv
2026-09-18 14:50:24,080 - WARNING - Target CSV missing for PR 5293: eclipse-rdf4j_rdf4j_5b6827d1c3cc4520a7b1ee5f09ccdaf1714e7e6d.csv
2026-09-18 14:50:24,080 - WARNING - Base CSV missing for PR 5300: eclipse-rdf4j_rdf4j_8f24f5b3ab6f8ca734bbb76f53f399fb42595c46.csv
2026-09-18 14:50:24,080 - WARNING - Target CSV missing for PR 5300: eclipse-rdf4j_rdf4j_1e175b68e652772d9669a809f2a6c465071dafb2.csv
2026-09-18 14:50:24,080 - WARNING - Base CSV missing for PR 5528: eclipse-rdf4j_rdf4j_471b03c16d2d3a22b19ebf2ead179893bc596620.csv
2026-09-18 14:50:24,080 - WARNING - Target CSV missing for PR 5528: eclipse-rdf4j_rdf4j_c9688e1721e1037120adf8532b1a967a2517d47c.csv
2026-09-18 14:50:24,080 - WARNING - Base CSV missing for PR 229: shannah_jdeploy_4b111ddf1221e00ae174ed9858a857a21de8b533.csv
2026-09-18 14:50:24,080 - WARNING - Target CSV missing for PR 229: shannah_jdeploy_0624294869537191c1d15834bd5018f891964ab9.csv
2026-09-18 14:50:24,080 - WARNING - Base CSV missing for PR 438: shannah_jdeploy_c026203acc7dd341c303a554126249a5c8114d38.csv
2026-09-18 14:50:24,080 - WARNING - Target CSV missing for PR 438: shannah_jdeploy_c65de6781a0d0d31eafc33f05d470cbaee93228a.csv
2026-09-18 14:50:24,080 - WARNING - Base CSV missing for PR 122204: elastic_elasticsearch_663e5d6328871de071051865d488d491f1c419a1.csv
2026-09-18 14:50:24,080 - WARNING - Target CSV missing for PR 122204: elastic_elasticsearch_f7216d13d2d6553c3a3ecf41250d74861cfff423.csv
2026-09-18 14:50:24,080 - WARNING - Base CSV missing for PR 124863: elastic_elasticsearch_4e76ffbe9ab4b7248ef94dd1fd6fc918a2adbb7b.csv
2026-09-18 14:50:24,080 - WARNING - Target CSV missing for PR 124863: elastic_elasticsearch_17e2721eaaa879fa2929be3f4804f75991dd1526.csv
2026-09-18 14:50:24,080 - WARNING - Base CSV missing for PR 122209: elastic_elasticsearch_a1b2f3d39dc2942ef21480a4660424efdd70f60b.csv
2026-09-18 14:50:24,080 - WARNING - Target CSV missing for PR 122209: elastic_elasticsearch_89ba03ecff8c4657a341371f3ddc8b116d67f9a0.csv
2026-09-18 14:50:24,080 - WARNING - Base CSV missing for PR 130442: elastic_elasticsearch_5d565b5fbeff5356f3d36ebc351be2ec9e58a869.csv
2026-09-18 14:50:24,080 - WARNING - Target CSV missing for PR 130442: elastic_elasticsearch_c0facac75c99cb36793372ad3601c06d13961a3d.csv
2026-09-18 14:50:24,080 - WARNING - Base CSV missing for PR 5376: eclipse-rdf4j_rdf4j_d78001b92d61fc3cfb462e10dee0180f3f85ef67.csv
2026-09-18 14:50:24,080 - WARNING - Target CSV missing for PR 5376: eclipse-rdf4j_rdf4j_400a4681d3c8e436f6881ea3b7fdba2068239aa1.csv
2026-09-18 14:50:24,080 - WARNING - Base CSV missing for PR 127189: elastic_elasticsearch_b17adf1695f09dcf836dbfaa94d07da3ef315dfe.csv
2026-09-18 14:50:24,080 - WARNING - Target CSV missing for PR 127189: elastic_elasticsearch_74faf471218ea1e4a8f6793633ed9add799994b2.csv
2026-09-18 14:50:24,080 - WARNING - Base CSV missing for PR 5378: eclipse-rdf4j_rdf4j_400a4681d3c8e436f6881ea3b7fdba2068239aa1.csv
2026-09-18 14:50:24,080 - WARNING - Target CSV missing for PR 5378: eclipse-rdf4j_rdf4j_13e0df671d8cfe3fa8f1f960ddfe4e4419217a61.csv
2026-09-18 14:50:24,080 - WARNING - Base CSV missing for PR 43879: camunda_camunda_6d7c1422b4538376bed7b8ea94d7679e3e16af7a.csv
2026-09-18 14:50:24,080 - WARNING - Target CSV missing for PR 43879: camunda_camunda_aea1c0bcc05990f3b8838706b355fcdc9e473089.csv
2026-09-18 14:50:24,080 - WARNING - Base CSV missing for PR 124864: elastic_elasticsearch_65dfaf1c91c4108e5073b616b789081ff44b48ec.csv
2026-09-18 14:50:24,080 - WARNING - Target CSV missing for PR 124864: elastic_elasticsearch_edc36aa3021f0beeda7ca2894cac4c4c518e2a65.csv
2026-09-18 14:50:24,080 - WARNING - Base CSV missing for PR 110: almostrealism_common_035ee8bd5e1a738a3d66094262929f9e940ebd68.csv
2026-09-18 14:50:24,080 - WARNING - Target CSV missing for PR 110: almostrealism_common_51eabef8cd37230c775e8e62ac4520047e0b04e9.csv
2026-09-18 14:50:24,080 - WARNING - Base CSV missing for PR 5431: eclipse-rdf4j_rdf4j_6a92f194e83af4e11cb7164988c542083d8d1c20.csv
2026-09-18 14:50:24,080 - WARNING - Target CSV missing for PR 5431: eclipse-rdf4j_rdf4j_8ae93070f4196ab69a784031af8859977ce83869.csv
2026-09-18 14:50:24,080 - WARNING - Base CSV missing for PR 5467: eclipse-rdf4j_rdf4j_5b490de916395773c0756b0a0ca3fadb0ca503f4.csv
2026-09-18 14:50:24,080 - WARNING - Target CSV missing for PR 5467: eclipse-rdf4j_rdf4j_3bd9c3d186be2e585d9aead433552456e75f4ae0.csv
2026-09-18 14:50:24,080 - WARNING - Base CSV missing for PR 48: ahumadamob_springboot-smedico_9bda58702575ac14feeb15054e81d79782d4390c.csv
2026-09-18 14:50:24,081 - WARNING - Target CSV missing for PR 48: ahumadamob_springboot-smedico_083942ea3cbd218eae16436601f4f0db9708351e.csv
2026-09-18 14:50:24,081 - WARNING - Base CSV missing for PR 5502: eclipse-rdf4j_rdf4j_824254524dd298ce947791c541a85745aad4601f.csv
2026-09-18 14:50:24,081 - WARNING - Target CSV missing for PR 5502: eclipse-rdf4j_rdf4j_2f6ae3b3ff770c43b54566ef697a6974dcacc234.csv
2026-09-18 14:50:24,081 - WARNING - Base CSV missing for PR 5506: eclipse-rdf4j_rdf4j_2f6ae3b3ff770c43b54566ef697a6974dcacc234.csv
2026-09-18 14:50:24,081 - WARNING - Target CSV missing for PR 5506: eclipse-rdf4j_rdf4j_0a5d5e3ea9d38fa8d13bb9d12a502fa98a7fb11a.csv
2026-09-18 14:50:24,081 - WARNING - Base CSV missing for PR 124880: elastic_elasticsearch_cbfc1000bcf9b71560bcc26c90c825519f0f2a70.csv
2026-09-18 14:50:24,081 - WARNING - Target CSV missing for PR 124880: elastic_elasticsearch_eee890a783452d2aa4c74fd170ff1f124b3e9e19.csv
2026-09-18 14:50:24,081 - WARNING - Base CSV missing for PR 5692: eclipse-rdf4j_rdf4j_4ff0fd0cea143892c066369f44eb45cfd3655dd1.csv
2026-09-18 14:50:24,081 - WARNING - Target CSV missing for PR 5692: eclipse-rdf4j_rdf4j_d0496a92ad34c1ea80fdaa1f7385cd7a9aafa8be.csv
2026-09-18 14:50:24,081 - WARNING - Base CSV missing for PR 5707: eclipse-rdf4j_rdf4j_17411b76093b70f2bd38c428802a67f7b6b27a41.csv
2026-09-18 14:50:24,081 - WARNING - Target CSV missing for PR 5707: eclipse-rdf4j_rdf4j_13ca7b6553a93dfb6e02f3398010e99812f17daa.csv
2026-09-18 14:50:24,081 - WARNING - Base CSV missing for PR 5731: eclipse-rdf4j_rdf4j_91bbd1e2f5ea59db063c1304b91fd329feb3a39b.csv
2026-09-18 14:50:24,081 - WARNING - Target CSV missing for PR 5731: eclipse-rdf4j_rdf4j_3909341f55b358bba6819a2a323af93f1076bc45.csv
2026-09-18 14:50:24,081 - WARNING - Base CSV missing for PR 5745: eclipse-rdf4j_rdf4j_dd4b2bbc681d81e343eb00390aa586f084246bc9.csv
2026-09-18 14:50:24,081 - WARNING - Target CSV missing for PR 5745: eclipse-rdf4j_rdf4j_2d71a06f12aa91b4e933828c3f4ffd695ee0dca2.csv
2026-09-18 14:50:24,081 - WARNING - Base CSV missing for PR 5770: eclipse-rdf4j_rdf4j_d57e1d304cee1f1d8d23838ce3690f5073a8f28c.csv
2026-09-18 14:50:24,081 - WARNING - Target CSV missing for PR 5770: eclipse-rdf4j_rdf4j_1171b985c4234d8c9ee8c66ee172243d18b44fe0.csv
2026-09-18 14:50:24,081 - WARNING - Base CSV missing for PR 598: devoxx_DevoxxGenieIDEAPlugin_41928a38f87e2242233af0e1b7ad53140a2f79c9.csv
2026-09-18 14:50:24,081 - WARNING - Target CSV missing for PR 598: devoxx_DevoxxGenieIDEAPlugin_385f14c954642b4a765c30eb11830d1ec941508c.csv
2026-09-18 14:50:24,081 - WARNING - Base CSV missing for PR 122222: elastic_elasticsearch_bda99c93902c4c26b4866e63ea666d5951959b90.csv
2026-09-18 14:50:24,081 - WARNING - Target CSV missing for PR 122222: elastic_elasticsearch_ce9f3f4284d7e488711fa975c3073592413a4de9.csv
2026-09-18 14:50:24,081 - WARNING - Base CSV missing for PR 625: devoxx_DevoxxGenieIDEAPlugin_45d0e84ae6dc94e4051d8c1862d0a5aab04d2f83.csv
2026-09-18 14:50:24,081 - WARNING - Target CSV missing for PR 625: devoxx_DevoxxGenieIDEAPlugin_81fbc8609d26564fe8d3a656ff330555208a78ca.csv
2026-09-18 14:50:24,081 - WARNING - Base CSV missing for PR 626: devoxx_DevoxxGenieIDEAPlugin_81fbc8609d26564fe8d3a656ff330555208a78ca.csv
2026-09-18 14:50:24,081 - WARNING - Target CSV missing for PR 626: devoxx_DevoxxGenieIDEAPlugin_5df6432f86f6e3c56122d5db3e1306023f1cca7f.csv
2026-09-18 14:50:24,081 - WARNING - Base CSV missing for PR 627: devoxx_DevoxxGenieIDEAPlugin_5df6432f86f6e3c56122d5db3e1306023f1cca7f.csv
2026-09-18 14:50:24,081 - WARNING - Target CSV missing for PR 627: devoxx_DevoxxGenieIDEAPlugin_1d4db145cec770c1ff1689fd7921e0c25b57568b.csv
2026-09-18 14:50:24,081 - WARNING - Base CSV missing for PR 628: devoxx_DevoxxGenieIDEAPlugin_1d4db145cec770c1ff1689fd7921e0c25b57568b.csv
2026-09-18 14:50:24,081 - WARNING - Target CSV missing for PR 628: devoxx_DevoxxGenieIDEAPlugin_e3fa8a620bd88eb4b014cf424fad73c50469df41.csv
2026-09-18 14:50:24,081 - WARNING - Base CSV missing for PR 54316: apache_doris_0a2956036b01fd58a994cfd188cb85e1da299b4d.csv
2026-09-18 14:50:24,081 - WARNING - Target CSV missing for PR 54316: apache_doris_c5e61289137589cb529dd07731a9284584a8858d.csv
2026-09-18 14:50:24,081 - WARNING - Base CSV missing for PR 7799: deephaven_deephaven-core_8e995cdb7ade81f3cd6866d1936613960d4a23e2.csv
2026-09-18 14:50:24,081 - WARNING - Target CSV missing for PR 7799: deephaven_deephaven-core_d524f1c532a9d48c0fd18ca9637f1c97b1cbcc1f.csv
2026-09-18 14:50:24,081 - WARNING - Base CSV missing for PR 124871: elastic_elasticsearch_b9ab327741d09241620f9ede0afb0c4e96e5ec36.csv
2026-09-18 14:50:24,081 - WARNING - Target CSV missing for PR 124871: elastic_elasticsearch_d018645706caa71f0a9088e6ec67813cd7f773b7.csv
2026-09-18 14:50:24,081 - WARNING - Base CSV missing for PR 4561: openhab_openhab-core_3a30c7a44a08957bc26b47f0add368baf442b486.csv
2026-09-18 14:50:24,081 - WARNING - Target CSV missing for PR 4561: openhab_openhab-core_2d29ff5545e2744b649ff1f3cbb4383cd2c1a9cb.csv
2026-09-18 14:50:24,081 - WARNING - Base CSV missing for PR 4606: openhab_openhab-core_328aa7e4a57d8a7b0a47a2afad2a216777f36ec1.csv
2026-09-18 14:50:24,081 - WARNING - Target CSV missing for PR 4606: openhab_openhab-core_9cd72164f56ef7114b06db6dfffa7f2879f8c95e.csv
2026-09-18 14:50:24,081 - WARNING - Base CSV missing for PR 4617: openhab_openhab-core_1c33c03cd41b88037f86dfc5025a06711daacee3.csv
2026-09-18 14:50:24,081 - WARNING - Target CSV missing for PR 4617: openhab_openhab-core_85d539c35b370deaa48bb11f903d66bb1c5cb93d.csv
2026-09-18 14:50:24,081 - WARNING - Base CSV missing for PR 4654: openhab_openhab-core_2eec58a95fce9f1402666b81791074e81d1b09b7.csv
2026-09-18 14:50:24,081 - WARNING - Target CSV missing for PR 4654: openhab_openhab-core_25f3becef61fdea9a6e59745331428aa716702db.csv
2026-09-18 14:50:24,081 - WARNING - Base CSV missing for PR 4724: openhab_openhab-core_fc8d791dbda6ec18caee19659153010c585876f1.csv
2026-09-18 14:50:24,081 - WARNING - Target CSV missing for PR 4724: openhab_openhab-core_e4cc912f04e14ddd91ab3c6ae98bfc795e4ca1a1.csv
2026-09-18 14:50:24,081 - WARNING - Base CSV missing for PR 2367: DIGI-UW_OpenELIS-Global-2_f36d453b5e06aebdbfb2492b9cdaa19d499b43c6.csv
2026-09-18 14:50:24,081 - WARNING - Target CSV missing for PR 2367: DIGI-UW_OpenELIS-Global-2_0005bfc52ef19e8db6a3af7395fce4c88cfc1f4b.csv
2026-09-18 14:50:24,081 - WARNING - Base CSV missing for PR 2371: DIGI-UW_OpenELIS-Global-2_86ac5cc81848594e457303830cc62b0a435c4007.csv
2026-09-18 14:50:24,081 - WARNING - Target CSV missing for PR 2371: DIGI-UW_OpenELIS-Global-2_72d27c27904b20019d1e24866f0462199fc7396e.csv
2026-09-18 14:50:24,081 - WARNING - Base CSV missing for PR 54887: apache_doris_b84e6ca7812aab930d11e40400d806da6c1a8e23.csv
2026-09-18 14:50:24,081 - WARNING - Target CSV missing for PR 54887: apache_doris_ddf980533873082a4a08845a23f5f3f59abecee3.csv
2026-09-18 14:50:24,081 - WARNING - Base CSV missing for PR 122244: elastic_elasticsearch_10aa1dc708cd14ff3ad3bd57af0b2ce87c5f57b0.csv
2026-09-18 14:50:24,081 - WARNING - Target CSV missing for PR 122244: elastic_elasticsearch_83e6da7c48c1421550ff0069583fec93e32faf9c.csv
2026-09-18 14:50:24,081 - WARNING - Base CSV missing for PR 4776: openhab_openhab-core_e9700f85ec844946926936075fdb8c093d5068eb.csv
2026-09-18 14:50:24,081 - WARNING - Target CSV missing for PR 4776: openhab_openhab-core_bc62a202eee54c97f148ec0e6023a82167575c83.csv
2026-09-18 14:50:24,081 - WARNING - Base CSV missing for PR 4793: openhab_openhab-core_81e3a05614943c981de47d1e26ddd70f055910a4.csv
2026-09-18 14:50:24,081 - WARNING - Target CSV missing for PR 4793: openhab_openhab-core_00b6a476a72ef38b64cd25dea9e26bfd985c965b.csv
2026-09-18 14:50:24,081 - WARNING - Base CSV missing for PR 4845: openhab_openhab-core_95cb442524585e16aa6a334093a25fa7387a9d59.csv
2026-09-18 14:50:24,081 - WARNING - Target CSV missing for PR 4845: openhab_openhab-core_48e20d660a398b1831c59455ba653fa087c8ab8d.csv
2026-09-18 14:50:24,081 - WARNING - Base CSV missing for PR 5302: openhab_openhab-core_e206397672c6139cf04bda293a3b4d6877c91eaa.csv
2026-09-18 14:50:24,082 - WARNING - Target CSV missing for PR 5302: openhab_openhab-core_352e81b201486cc1824e7a0b6b7be66af4dbceaa.csv
2026-09-18 14:50:24,082 - WARNING - Base CSV missing for PR 126011: elastic_elasticsearch_8fc763eacabad9604153f6387ab3c946fadf3577.csv
2026-09-18 14:50:24,082 - WARNING - Target CSV missing for PR 126011: elastic_elasticsearch_bc4d7ebb00bf8e44bc890b6257187c5fa6225ea2.csv
2026-09-18 14:50:24,082 - WARNING - Base CSV missing for PR 122245: elastic_elasticsearch_e70619368913308a3e38aeaaca0fe02d26eaf056.csv
2026-09-18 14:50:24,082 - WARNING - Target CSV missing for PR 122245: elastic_elasticsearch_cde84933741ea12558c602523505707c1bc9b7a7.csv
2026-09-18 14:50:24,082 - WARNING - Base CSV missing for PR 4883: openhab_openhab-core_cdfd652ce21e5c592f58917de3da55138ffa894f.csv
2026-09-18 14:50:24,082 - WARNING - Target CSV missing for PR 4883: openhab_openhab-core_7329ce7acfdceadb348d573925d94af8a18b71fe.csv
2026-09-18 14:50:24,082 - WARNING - Base CSV missing for PR 5335: openhab_openhab-core_9b854e264febea35d48beea4f107efc7ee04f412.csv
2026-09-18 14:50:24,082 - WARNING - Target CSV missing for PR 5335: openhab_openhab-core_0e9ca965f253fd41046e5e21d4fae106358d4777.csv
2026-09-18 14:50:24,082 - WARNING - Base CSV missing for PR 124353: elastic_elasticsearch_74bb0f9826650b37fdc880af78dddb6e5719b799.csv
2026-09-18 14:50:24,082 - WARNING - Target CSV missing for PR 124353: elastic_elasticsearch_80deeb81127656aaca70d62338278bdb0fdf3d31.csv
2026-09-18 14:50:24,082 - WARNING - Base CSV missing for PR 4910: openhab_openhab-core_cfdb31c5172ba730646584ec753efca252fc2965.csv
2026-09-18 14:50:24,082 - WARNING - Target CSV missing for PR 4910: openhab_openhab-core_9aa597249a31340b1002500890c511aa9e7da862.csv
2026-09-18 14:50:24,082 - WARNING - Base CSV missing for PR 4913: openhab_openhab-core_b68a58dbe0eca5e4b01419f5f79aacd74fd4edf7.csv
2026-09-18 14:50:24,082 - WARNING - Target CSV missing for PR 4913: openhab_openhab-core_9448de46d013d7d1f1b9d7ed5458a27e3a8feaa9.csv
2026-09-18 14:50:24,082 - WARNING - Base CSV missing for PR 35860: apache_shardingsphere_93d708e892b7327adbea41732f22d22f70c7e8d2.csv
2026-09-18 14:50:24,082 - WARNING - Target CSV missing for PR 35860: apache_shardingsphere_f1ec65245a3e97f094c51e3b1b121281492c7991.csv
2026-09-18 14:50:24,082 - WARNING - Base CSV missing for PR 4928: openhab_openhab-core_00b6a476a72ef38b64cd25dea9e26bfd985c965b.csv
2026-09-18 14:50:24,082 - WARNING - Target CSV missing for PR 4928: openhab_openhab-core_7c848bf89187318b471651dbd88840ce6c8a8ee0.csv
2026-09-18 14:50:24,082 - WARNING - Base CSV missing for PR 35861: apache_shardingsphere_f1ec65245a3e97f094c51e3b1b121281492c7991.csv
2026-09-18 14:50:24,082 - WARNING - Target CSV missing for PR 35861: apache_shardingsphere_3c0edc14b0768b0a3df99c9cf03a7f925bc693e2.csv
2026-09-18 14:50:24,082 - WARNING - Base CSV missing for PR 4964: openhab_openhab-core_31b43bc5662b0046e52d30dc316bfd42a0dc1058.csv
2026-09-18 14:50:24,082 - WARNING - Target CSV missing for PR 4964: openhab_openhab-core_75ceb0fcd00e8d8f3b521c53c3da9c1e01e05403.csv
2026-09-18 14:50:24,082 - WARNING - Base CSV missing for PR 4990: openhab_openhab-core_478a7deb6383055681277d5ade25cac3b011d505.csv
2026-09-18 14:50:24,082 - WARNING - Target CSV missing for PR 4990: openhab_openhab-core_5f72352a5994d26c56bbd0dcc997085cdb3c89c2.csv
2026-09-18 14:50:24,082 - WARNING - Base CSV missing for PR 2396: DIGI-UW_OpenELIS-Global-2_4147aeeb00471a98febed71820c0ff12aa3399ec.csv
2026-09-18 14:50:24,082 - WARNING - Target CSV missing for PR 2396: DIGI-UW_OpenELIS-Global-2_3588d7509a96e698e58e7500400cb7a191d1708c.csv
2026-09-18 14:50:24,082 - WARNING - Base CSV missing for PR 2470: DIGI-UW_OpenELIS-Global-2_0da64c576ddc484487fc13067fb5f2dd1d5b8631.csv
2026-09-18 14:50:24,082 - WARNING - Target CSV missing for PR 2470: DIGI-UW_OpenELIS-Global-2_561fc74c304ea48ced19a71fc01883eb9e3e5b61.csv
2026-09-18 14:50:24,082 - WARNING - Base CSV missing for PR 2402: DIGI-UW_OpenELIS-Global-2_6b68cb1f378b26ee5906b880df732af3b87b6100.csv
2026-09-18 14:50:24,082 - WARNING - Target CSV missing for PR 2402: DIGI-UW_OpenELIS-Global-2_dee8d62524b85f0885a7c2f16b9b6d02d2d9c8ea.csv
2026-09-18 14:50:24,082 - WARNING - Base CSV missing for PR 2403: DIGI-UW_OpenELIS-Global-2_1877ae026d0fe05cb6308acab3373e2b073dff6c.csv
2026-09-18 14:50:24,082 - WARNING - Target CSV missing for PR 2403: DIGI-UW_OpenELIS-Global-2_749de1d6a0987b2cd528cdcb651a8a94b45f99af.csv
2026-09-18 14:50:24,082 - WARNING - Base CSV missing for PR 2405: DIGI-UW_OpenELIS-Global-2_dee8d62524b85f0885a7c2f16b9b6d02d2d9c8ea.csv
2026-09-18 14:50:24,082 - WARNING - Target CSV missing for PR 2405: DIGI-UW_OpenELIS-Global-2_1877ae026d0fe05cb6308acab3373e2b073dff6c.csv
2026-09-18 14:50:24,082 - WARNING - Base CSV missing for PR 2443: DIGI-UW_OpenELIS-Global-2_97c31398371d24c368d676322509775f814e33da.csv
2026-09-18 14:50:24,082 - WARNING - Target CSV missing for PR 2443: DIGI-UW_OpenELIS-Global-2_8bb98353b63688238a84e501447c6373fd4e2c9d.csv
2026-09-18 14:50:24,082 - WARNING - Base CSV missing for PR 2449: DIGI-UW_OpenELIS-Global-2_fe15f4673255231143ad294c61340c96f5fda7cb.csv
2026-09-18 14:50:24,082 - WARNING - Target CSV missing for PR 2449: DIGI-UW_OpenELIS-Global-2_afb4eb99a3cd87277cb6320b216482e43e053164.csv
2026-09-18 14:50:24,082 - WARNING - Base CSV missing for PR 5018: openhab_openhab-core_b535d22d4d99a816439497a6a9e4f0e715623d05.csv
2026-09-18 14:50:24,082 - WARNING - Target CSV missing for PR 5018: openhab_openhab-core_31b43bc5662b0046e52d30dc316bfd42a0dc1058.csv
2026-09-18 14:50:24,082 - WARNING - Base CSV missing for PR 127247: elastic_elasticsearch_3cc88077531800596ef3682ccd504cb4111a7473.csv
2026-09-18 14:50:24,082 - WARNING - Target CSV missing for PR 127247: elastic_elasticsearch_177e3190f49b5d818ea316cd7862f45ae41ab376.csv
2026-09-18 14:50:24,082 - WARNING - Base CSV missing for PR 35862: apache_shardingsphere_3c0edc14b0768b0a3df99c9cf03a7f925bc693e2.csv
2026-09-18 14:50:24,082 - WARNING - Target CSV missing for PR 35862: apache_shardingsphere_d23c68b94c694f5e96fdd0d3969867f1adc701f2.csv
2026-09-18 14:50:24,082 - WARNING - Base CSV missing for PR 5348: openhab_openhab-core_60331d1d6517d41538fdc6a009e97af2207770fe.csv
2026-09-18 14:50:24,082 - WARNING - Target CSV missing for PR 5348: openhab_openhab-core_48e1442e6b91c1a40dec657031ef794e9fb53b22.csv
2026-09-18 14:50:24,082 - WARNING - Base CSV missing for PR 839: devoxx_DevoxxGenieIDEAPlugin_309719e63404d23d51ae4dd5c4e6914d2d4d3c3f.csv
2026-09-18 14:50:24,082 - WARNING - Target CSV missing for PR 839: devoxx_DevoxxGenieIDEAPlugin_7f878bf5b31f97b441d720050ba458029243f0ac.csv
2026-09-18 14:50:24,082 - WARNING - Base CSV missing for PR 5208: valkey-io_valkey-glide_aab55f03462a05ff51fd2dee3e1a3b3adff16233.csv
2026-09-18 14:50:24,082 - WARNING - Target CSV missing for PR 5208: valkey-io_valkey-glide_a5085fc0e76e3afcb19a66de451d3f7348fde994.csv
2026-09-18 14:50:24,082 - WARNING - Base CSV missing for PR 2483: DIGI-UW_OpenELIS-Global-2_6779eae4dd9a56f4a335fe98a27ebe32661e9fb3.csv
2026-09-18 14:50:24,082 - WARNING - Target CSV missing for PR 2483: DIGI-UW_OpenELIS-Global-2_8a539f23fcde0fcba10fdf0f88daa31a427bc46c.csv
2026-09-18 14:50:24,082 - WARNING - Base CSV missing for PR 2514: DIGI-UW_OpenELIS-Global-2_f40fe01b590839d43ec579b9cc63884e0e277f6a.csv
2026-09-18 14:50:24,082 - WARNING - Target CSV missing for PR 2514: DIGI-UW_OpenELIS-Global-2_51381a8695feb87661addfd8f8b42bac18ac13ee.csv
2026-09-18 14:50:24,082 - WARNING - Base CSV missing for PR 5355: openhab_openhab-core_e17886b22f783205f4c3b21ed49b3ca0a22862e0.csv
2026-09-18 14:50:24,082 - WARNING - Target CSV missing for PR 5355: openhab_openhab-core_926304f7271e05eb376ab61a5d311797f324a54a.csv
2026-09-18 14:50:24,082 - WARNING - Base CSV missing for PR 47057: Azure_azure-sdk-for-java_51d29391ceb3449b76162c3957354a13ec27a2b5.csv
2026-09-18 14:50:24,082 - WARNING - Target CSV missing for PR 47057: Azure_azure-sdk-for-java_edbe4158686bbafa3ed37202e738579926235158.csv
2026-09-18 14:50:24,082 - WARNING - Base CSV missing for PR 5084: valkey-io_valkey-glide_c83607e19c3be9b36a782e3cea9466529398670b.csv
2026-09-18 14:50:24,082 - WARNING - Target CSV missing for PR 5084: valkey-io_valkey-glide_700d52f8010433078a7fa7c1aa325931cbf7e78c.csv
2026-09-18 14:50:24,083 - WARNING - Base CSV missing for PR 5403: openhab_openhab-core_3f93027f9e0ad7728d076ea3f61e8fa29c8b02ab.csv
2026-09-18 14:50:24,083 - WARNING - Target CSV missing for PR 5403: openhab_openhab-core_775f2b368bd9cae5a5d5b109e97ad40b7665c521.csv
2026-09-18 14:50:24,083 - WARNING - Base CSV missing for PR 5418: openhab_openhab-core_4d6f115a8b1fa53ff75b13474bcf1d0c14ed4ad7.csv
2026-09-18 14:50:24,083 - WARNING - Target CSV missing for PR 5418: openhab_openhab-core_b7a48af78612f96ac31569252cb9ba0669752ae6.csv
2026-09-18 14:50:24,083 - WARNING - Base CSV missing for PR 5439: openhab_openhab-core_a51e7f9910eb11cdba2173d78e292e0e7714a7ed.csv
2026-09-18 14:50:24,083 - WARNING - Target CSV missing for PR 5439: openhab_openhab-core_99358ab17ee943ded4bc7b4896d846af3c14df73.csv
2026-09-18 14:50:24,083 - WARNING - Base CSV missing for PR 5459: openhab_openhab-core_a51e7f9910eb11cdba2173d78e292e0e7714a7ed.csv
2026-09-18 14:50:24,083 - WARNING - Target CSV missing for PR 5459: openhab_openhab-core_0f8df85557a8eec9879b3e24f9ad3ce72e24db9f.csv
2026-09-18 14:50:24,083 - WARNING - Base CSV missing for PR 124879: elastic_elasticsearch_b9ab327741d09241620f9ede0afb0c4e96e5ec36.csv
2026-09-18 14:50:24,083 - WARNING - Target CSV missing for PR 124879: elastic_elasticsearch_6bfea79cb46b5f252afda04ff0de1ddfc61be016.csv
2026-09-18 14:50:24,083 - WARNING - Base CSV missing for PR 5502: openhab_openhab-core_511d4a194ef9e7559fea01b492215dccfaaedc28.csv
2026-09-18 14:50:24,083 - WARNING - Target CSV missing for PR 5502: openhab_openhab-core_0926c54c1e601a8c62a1ab9ee8dd93c8d5c3f40b.csv
2026-09-18 14:50:24,083 - WARNING - Base CSV missing for PR 35863: apache_shardingsphere_d23c68b94c694f5e96fdd0d3969867f1adc701f2.csv
2026-09-18 14:50:24,083 - WARNING - Target CSV missing for PR 35863: apache_shardingsphere_71fc77534a18097405d90e2c5151960553c826ec.csv
2026-09-18 14:50:24,083 - WARNING - Base CSV missing for PR 5085: valkey-io_valkey-glide_f99db2209d6d41c7ac03305344b8fee7500a8905.csv
2026-09-18 14:50:24,083 - WARNING - Target CSV missing for PR 5085: valkey-io_valkey-glide_878eb7f10da77fbafd4d86bc035811f815a0842a.csv
2026-09-18 14:50:24,083 - WARNING - Base CSV missing for PR 2978: valkey-io_valkey-glide_a410ea5d4920dcff7284c434363187963c5450e8.csv
2026-09-18 14:50:24,083 - WARNING - Target CSV missing for PR 2978: valkey-io_valkey-glide_7b77603f6e55eb3c7b1ec5428c8eb4b9c7ef4cbc.csv
2026-09-18 14:50:24,083 - WARNING - Base CSV missing for PR 3202: valkey-io_valkey-glide_4de9ae479705f479b2030c07246a3e62dc6200db.csv
2026-09-18 14:50:24,083 - WARNING - Target CSV missing for PR 3202: valkey-io_valkey-glide_ae6a53c5cc6512ae40784e6f93360fb6828d4fbe.csv
2026-09-18 14:50:24,083 - WARNING - Base CSV missing for PR 1468: DIGI-UW_OpenELIS-Global-2_381f29ca646f4998675f68bbecb2cb81d8a17964.csv
2026-09-18 14:50:24,083 - WARNING - Target CSV missing for PR 1468: DIGI-UW_OpenELIS-Global-2_b5ee22c671195fb37820752fe088f2c390d8e541.csv
2026-09-18 14:50:24,083 - WARNING - Base CSV missing for PR 1476: DIGI-UW_OpenELIS-Global-2_b5ee22c671195fb37820752fe088f2c390d8e541.csv
2026-09-18 14:50:24,083 - WARNING - Target CSV missing for PR 1476: DIGI-UW_OpenELIS-Global-2_4a6d14c0afc4ac5b8953716ff05227505c052c0d.csv
2026-09-18 14:50:24,083 - WARNING - Base CSV missing for PR 276: wttech_acm_0412127773c9982b90fde5f40c6c547ae1073fef.csv
2026-09-18 14:50:24,083 - WARNING - Target CSV missing for PR 276: wttech_acm_036ade86bdeacf1f0453d5e05c66add8a2c18399.csv
2026-09-18 14:50:24,083 - WARNING - Base CSV missing for PR 1399: equinor_neqsim_e204fe651de6c84de7d98d8befb0e78a7b1d65f4.csv
2026-09-18 14:50:24,083 - WARNING - Target CSV missing for PR 1399: equinor_neqsim_fb6a7a4788b7c7a9f467c7854b0866d4644ce10e.csv
2026-09-18 14:50:24,083 - WARNING - Base CSV missing for PR 3364: valkey-io_valkey-glide_744ab3197022fb4d83b8f82e08ee9501d0fd182d.csv
2026-09-18 14:50:24,083 - WARNING - Target CSV missing for PR 3364: valkey-io_valkey-glide_82393aabddee9fe0fc671342cc84181d225cd34b.csv
2026-09-18 14:50:24,083 - WARNING - Base CSV missing for PR 3848: valkey-io_valkey-glide_274c1a5a5aa8cee0bfcce97f2422a9fa4d00ccf7.csv
2026-09-18 14:50:24,083 - WARNING - Target CSV missing for PR 3848: valkey-io_valkey-glide_7a883ebdaf16f6d5507f376957e69142c77cb661.csv
2026-09-18 14:50:24,083 - WARNING - Base CSV missing for PR 933: devoxx_DevoxxGenieIDEAPlugin_b15fd8d2e9729840ac5591eb1981bb8c1ee44171.csv
2026-09-18 14:50:24,083 - WARNING - Target CSV missing for PR 933: devoxx_DevoxxGenieIDEAPlugin_08bd2c1d4d3938851029b7fbde6fad1b421488b5.csv
2026-09-18 14:50:24,083 - WARNING - Base CSV missing for PR 934: devoxx_DevoxxGenieIDEAPlugin_08bd2c1d4d3938851029b7fbde6fad1b421488b5.csv
2026-09-18 14:50:24,083 - WARNING - Target CSV missing for PR 934: devoxx_DevoxxGenieIDEAPlugin_81c9442507673036308891d6321c36418169a841.csv
2026-09-18 14:50:24,083 - WARNING - Base CSV missing for PR 3754: valkey-io_valkey-glide_9ccf1154ca1159425af910b120fb52a9801268ce.csv
2026-09-18 14:50:24,083 - WARNING - Target CSV missing for PR 3754: valkey-io_valkey-glide_a74d993beb724141651556ac893f24ff793cec89.csv
2026-09-18 14:50:24,083 - WARNING - Base CSV missing for PR 976: devoxx_DevoxxGenieIDEAPlugin_fc420e3a1cf27e182f0bb9eeadf97273a460456b.csv
2026-09-18 14:50:24,083 - WARNING - Target CSV missing for PR 976: devoxx_DevoxxGenieIDEAPlugin_3bad09717ab84645a18f8722bd5b9d35314baaac.csv
2026-09-18 14:50:24,083 - WARNING - Base CSV missing for PR 978: devoxx_DevoxxGenieIDEAPlugin_93d747fd5fe47f96d6c5c739a2fa78fec81260f4.csv
2026-09-18 14:50:24,083 - WARNING - Target CSV missing for PR 978: devoxx_DevoxxGenieIDEAPlugin_14708c1b08720584ece4afe00e7d675ba211a076.csv
2026-09-18 14:50:24,083 - WARNING - Base CSV missing for PR 972: devoxx_DevoxxGenieIDEAPlugin_5e046e3e87bc43b565d3d078d45f596480b28744.csv
2026-09-18 14:50:24,083 - WARNING - Target CSV missing for PR 972: devoxx_DevoxxGenieIDEAPlugin_586065708407cf8e1660671adabaea75fa8a44d1.csv
2026-09-18 14:50:24,083 - WARNING - Base CSV missing for PR 132313: elastic_elasticsearch_e223df117f96a26abd2544834f81d31c7faf23df.csv
2026-09-18 14:50:24,083 - WARNING - Target CSV missing for PR 132313: elastic_elasticsearch_883f631e720b1de0b76d22cee64c74a6c9ebdc41.csv
2026-09-18 14:50:24,083 - WARNING - Base CSV missing for PR 985: devoxx_DevoxxGenieIDEAPlugin_bc1faf0d0f1788a4349a1797ff7e9a72150b8ecc.csv
2026-09-18 14:50:24,083 - WARNING - Target CSV missing for PR 985: devoxx_DevoxxGenieIDEAPlugin_b206c7a80d4af8ed28e37335b3b16c8052b6bcb7.csv
2026-09-18 14:50:24,083 - WARNING - Base CSV missing for PR 987: devoxx_DevoxxGenieIDEAPlugin_cdb9679c949b050ba6bcebbf747061338e126def.csv
2026-09-18 14:50:24,083 - WARNING - Target CSV missing for PR 987: devoxx_DevoxxGenieIDEAPlugin_f00cf0fe63f1d904c5469f9638ef1d2cf885c405.csv
2026-09-18 14:50:24,083 - WARNING - Base CSV missing for PR 126033: elastic_elasticsearch_bb9892a518e301c6fc16a466387d8fd30ddd0fc4.csv
2026-09-18 14:50:24,083 - WARNING - Target CSV missing for PR 126033: elastic_elasticsearch_c7a85aebe691c85d50e9c887e5808059ec36d8bd.csv
2026-09-18 14:50:24,083 - WARNING - Base CSV missing for PR 1543: DIGI-UW_OpenELIS-Global-2_f41902bf4f6753231881e42d5a39bf47b676ee6f.csv
2026-09-18 14:50:24,083 - WARNING - Target CSV missing for PR 1543: DIGI-UW_OpenELIS-Global-2_544ec7f979aa4f9c48088154282d363608ab13e0.csv
2026-09-18 14:50:24,083 - WARNING - Base CSV missing for PR 1581: DIGI-UW_OpenELIS-Global-2_e94bd660998428d456ecc06d5fbbc24d7e8207eb.csv
2026-09-18 14:50:24,083 - WARNING - Target CSV missing for PR 1581: DIGI-UW_OpenELIS-Global-2_0966f670523b99d71870c81591703cd43fb8cde5.csv
2026-09-18 14:50:24,083 - WARNING - Base CSV missing for PR 37: WeGoSolutions_PeTinder-Back_d6e788b2d9a74133a6b9c6c2112d0238d2949d2d.csv
2026-09-18 14:50:24,083 - WARNING - Target CSV missing for PR 37: WeGoSolutions_PeTinder-Back_73dfffb5e71cafe3ef9d7ed1c9d7e26b27964aeb.csv
2026-09-18 14:50:24,084 - WARNING - Base CSV missing for PR 34: CBIIT_dme-archival-workflow_7727b9fd70ee661cf9b1b0f600baea6fb99d6330.csv
2026-09-18 14:50:24,084 - WARNING - Target CSV missing for PR 34: CBIIT_dme-archival-workflow_6f02aaa1341adbaf276519604c168e9fb9815829.csv
2026-09-18 14:50:24,084 - WARNING - Base CSV missing for PR 3826: valkey-io_valkey-glide_6612f19e41be385e1dea4ad3cab63e61f67a27e5.csv
2026-09-18 14:50:24,084 - WARNING - Target CSV missing for PR 3826: valkey-io_valkey-glide_14a9c760fd788893a11ee1b90c9af5ba0a2f7cac.csv
2026-09-18 14:50:24,084 - WARNING - Base CSV missing for PR 123087: elastic_elasticsearch_c118ab94f4a146fc13b78f54967fdcd605396f62.csv
2026-09-18 14:50:24,084 - WARNING - Target CSV missing for PR 123087: elastic_elasticsearch_3e3dfa4fb76fc93e584856d17b885af1a4619d39.csv
2026-09-18 14:50:24,084 - WARNING - Base CSV missing for PR 1702: DIGI-UW_OpenELIS-Global-2_5a362f11299da4ef31ae21db0d1e925f86887ffe.csv
2026-09-18 14:50:24,084 - WARNING - Target CSV missing for PR 1702: DIGI-UW_OpenELIS-Global-2_f77412e715dc003dbd88b8856698872d601782ba.csv
2026-09-18 14:50:24,084 - WARNING - Base CSV missing for PR 1707: DIGI-UW_OpenELIS-Global-2_f672bbd842639e063574f3e53aeb008197843046.csv
2026-09-18 14:50:24,084 - WARNING - Target CSV missing for PR 1707: DIGI-UW_OpenELIS-Global-2_f782b743774fb5a9554435e153e830f765d868a5.csv
2026-09-18 14:50:24,084 - WARNING - Base CSV missing for PR 1666: DIGI-UW_OpenELIS-Global-2_56c83107aea348033fefe7c793540f87f106a029.csv
2026-09-18 14:50:24,084 - WARNING - Target CSV missing for PR 1666: DIGI-UW_OpenELIS-Global-2_5635e435705ffb9d232b2f3be9b4905bf65d545c.csv
2026-09-18 14:50:24,084 - WARNING - Base CSV missing for PR 1708: DIGI-UW_OpenELIS-Global-2_4b12f21542d61425e714747221097c1afccbaeba.csv
2026-09-18 14:50:24,084 - WARNING - Target CSV missing for PR 1708: DIGI-UW_OpenELIS-Global-2_ba6079ca5bd63f099e25ee213cb24fa85abade84.csv
2026-09-18 14:50:24,084 - WARNING - Base CSV missing for PR 126039: elastic_elasticsearch_1b876d112c6e6a7734a2fa2a52324a2afcb53d38.csv
2026-09-18 14:50:24,084 - WARNING - Target CSV missing for PR 126039: elastic_elasticsearch_8704355f2e5ced2a76f08c078795d5dd180a51cf.csv
2026-09-18 14:50:24,084 - WARNING - Base CSV missing for PR 1721: DIGI-UW_OpenELIS-Global-2_3d5e96b6df679aec55ae4bcc6a8419d65216ca4c.csv
2026-09-18 14:50:24,084 - WARNING - Target CSV missing for PR 1721: DIGI-UW_OpenELIS-Global-2_c298cc5ca8ab834b18d9e84e6b463f2a5a412b9e.csv
2026-09-18 14:50:24,084 - WARNING - Base CSV missing for PR 1748: DIGI-UW_OpenELIS-Global-2_dcddc7f87f36c0f85ae46f13eab478053594c056.csv
2026-09-18 14:50:24,084 - WARNING - Target CSV missing for PR 1748: DIGI-UW_OpenELIS-Global-2_37131e27dc55805c250a569859ed08541ea7b9b5.csv
2026-09-18 14:50:24,084 - WARNING - Base CSV missing for PR 1779: DIGI-UW_OpenELIS-Global-2_0c9202c70b7d0b5081b57965dce2690dcac26b31.csv
2026-09-18 14:50:24,084 - WARNING - Target CSV missing for PR 1779: DIGI-UW_OpenELIS-Global-2_7b9afa05df0031cfab93aeb27e79c6a82c72edfa.csv
2026-09-18 14:50:24,084 - WARNING - Base CSV missing for PR 1836: DIGI-UW_OpenELIS-Global-2_771472476ec7411ef768122ef719f45c4af98e0a.csv
2026-09-18 14:50:24,084 - WARNING - Target CSV missing for PR 1836: DIGI-UW_OpenELIS-Global-2_e1e2e12ad333fd47c1a6a9b9845f9cb8a3a150a2.csv
2026-09-18 14:50:24,084 - WARNING - Base CSV missing for PR 1925: DIGI-UW_OpenELIS-Global-2_62673147aed06dd034478effa60310a3ce8466c8.csv
2026-09-18 14:50:24,084 - WARNING - Target CSV missing for PR 1925: DIGI-UW_OpenELIS-Global-2_178aa9f6db54e87a141ccedd991e5ef484f04a25.csv
2026-09-18 14:50:24,084 - WARNING - Base CSV missing for PR 2853: ArcadeData_arcadedb_87d6437363918a733123eeb27d03f698c228fe48.csv
2026-09-18 14:50:24,084 - WARNING - Target CSV missing for PR 2853: ArcadeData_arcadedb_dfd3f5eef07304c66eab6f28c93eb35097a30544.csv
2026-09-18 14:50:24,084 - WARNING - Base CSV missing for PR 1954: ArcadeData_arcadedb_8eeb23c55ecc50dd65a3e4da0d0678fd42fbbc23.csv
2026-09-18 14:50:24,084 - WARNING - Target CSV missing for PR 1954: ArcadeData_arcadedb_6c580857e9002a4338d342f0aa4b5f872e4d75a6.csv
2026-09-18 14:50:24,084 - WARNING - Base CSV missing for PR 1896: DIGI-UW_OpenELIS-Global-2_bd0a43f4cc6ff94e34ca16691db17a9b5af4d872.csv
2026-09-18 14:50:24,084 - WARNING - Target CSV missing for PR 1896: DIGI-UW_OpenELIS-Global-2_ee7fd2b33f0103c51fd033f5648c22cd3583fc88.csv
2026-09-18 14:50:24,084 - WARNING - Base CSV missing for PR 1931: DIGI-UW_OpenELIS-Global-2_d1b0b02a59c77d40ff63ccbba84a9df659235ae7.csv
2026-09-18 14:50:24,084 - WARNING - Target CSV missing for PR 1931: DIGI-UW_OpenELIS-Global-2_c3934c7ca3cbd7d421f542c26675f89d1adc8d3b.csv
2026-09-18 14:50:24,084 - WARNING - Base CSV missing for PR 1937: DIGI-UW_OpenELIS-Global-2_2de3bf0e041c6c2fb1e3c25600ef96f59b09de2d.csv
2026-09-18 14:50:24,084 - WARNING - Target CSV missing for PR 1937: DIGI-UW_OpenELIS-Global-2_8146126ecabbe88c4fc2d5d8fa6ed32e06ee0a4b.csv
2026-09-18 14:50:24,084 - WARNING - Base CSV missing for PR 2026: DIGI-UW_OpenELIS-Global-2_912be8b0bf236fd3a22cfaa323182aabf7644443.csv
2026-09-18 14:50:24,084 - WARNING - Target CSV missing for PR 2026: DIGI-UW_OpenELIS-Global-2_90f6065cbb89b584bb7c50052755b2a88164a4e0.csv
2026-09-18 14:50:24,084 - WARNING - Base CSV missing for PR 2060: DIGI-UW_OpenELIS-Global-2_00955b511c85d59f3c4d1379d8c960e3b8098c10.csv
2026-09-18 14:50:24,084 - WARNING - Target CSV missing for PR 2060: DIGI-UW_OpenELIS-Global-2_371dbadee4a34c8381b25e40917e449a20b0abaa.csv
2026-09-18 14:50:24,084 - WARNING - Base CSV missing for PR 2102: DIGI-UW_OpenELIS-Global-2_c4f9a596a16f6eeba6d9fd6a91b44167bfcc1d74.csv
2026-09-18 14:50:24,084 - WARNING - Target CSV missing for PR 2102: DIGI-UW_OpenELIS-Global-2_188297a0cb18b86fb39253e30e7c8972fe9bac82.csv
2026-09-18 14:50:24,084 - WARNING - Base CSV missing for PR 72297: StarRocks_starrocks_89a9be4dc59191da2dea2d2e2a8fe7587c22cd18.csv
2026-09-18 14:50:24,084 - WARNING - Target CSV missing for PR 72297: StarRocks_starrocks_ae8ddd3e52527cd4b70378ec2a8397b013f92215.csv
2026-09-18 14:50:24,084 - WARNING - Base CSV missing for PR 2093: DIGI-UW_OpenELIS-Global-2_6cc19b71148736fb111262284597dafd6b3cc623.csv
2026-09-18 14:50:24,084 - WARNING - Target CSV missing for PR 2093: DIGI-UW_OpenELIS-Global-2_c4f9a596a16f6eeba6d9fd6a91b44167bfcc1d74.csv
2026-09-18 14:50:24,084 - WARNING - Base CSV missing for PR 47881: Azure_azure-sdk-for-java_e50dc0efdef30e602a2c520a27f45ea02a096d82.csv
2026-09-18 14:50:24,084 - WARNING - Target CSV missing for PR 47881: Azure_azure-sdk-for-java_993efd7f3a81b6a221602ad5c8bfd66fc1909b19.csv
2026-09-18 14:50:24,084 - WARNING - Base CSV missing for PR 2119: DIGI-UW_OpenELIS-Global-2_17c8d184aa43a1de9d150c1d988372eefa4ebc9a.csv
2026-09-18 14:50:24,084 - WARNING - Target CSV missing for PR 2119: DIGI-UW_OpenELIS-Global-2_f6cd7d7ac5b9602bc5a93424887c3500d5c46fdb.csv
2026-09-18 14:50:24,084 - WARNING - Base CSV missing for PR 2158: DIGI-UW_OpenELIS-Global-2_8a5aa7fe16cad46b213d788b3bc08ada2c84b5fe.csv
2026-09-18 14:50:24,084 - WARNING - Target CSV missing for PR 2158: DIGI-UW_OpenELIS-Global-2_41cf33f4313990939c2de87c544da08e3021973e.csv
2026-09-18 14:50:24,084 - WARNING - Base CSV missing for PR 2144: DIGI-UW_OpenELIS-Global-2_41cf33f4313990939c2de87c544da08e3021973e.csv
2026-09-18 14:50:24,084 - WARNING - Target CSV missing for PR 2144: DIGI-UW_OpenELIS-Global-2_388136b8979d8014b2c375e55ed36c1c8201c683.csv
2026-09-18 14:50:24,084 - WARNING - Base CSV missing for PR 2149: DIGI-UW_OpenELIS-Global-2_660537bd06824307b9ea9e1df3ab5e6e126a6d5a.csv
2026-09-18 14:50:24,084 - WARNING - Target CSV missing for PR 2149: DIGI-UW_OpenELIS-Global-2_e88f153cd8b4dff987797c5dedde0f39e350d432.csv
2026-09-18 14:50:24,084 - WARNING - Base CSV missing for PR 2154: DIGI-UW_OpenELIS-Global-2_d8f20e99c16aca08df90f2ab4cf8f8cf568d4a68.csv
2026-09-18 14:50:24,084 - WARNING - Target CSV missing for PR 2154: DIGI-UW_OpenELIS-Global-2_aff55be4e8a53ecd94d6ce14cf014523073ef48a.csv
2026-09-18 14:50:24,084 - WARNING - Base CSV missing for PR 2188: DIGI-UW_OpenELIS-Global-2_89ca515b5eab3bc403ff8312fb9b8610e80703dc.csv
2026-09-18 14:50:24,085 - WARNING - Target CSV missing for PR 2188: DIGI-UW_OpenELIS-Global-2_c1fa539487cbb641af1375cbd3abb4a58a124e5c.csv
2026-09-18 14:50:24,085 - WARNING - Base CSV missing for PR 2218: DIGI-UW_OpenELIS-Global-2_ec7842c0e31ca7ddc5e4e10c052c9cc2bc92e960.csv
2026-09-18 14:50:24,085 - WARNING - Target CSV missing for PR 2218: DIGI-UW_OpenELIS-Global-2_a04bddd55c7fe56f837cf40a8c14017fec891c27.csv
2026-09-18 14:50:24,085 - WARNING - Base CSV missing for PR 2232: DIGI-UW_OpenELIS-Global-2_f28032d88764dbf4aeed6e3051f819ca1c89816e.csv
2026-09-18 14:50:24,085 - WARNING - Target CSV missing for PR 2232: DIGI-UW_OpenELIS-Global-2_d93bf18ccc4c87421ccd17e10708f5590a698252.csv
2026-09-18 14:50:24,085 - WARNING - Base CSV missing for PR 2236: DIGI-UW_OpenELIS-Global-2_4232b08c0d3742eed0188ba9f768380e69da9ffc.csv
2026-09-18 14:50:24,085 - WARNING - Target CSV missing for PR 2236: DIGI-UW_OpenELIS-Global-2_71573d702401fd5d3ffb5aec814032ac73fba087.csv
2026-09-18 14:50:24,085 - WARNING - Base CSV missing for PR 2249: DIGI-UW_OpenELIS-Global-2_56cfeac6a97158ea6c0986681a53ecdab7b21a9d.csv
2026-09-18 14:50:24,085 - WARNING - Target CSV missing for PR 2249: DIGI-UW_OpenELIS-Global-2_71a63da4280feeec29746f2b3fee3ee27d173782.csv
2026-09-18 14:50:24,085 - WARNING - Base CSV missing for PR 2291: DIGI-UW_OpenELIS-Global-2_9cee273d497a09e2c05e7801bf1fd043ffedf4e2.csv
2026-09-18 14:50:24,085 - WARNING - Target CSV missing for PR 2291: DIGI-UW_OpenELIS-Global-2_d9a9aa70d22f362a86a66be90bf7812fb1bdf40c.csv
2026-09-18 14:50:24,085 - WARNING - Base CSV missing for PR 2677: DIGI-UW_OpenELIS-Global-2_8a2e00402dbf42f44bacb09ad7ac807c6aef12a5.csv
2026-09-18 14:50:24,085 - WARNING - Target CSV missing for PR 2677: DIGI-UW_OpenELIS-Global-2_a3d4d2cc44a04425cab1d099ef94951df7d618dd.csv
2026-09-18 14:50:24,085 - WARNING - Base CSV missing for PR 3883: valkey-io_valkey-glide_51afa5ef748847dfaf4ab44e08daac8a999243fd.csv
2026-09-18 14:50:24,085 - WARNING - Target CSV missing for PR 3883: valkey-io_valkey-glide_c91be05e324a667f0cb2127f1e1a60819cafdfca.csv
2026-09-18 14:50:24,085 - WARNING - Base CSV missing for PR 2647: DIGI-UW_OpenELIS-Global-2_139be52cbaada5fe8843b53f7fdac57757b885c1.csv
2026-09-18 14:50:24,085 - WARNING - Target CSV missing for PR 2647: DIGI-UW_OpenELIS-Global-2_08c3022512c06ac0d3b026539e7203089c82b3e6.csv
2026-09-18 14:50:24,085 - WARNING - Base CSV missing for PR 274: nbauma109_ecd_3cd3aa4709615edf1b528ba206e5348728b97140.csv
2026-09-18 14:50:24,085 - WARNING - Target CSV missing for PR 274: nbauma109_ecd_5dc1fbec3462a5cad3113feb5b9cb8d7bdb7d32a.csv
2026-09-18 14:50:24,085 - WARNING - Base CSV missing for PR 297: nbauma109_ecd_e77263b0bfc5c6184c960844348ab09c53488635.csv
2026-09-18 14:50:24,085 - WARNING - Target CSV missing for PR 297: nbauma109_ecd_7fe0a468469502231ffdef272b8a11b6ec84d66a.csv
2026-09-18 14:50:24,085 - WARNING - Base CSV missing for PR 299: nbauma109_ecd_467498eefed2f2cefa36b9391905a2d914a99594.csv
2026-09-18 14:50:24,085 - WARNING - Target CSV missing for PR 299: nbauma109_ecd_21d47c823be7033eed3d2ae3baa14bca8184c0b3.csv
2026-09-18 14:50:24,085 - WARNING - Base CSV missing for PR 302: nbauma109_ecd_e5df4276685ff9f7e4599b3e094ff89d398e260c.csv
2026-09-18 14:50:24,085 - WARNING - Target CSV missing for PR 302: nbauma109_ecd_aa93220b4ca53bfd49d8252d7294a183f2a27689.csv
2026-09-18 14:50:24,085 - WARNING - Base CSV missing for PR 327: nbauma109_ecd_9ad57f5de1b43610b9a233a16052f0dcd78020dd.csv
2026-09-18 14:50:24,085 - WARNING - Target CSV missing for PR 327: nbauma109_ecd_7aff3426d64a95dfa194d5753e3d8d3ef2f0db53.csv
2026-09-18 14:50:24,085 - WARNING - Base CSV missing for PR 328: nbauma109_ecd_f9a9b871156a51d4e097fe076b309e8d2d50d837.csv
2026-09-18 14:50:24,085 - WARNING - Target CSV missing for PR 328: nbauma109_ecd_443e87c0dd67280944bf48683f52023c6d1a7a11.csv
2026-09-18 14:50:24,085 - WARNING - Base CSV missing for PR 335: nbauma109_ecd_b8277c032168bb3dcaca0b3dc6fe38409f5eccd0.csv
2026-09-18 14:50:24,085 - WARNING - Target CSV missing for PR 335: nbauma109_ecd_d6147f1a4ccf43eb6aa0ec171dfbdd755a722c50.csv
2026-09-18 14:50:24,085 - WARNING - Base CSV missing for PR 336: nbauma109_ecd_a8ba42e8265c157499d3adc3cb121ab0d128af5a.csv
2026-09-18 14:50:24,085 - WARNING - Target CSV missing for PR 336: nbauma109_ecd_c428c1b302ec67c0c8c6a7448abf4d256d6bd75b.csv
2026-09-18 14:50:24,085 - WARNING - Base CSV missing for PR 374: nbauma109_ecd_3bd9d85ce16971c2c7fe2595e216ad2725ff79a2.csv
2026-09-18 14:50:24,085 - WARNING - Target CSV missing for PR 374: nbauma109_ecd_0bcbda1515d40adf84371d39d07bf2fca6d58c36.csv
2026-09-18 14:50:24,085 - WARNING - Base CSV missing for PR 1684: chsami_Microbot_4888fa395c8fe957d8914ef35fff09b3c59bac20.csv
2026-09-18 14:50:24,085 - WARNING - Target CSV missing for PR 1684: chsami_Microbot_0c6dcaaa032b8e594a35b11921fc1992871b962e.csv
2026-09-18 14:50:24,085 - WARNING - Base CSV missing for PR 373: nbauma109_ecd_c80a71e64c578311c777a52c51ce96945587679a.csv
2026-09-18 14:50:24,085 - WARNING - Target CSV missing for PR 373: nbauma109_ecd_3bd9d85ce16971c2c7fe2595e216ad2725ff79a2.csv
2026-09-18 14:50:24,085 - WARNING - Base CSV missing for PR 2674: DIGI-UW_OpenELIS-Global-2_be9ed9c9b3536817b07f81497e87c4be3cc21751.csv
2026-09-18 14:50:24,085 - WARNING - Target CSV missing for PR 2674: DIGI-UW_OpenELIS-Global-2_5dad22ccb6f0216607b906b6889d038101104fb8.csv
2026-09-18 14:50:24,085 - WARNING - Base CSV missing for PR 4551: valkey-io_valkey-glide_b2b30dfc2b88390634087a5e3f82a67381952e30.csv
2026-09-18 14:50:24,085 - WARNING - Target CSV missing for PR 4551: valkey-io_valkey-glide_cff4045825cb0ca80d586f6ce923c4be73dee266.csv
2026-09-18 14:50:24,085 - WARNING - Base CSV missing for PR 47216: Azure_azure-sdk-for-java_639b41eda0be0e8703df52d70b3100b4d119c89c.csv
2026-09-18 14:50:24,085 - WARNING - Target CSV missing for PR 47216: Azure_azure-sdk-for-java_68bb25e8bbeee3d7ec0d2ffeefd809ef51246646.csv
2026-09-18 14:50:24,085 - WARNING - Base CSV missing for PR 47219: Azure_azure-sdk-for-java_78f61886b6d3f7312cd887e32a64f1d3e1d359d2.csv
2026-09-18 14:50:24,085 - WARNING - Target CSV missing for PR 47219: Azure_azure-sdk-for-java_c54a779377f9a1856872fb51ad528497b51b3b9b.csv
2026-09-18 14:50:24,085 - WARNING - Base CSV missing for PR 122996: elastic_elasticsearch_745aa1e099846402e9c452bbb348ab86f53323b1.csv
2026-09-18 14:50:24,085 - WARNING - Target CSV missing for PR 122996: elastic_elasticsearch_d440d72eb98801be6169d2bf8857d0a55ee7fc5f.csv
2026-09-18 14:50:24,085 - WARNING - Base CSV missing for PR 375: nbauma109_ecd_3bd9d85ce16971c2c7fe2595e216ad2725ff79a2.csv
2026-09-18 14:50:24,085 - WARNING - Target CSV missing for PR 375: nbauma109_ecd_7424e14df84ee53b907c80b86998187b97e4c806.csv
2026-09-18 14:50:24,085 - WARNING - Base CSV missing for PR 366: nbauma109_ecd_28ecb4f2a151c64ed73f16436d189e15b306b5a3.csv
2026-09-18 14:50:24,085 - WARNING - Target CSV missing for PR 366: nbauma109_ecd_323ff936d163d94ab257650c284f373123f4fe47.csv
2026-09-18 14:50:24,085 - WARNING - Base CSV missing for PR 380: nbauma109_ecd_e123211de5c256fcc4addbd4990e9e4190c178c5.csv
2026-09-18 14:50:24,085 - WARNING - Target CSV missing for PR 380: nbauma109_ecd_19590796861383e958f8ea23bd4b3af8d98ad1fa.csv
2026-09-18 14:50:24,085 - WARNING - Base CSV missing for PR 296: nbauma109_ecd_eaae3b6092b4967eb633d8e084d313414fc52b9f.csv
2026-09-18 14:50:24,085 - WARNING - Target CSV missing for PR 296: nbauma109_ecd_e77263b0bfc5c6184c960844348ab09c53488635.csv
2026-09-18 14:50:24,085 - WARNING - Base CSV missing for PR 3366: ArcadeData_arcadedb_a4fbf158325ebe0f2335e9d95074cb344ba29ab1.csv
2026-09-18 14:50:24,085 - WARNING - Target CSV missing for PR 3366: ArcadeData_arcadedb_935cb85538482bf51e89d96ce78c2bec01f4a6d5.csv
2026-09-18 14:50:24,085 - WARNING - Base CSV missing for PR 2783: DIGI-UW_OpenELIS-Global-2_f9fb692fafad95d7d86576b171478c876e24b634.csv
2026-09-18 14:50:24,086 - WARNING - Target CSV missing for PR 2783: DIGI-UW_OpenELIS-Global-2_a90aa0b180036a12f177b7a82d949579e2d376e9.csv
2026-09-18 14:50:24,086 - WARNING - Base CSV missing for PR 2186: ArcadeData_arcadedb_0b80599c50bde5027cf1beed7019e7cadf25a86b.csv
2026-09-18 14:50:24,086 - WARNING - Target CSV missing for PR 2186: ArcadeData_arcadedb_e3bcab4dd14bfda80e071059822679685cb4ab44.csv
2026-09-18 14:50:24,086 - WARNING - Base CSV missing for PR 130499: elastic_elasticsearch_acf5a0b259558f71647487fddfef03ee4507b5be.csv
2026-09-18 14:50:24,086 - WARNING - Target CSV missing for PR 130499: elastic_elasticsearch_f244912ada451d3ece0dbbf02ffb72a37e025507.csv
2026-09-18 14:50:24,086 - WARNING - Base CSV missing for PR 3263: ArcadeData_arcadedb_b0ed76ffb6112b6782066e96fdd1411f0f268a4b.csv
2026-09-18 14:50:24,086 - WARNING - Target CSV missing for PR 3263: ArcadeData_arcadedb_310322b0a77c83f03fd4e3649fa47f752a4625df.csv
2026-09-18 14:50:24,086 - WARNING - Base CSV missing for PR 2321: ArcadeData_arcadedb_b70abd2eab7d877c0efcc04d55993bb3a1f82639.csv
2026-09-18 14:50:24,086 - WARNING - Target CSV missing for PR 2321: ArcadeData_arcadedb_68e9359882f18fadff83498c5521762aec69bd72.csv
2026-09-18 14:50:24,086 - WARNING - Base CSV missing for PR 35886: apache_shardingsphere_4078a8776669f9147b09c8432e2533c3731ba441.csv
2026-09-18 14:50:24,086 - WARNING - Target CSV missing for PR 35886: apache_shardingsphere_73676743d79b26fe099ff7ecbf3156dd640e3de1.csv
2026-09-18 14:50:24,086 - WARNING - Base CSV missing for PR 2922: DIGI-UW_OpenELIS-Global-2_4e320ae1dc56b093b69788d0886a887cbc71817b.csv
2026-09-18 14:50:24,086 - WARNING - Target CSV missing for PR 2922: DIGI-UW_OpenELIS-Global-2_55cee405a1b7e150153d7fa96727b91e35ec685d.csv
2026-09-18 14:50:24,086 - WARNING - Base CSV missing for PR 35889: apache_shardingsphere_27c87634c4aa26bdab43a350d06f292ca398e529.csv
2026-09-18 14:50:24,086 - WARNING - Target CSV missing for PR 35889: apache_shardingsphere_9e41867ccec19d6d8ed083c9bc08555fc86c6e13.csv
2026-09-18 14:50:24,086 - WARNING - Base CSV missing for PR 60: Magma-Foundation_Magma_1352684959ccd6a1f587dba6cd26807777b41641.csv
2026-09-18 14:50:24,086 - WARNING - Target CSV missing for PR 60: Magma-Foundation_Magma_238c64994faef89e2b6d05846657dbd3fc964a24.csv
2026-09-18 14:50:24,086 - WARNING - Base CSV missing for PR 100: eclipse-rcptt_org.eclipse.rcptt_509c66e2c0c8598b0795fcf7b412ac235cdc8271.csv
2026-09-18 14:50:24,086 - WARNING - Target CSV missing for PR 100: eclipse-rcptt_org.eclipse.rcptt_a439fddbc051d6708b7fcdcc2a53ce34b98e28c9.csv
2026-09-18 14:50:24,086 - WARNING - Base CSV missing for PR 3047: DIGI-UW_OpenELIS-Global-2_4aae7edd7d3dab1f1ecbd537714b3d00e133f592.csv
2026-09-18 14:50:24,086 - WARNING - Target CSV missing for PR 3047: DIGI-UW_OpenELIS-Global-2_4b647eb69af1c8cfb119962dff4d991a0c8b3458.csv
2026-09-18 14:50:24,086 - WARNING - Base CSV missing for PR 35890: apache_shardingsphere_9e41867ccec19d6d8ed083c9bc08555fc86c6e13.csv
2026-09-18 14:50:24,086 - WARNING - Target CSV missing for PR 35890: apache_shardingsphere_e509cb17e680ca5770185882a821164c52af6d85.csv
2026-09-18 14:50:24,086 - WARNING - Base CSV missing for PR 123008: elastic_elasticsearch_cdaa5dd7ade551d5f30ae2610c876e268adaecc9.csv
2026-09-18 14:50:24,086 - WARNING - Target CSV missing for PR 123008: elastic_elasticsearch_de59bd7036723b11ea7cec35bdb939197293005a.csv
2026-09-18 14:50:24,086 - WARNING - Base CSV missing for PR 127285: elastic_elasticsearch_feb44c5c893ea48611290da75acf792512b87038.csv
2026-09-18 14:50:24,086 - WARNING - Target CSV missing for PR 127285: elastic_elasticsearch_85d375c5adbdafb013ffdc1871bb912056240ed9.csv
2026-09-18 14:50:24,086 - WARNING - Base CSV missing for PR 77: Magma-Foundation_Magma_f8b0265d7ea5170f63e827f18011141318c8e684.csv
2026-09-18 14:50:24,086 - WARNING - Target CSV missing for PR 77: Magma-Foundation_Magma_fcdc02ecb85a44b61cf68e80c4b28befe316e6de.csv
2026-09-18 14:50:24,086 - WARNING - Base CSV missing for PR 91: Magma-Foundation_Magma_4ab4bb3d5619240b968ccc7d11af06d7e01b3673.csv
2026-09-18 14:50:24,086 - WARNING - Target CSV missing for PR 91: Magma-Foundation_Magma_7d7e1e88a64d527a16ef1663d21a509150edc65a.csv
2026-09-18 14:50:24,086 - WARNING - Base CSV missing for PR 2492: ArcadeData_arcadedb_8080422449fcc74e14036fc6d75d5fe008fb7784.csv
2026-09-18 14:50:24,086 - WARNING - Target CSV missing for PR 2492: ArcadeData_arcadedb_10db2aff74b5510d87a7f0ee4be3ec7e2f99c228.csv
2026-09-18 14:50:24,086 - WARNING - Base CSV missing for PR 216: eclipse-rcptt_org.eclipse.rcptt_023570fef42f69155f82f2e0cb8f075c16d4a3e7.csv
2026-09-18 14:50:24,086 - WARNING - Target CSV missing for PR 216: eclipse-rcptt_org.eclipse.rcptt_bf04b9fc98eb804c9830c78b69c643ff0ae6b8c8.csv
2026-09-18 14:50:24,086 - WARNING - Base CSV missing for PR 218: eclipse-rcptt_org.eclipse.rcptt_8c4fb2fc61db7ce6e91c0c7ddf8fe9591e0f38a4.csv
2026-09-18 14:50:24,086 - WARNING - Target CSV missing for PR 218: eclipse-rcptt_org.eclipse.rcptt_f1b8b6ab31784479b9d0cb228a95357b01b1fa07.csv
2026-09-18 14:50:24,086 - WARNING - Base CSV missing for PR 3137: DIGI-UW_OpenELIS-Global-2_7b3fc4291434bb96c5db4930b92cf641208885a3.csv
2026-09-18 14:50:24,086 - WARNING - Target CSV missing for PR 3137: DIGI-UW_OpenELIS-Global-2_c936ac6e07c602d7db412aac8c594bfb519fb5d7.csv
2026-09-18 14:50:24,086 - WARNING - Base CSV missing for PR 54: chenqimiao_qm-music_64df868e28704a0431cb1c5334ebc4216268886f.csv
2026-09-18 14:50:24,086 - WARNING - Target CSV missing for PR 54: chenqimiao_qm-music_db723dff3c863e53de5e163dc1b7af3e77ae22ee.csv
2026-09-18 14:50:24,086 - WARNING - Base CSV missing for PR 23: chenqimiao_qm-music_d7ac059ee84b82b27201052b50b06ad813a828e3.csv
2026-09-18 14:50:24,086 - WARNING - Target CSV missing for PR 23: chenqimiao_qm-music_c62bfbc614232e5fef6a89c678ff1348d6f491bd.csv
2026-09-18 14:50:24,086 - WARNING - Base CSV missing for PR 124884: elastic_elasticsearch_4ed9347b97146c8718c035d53b7fcfbae4f54feb.csv
2026-09-18 14:50:24,086 - WARNING - Target CSV missing for PR 124884: elastic_elasticsearch_3e51ea65fc22420e319f14d2ed9edae7f68d870b.csv
2026-09-18 14:50:24,086 - WARNING - Base CSV missing for PR 249: eclipse-rcptt_org.eclipse.rcptt_df5ca6a747f534d6c0aa1379feace4362062e898.csv
2026-09-18 14:50:24,086 - WARNING - Target CSV missing for PR 249: eclipse-rcptt_org.eclipse.rcptt_d6165b2febf116dbebe69549eaa56ee4c6ab7a7f.csv
2026-09-18 14:50:24,086 - WARNING - Base CSV missing for PR 127318: elastic_elasticsearch_3cf70614b83245b5a5a31bd22953f156fbcf3feb.csv
2026-09-18 14:50:24,086 - WARNING - Target CSV missing for PR 127318: elastic_elasticsearch_c72d00fd3976bb163f8354dbf0714555e5c76d6c.csv
2026-09-18 14:50:24,086 - WARNING - Base CSV missing for PR 250: eclipse-rcptt_org.eclipse.rcptt_6bdee045cbf079e60e858e06eacd654939db7b4c.csv
2026-09-18 14:50:24,086 - WARNING - Target CSV missing for PR 250: eclipse-rcptt_org.eclipse.rcptt_0e89f0278576d26c7c3b08ab1534a8b9b82654f1.csv
2026-09-18 14:50:24,086 - WARNING - Base CSV missing for PR 68: chenqimiao_qm-music_9bf18d9ca5305af76977fb7d5341027865b68e00.csv
2026-09-18 14:50:24,086 - WARNING - Target CSV missing for PR 68: chenqimiao_qm-music_b99608bd8241a8a74146842aa6a0d746b1495c5f.csv
2026-09-18 14:50:24,086 - WARNING - Base CSV missing for PR 127333: elastic_elasticsearch_49a9137388b26d242b0361c46a12fb20eec6cd91.csv
2026-09-18 14:50:24,086 - WARNING - Target CSV missing for PR 127333: elastic_elasticsearch_41eefb62d3bc699672d08e5fda5e1cab2e782829.csv
2026-09-18 14:50:24,086 - WARNING - Base CSV missing for PR 123029: elastic_elasticsearch_e33ad7850a6053cff3d617b4043ae1d3a359251e.csv
2026-09-18 14:50:24,086 - WARNING - Target CSV missing for PR 123029: elastic_elasticsearch_96fd8074e1d730bb0dffa0a6b3b92bc787cf0c63.csv
2026-09-18 14:50:24,086 - WARNING - Base CSV missing for PR 727: ArloL_chorito_ea89392519e03b62f5292efc7ac9e1cda24e2840.csv
2026-09-18 14:50:24,086 - WARNING - Target CSV missing for PR 727: ArloL_chorito_3b9de7bf4e33dc09b6f081b765221a84053167d8.csv
2026-09-18 14:50:24,087 - WARNING - Base CSV missing for PR 752: ArloL_chorito_a3df38d4725aad8b88b78f6a9714f2eb22810797.csv
2026-09-18 14:50:24,087 - WARNING - Target CSV missing for PR 752: ArloL_chorito_d1b3106634dcb59900984e9b3c307e7e8aa6de26.csv
2026-09-18 14:50:24,087 - WARNING - Base CSV missing for PR 756: ArloL_chorito_3129d499aadbbda0508119050ee90a028a61f45b.csv
2026-09-18 14:50:24,087 - WARNING - Target CSV missing for PR 756: ArloL_chorito_07ca019521927a7696c69d40dd38d0d8d5ffc83e.csv
2026-09-18 14:50:24,087 - WARNING - Base CSV missing for PR 3371: DIGI-UW_OpenELIS-Global-2_3562cf8ae292445a9a15a00f509cc8806407bbea.csv
2026-09-18 14:50:24,087 - WARNING - Target CSV missing for PR 3371: DIGI-UW_OpenELIS-Global-2_dd05545f6de4b4b3f9f3fda6d226edffd8f80159.csv
2026-09-18 14:50:24,087 - WARNING - Base CSV missing for PR 3286: ArcadeData_arcadedb_03fbcc7d3293e7b0aa914da0647d5ee9577ececd.csv
2026-09-18 14:50:24,087 - WARNING - Target CSV missing for PR 3286: ArcadeData_arcadedb_20bdabf2073c10f08fdc12fbb8dedecd350c4b59.csv
2026-09-18 14:50:24,087 - WARNING - Base CSV missing for PR 3323: ArcadeData_arcadedb_46c5a3ffed0869966f10a1be5aafdfeb3c0df698.csv
2026-09-18 14:50:24,087 - WARNING - Target CSV missing for PR 3323: ArcadeData_arcadedb_01b09bd7fa1a91a8729af5d621507311224d9e70.csv
2026-09-18 14:50:24,087 - WARNING - Base CSV missing for PR 3352: ArcadeData_arcadedb_fcd60b0b317678f57cbb15cd3aaa9ce41c57c96b.csv
2026-09-18 14:50:24,087 - WARNING - Target CSV missing for PR 3352: ArcadeData_arcadedb_d6cbc10ff50779094d9fbd43644ca60ac7da22d6.csv
2026-09-18 14:50:24,087 - WARNING - Base CSV missing for PR 3358: ArcadeData_arcadedb_92d276f48ef20f0ad021301d0015fd98052c3d0b.csv
2026-09-18 14:50:24,087 - WARNING - Target CSV missing for PR 3358: ArcadeData_arcadedb_8e02acd696f1edc26acc76b4e1638c82c2c20820.csv
2026-09-18 14:50:24,087 - WARNING - Base CSV missing for PR 830: operaton_operaton_6980e72ba7bf3c27bf4dd41346f3bffd8404d3c9.csv
2026-09-18 14:50:24,087 - WARNING - Target CSV missing for PR 830: operaton_operaton_2e3cb197c3c14c975f6767a3d49ac2c41deb8a4d.csv
2026-09-18 14:50:24,087 - WARNING - Base CSV missing for PR 3441: DIGI-UW_OpenELIS-Global-2_4e50d3fd3f3c2c834a95ead85778bb65d8b8278f.csv
2026-09-18 14:50:24,087 - WARNING - Target CSV missing for PR 3441: DIGI-UW_OpenELIS-Global-2_003dd9f98e6858622a24602bd96a040e03c7f050.csv
2026-09-18 14:50:24,087 - WARNING - Base CSV missing for PR 3410: ArcadeData_arcadedb_ce5052835e0d38e6ee1792dce7b331bfc406c027.csv
2026-09-18 14:50:24,087 - WARNING - Target CSV missing for PR 3410: ArcadeData_arcadedb_b2dcfdaa57477ea10be5a9e766cec9ad04af5922.csv
2026-09-18 14:50:24,087 - WARNING - Base CSV missing for PR 3529: ArcadeData_arcadedb_c6dc62b2a909b446c210d424c3d2a2b436508653.csv
2026-09-18 14:50:24,087 - WARNING - Target CSV missing for PR 3529: ArcadeData_arcadedb_4ef19246b9addbbeee54f37e9c897be2d25f7017.csv
2026-09-18 14:50:24,087 - WARNING - Base CSV missing for PR 3534: ArcadeData_arcadedb_6292916a772d258aee5c7a96284c5a346414c327.csv
2026-09-18 14:50:24,087 - WARNING - Target CSV missing for PR 3534: ArcadeData_arcadedb_5614a3236e3b110b91a25c0d71d5b7b07d26011c.csv
2026-09-18 14:50:24,087 - WARNING - Base CSV missing for PR 3584: ArcadeData_arcadedb_55a4bc6f99d8ce162c6ec44254736c59e215610d.csv
2026-09-18 14:50:24,087 - WARNING - Target CSV missing for PR 3584: ArcadeData_arcadedb_0db79073e18e153b71847e824493dc833a5698be.csv
2026-09-18 14:50:24,087 - WARNING - Base CSV missing for PR 3666: ArcadeData_arcadedb_cb5e508c88660d58a676350116827b52485a48a2.csv
2026-09-18 14:50:24,087 - WARNING - Target CSV missing for PR 3666: ArcadeData_arcadedb_c05883c96e41618f4e9dad8367c592362c852487.csv
2026-09-18 14:50:24,087 - WARNING - Base CSV missing for PR 345: Open-J-Proxy_ojp_4ac750215cadb1574da14093081914c53c6286df.csv
2026-09-18 14:50:24,087 - WARNING - Target CSV missing for PR 345: Open-J-Proxy_ojp_ce0d958eb590a2da010c3d3304cf7e791fc9f833.csv
2026-09-18 14:50:24,087 - WARNING - Base CSV missing for PR 3669: ArcadeData_arcadedb_21ba9b73b99880a7495cd8e0ffc564746e8e6e13.csv
2026-09-18 14:50:24,087 - WARNING - Target CSV missing for PR 3669: ArcadeData_arcadedb_024b303e4d1bd09c8c05227ceb1c38fff9bed9bd.csv
2026-09-18 14:50:24,087 - WARNING - Base CSV missing for PR 3672: ArcadeData_arcadedb_3c04b8615c53a0eaeb7013ad1160a9dff86933b7.csv
2026-09-18 14:50:24,087 - WARNING - Target CSV missing for PR 3672: ArcadeData_arcadedb_5bf15d66437f7e5d9bc74f78448252d8155cf6b4.csv
2026-09-18 14:50:24,087 - WARNING - Base CSV missing for PR 126056: elastic_elasticsearch_b0d7c7d102ec87f1497cc7594f9a756716e1b2d4.csv
2026-09-18 14:50:24,087 - WARNING - Target CSV missing for PR 126056: elastic_elasticsearch_b6c6db9861fb21b16f5d47cd435af97ba963a5cd.csv
2026-09-18 14:50:24,087 - WARNING - Base CSV missing for PR 3762: ArcadeData_arcadedb_89d94d64a63a52bae3d352c03e1915c4cd0c23dc.csv
2026-09-18 14:50:24,087 - WARNING - Target CSV missing for PR 3762: ArcadeData_arcadedb_c5518c55dbba9c4e5d73bcf3f46fd78b1ee12db0.csv
2026-09-18 14:50:24,087 - WARNING - Base CSV missing for PR 3942: ArcadeData_arcadedb_b24f7751f12eeea2e01c92c1c319bdfef04ec57f.csv
2026-09-18 14:50:24,087 - WARNING - Target CSV missing for PR 3942: ArcadeData_arcadedb_f8cabe292e0c174b8147b6ee4707e40f34f7a6c2.csv
2026-09-18 14:50:24,087 - WARNING - Base CSV missing for PR 58: padosol_lol-server_366731525231522db776fa501d919c77e74f380f.csv
2026-09-18 14:50:24,087 - WARNING - Target CSV missing for PR 58: padosol_lol-server_ba939db8079e5c0c6c88bae76da97767ed83abce.csv
2026-09-18 14:50:24,087 - WARNING - Base CSV missing for PR 4025: ArcadeData_arcadedb_9a5b0e12976eebca7ba9f30a5b8c04a7c59cedd7.csv
2026-09-18 14:50:24,087 - WARNING - Target CSV missing for PR 4025: ArcadeData_arcadedb_bdbf9855729ddb5beb132728a5c5ab8d688cdd89.csv
2026-09-18 14:50:24,087 - WARNING - Base CSV missing for PR 60: padosol_lol-server_2287e8708b165f6736c35b6dbaecf5007cde2f95.csv
2026-09-18 14:50:24,087 - WARNING - Target CSV missing for PR 60: padosol_lol-server_f366ce5e6b0e3ba670d62b4764c3981095519347.csv
2026-09-18 14:50:24,087 - WARNING - Base CSV missing for PR 77: padosol_lol-server_fba885c25ab0c56afbc3da07c4ad6e95e0a7e228.csv
2026-09-18 14:50:24,087 - WARNING - Target CSV missing for PR 77: padosol_lol-server_12dd660f25d967e267ed5caf46530d636cb36300.csv
2026-09-18 14:50:24,087 - WARNING - Base CSV missing for PR 4026: ArcadeData_arcadedb_9a4ef790fdb8771826f7681cf711254b4b07eb3d.csv
2026-09-18 14:50:24,087 - WARNING - Target CSV missing for PR 4026: ArcadeData_arcadedb_9707afd6730af1c907707f7a91ad7ee01320a1e9.csv
2026-09-18 14:50:24,087 - WARNING - Base CSV missing for PR 645: senacor_elasticsearch-evolution_deb246848c668de01d1c89c4ecdb6e0f614bc652.csv
2026-09-18 14:50:24,087 - WARNING - Target CSV missing for PR 645: senacor_elasticsearch-evolution_5cc3fc6f5f33c293824d8f7522e5c782778a60b9.csv
2026-09-18 14:50:24,087 - WARNING - Base CSV missing for PR 276: alexk-dev_golemcore-bot_2780e5cd8f2ca2d7d7fd21ae155f0982ae99af9e.csv
2026-09-18 14:50:24,087 - WARNING - Target CSV missing for PR 276: alexk-dev_golemcore-bot_53094c539a5d5b6c735683708369ebe54d5901ef.csv
2026-09-18 14:50:24,087 - WARNING - Base CSV missing for PR 129766: elastic_elasticsearch_a952245178257b513fdb69a6e1d1f2cef836a5e7.csv
2026-09-18 14:50:24,087 - WARNING - Target CSV missing for PR 129766: elastic_elasticsearch_6952cf2b6325a2c2c1cd02250a250c8d9ae056eb.csv
2026-09-18 14:50:24,087 - WARNING - Base CSV missing for PR 646: senacor_elasticsearch-evolution_5cc3fc6f5f33c293824d8f7522e5c782778a60b9.csv
2026-09-18 14:50:24,087 - WARNING - Target CSV missing for PR 646: senacor_elasticsearch-evolution_fbd433ab7921f19e18a8362d1744e97a556cd3ea.csv
2026-09-18 14:50:24,087 - WARNING - Base CSV missing for PR 47967: Azure_azure-sdk-for-java_30f978085b6b52a0c1f31d9a4b96d4e54d7e6e24.csv
2026-09-18 14:50:24,088 - WARNING - Target CSV missing for PR 47967: Azure_azure-sdk-for-java_2c5464a4c26fc479b4023c70379c68ae7d657439.csv
2026-09-18 14:50:24,088 - WARNING - Base CSV missing for PR 48009: Azure_azure-sdk-for-java_d737a07c043595a5bb44c8e3a4385db5790abac0.csv
2026-09-18 14:50:24,088 - WARNING - Target CSV missing for PR 48009: Azure_azure-sdk-for-java_a699f04ac401be425ff4a13b41f00d2cf8f4b562.csv
2026-09-18 14:50:24,088 - WARNING - Base CSV missing for PR 123052: elastic_elasticsearch_d9c0ef156a350b72be496115e0200c9a5b5492f3.csv
2026-09-18 14:50:24,088 - WARNING - Target CSV missing for PR 123052: elastic_elasticsearch_ab835a96b10f01eebff04a11c55060d2ad8ff598.csv
2026-09-18 14:50:24,088 - WARNING - Base CSV missing for PR 44: jlfilho_api-pagamentos_e3521dc29f518d21e992780ced2670c4138faf54.csv
2026-09-18 14:50:24,088 - WARNING - Target CSV missing for PR 44: jlfilho_api-pagamentos_0580e4aa08c37c2123f55c13e8ddc5f0f820ba89.csv
2026-09-18 14:50:24,088 - WARNING - Base CSV missing for PR 45: jlfilho_api-pagamentos_0580e4aa08c37c2123f55c13e8ddc5f0f820ba89.csv
2026-09-18 14:50:24,088 - WARNING - Target CSV missing for PR 45: jlfilho_api-pagamentos_ac397e771a4c50d3939afda0c7a7cfea547c190b.csv
2026-09-18 14:50:24,088 - WARNING - Base CSV missing for PR 124927: elastic_elasticsearch_f0ee146f7fbde566d59aad9fa425f5fae3565935.csv
2026-09-18 14:50:24,088 - WARNING - Target CSV missing for PR 124927: elastic_elasticsearch_033d28e7927dd823a1d45e172cc149e620867dc4.csv
2026-09-18 14:50:24,088 - WARNING - Base CSV missing for PR 49: jlfilho_api-pagamentos_fa5e976373c1bd310f3e8eaa0907ec1b53e8f825.csv
2026-09-18 14:50:24,088 - WARNING - Target CSV missing for PR 49: jlfilho_api-pagamentos_e7c9538db47d50e3018b23dd780677bf36c35615.csv
2026-09-18 14:50:24,088 - WARNING - Base CSV missing for PR 4577: valkey-io_valkey-glide_a7938d044576971e45cf17db032abe77c7632ed3.csv
2026-09-18 14:50:24,088 - WARNING - Target CSV missing for PR 4577: valkey-io_valkey-glide_76e7ffa082d0ca07cfd6f5f8b50d9bc72e06a75a.csv
2026-09-18 14:50:24,088 - WARNING - Base CSV missing for PR 4556: valkey-io_valkey-glide_a79d0d53398e1a3c8fbc8fbf65ccb9738f200db2.csv
2026-09-18 14:50:24,088 - WARNING - Target CSV missing for PR 4556: valkey-io_valkey-glide_13b8cc2e1dc4cb5c20e93e18d1864fce9346c302.csv
2026-09-18 14:50:24,088 - WARNING - Base CSV missing for PR 52: jlfilho_api-pagamentos_c0320f4e5cc88db5a3e81a62526f370b2ab2aed9.csv
2026-09-18 14:50:24,088 - WARNING - Target CSV missing for PR 52: jlfilho_api-pagamentos_fb88f6304f0946b600ee17b88e58ec5733d0a4a0.csv
2026-09-18 14:50:24,088 - WARNING - Base CSV missing for PR 86: AidanRao_joinup-server_54ed5e514b92320bee499d482bcea385dc6aea53.csv
2026-09-18 14:50:24,088 - WARNING - Target CSV missing for PR 86: AidanRao_joinup-server_5625042c4667dc1e14faa54c649502a033161f51.csv
2026-09-18 14:50:24,088 - WARNING - Base CSV missing for PR 105: AidanRao_joinup-server_0a6d3f7e348c5fe515ac71f4ae60d5892f511b61.csv
2026-09-18 14:50:24,088 - WARNING - Target CSV missing for PR 105: AidanRao_joinup-server_0e4f8fecbc4d16769ea0d5dc5ad559e8dfb87c3e.csv
2026-09-18 14:50:24,088 - WARNING - Base CSV missing for PR 123045: elastic_elasticsearch_007149c19226746f7fe8411fdc63325e47a981ab.csv
2026-09-18 14:50:24,088 - WARNING - Target CSV missing for PR 123045: elastic_elasticsearch_730b538d967f1b51fa22be03bbbaffe28c377446.csv
2026-09-18 14:50:24,088 - WARNING - Base CSV missing for PR 130525: elastic_elasticsearch_a07e7e91b7a3fb25ac08b265e1715c6a2dec0eec.csv
2026-09-18 14:50:24,088 - WARNING - Target CSV missing for PR 130525: elastic_elasticsearch_6dd4d675f854ee1b13d6b5351615348ae4113f4e.csv
2026-09-18 14:50:24,088 - WARNING - Base CSV missing for PR 55231: apache_doris_9cff52f6843b76c46d0e791ccd65fdcaed00c2d3.csv
2026-09-18 14:50:24,088 - WARNING - Target CSV missing for PR 55231: apache_doris_b14cf27cb48e266dc8a0b914a2169d2889abbddf.csv
2026-09-18 14:50:24,088 - WARNING - Base CSV missing for PR 125570: elastic_elasticsearch_203861bd035dddb62adf9bf160c2e4b520c607a3.csv
2026-09-18 14:50:24,088 - WARNING - Target CSV missing for PR 125570: elastic_elasticsearch_bd1a638c0322a331397ab59000a0874590b38f0d.csv
2026-09-18 14:50:24,088 - WARNING - Base CSV missing for PR 880: Worklytics_psoxy_4188d710fae3ff30d75a710f73c1b4b43182b4ae.csv
2026-09-18 14:50:24,088 - WARNING - Target CSV missing for PR 880: Worklytics_psoxy_9edc592f362768ff30db35cc3ab33e79dfe49389.csv
2026-09-18 14:50:24,088 - WARNING - Base CSV missing for PR 893: Worklytics_psoxy_4ab99d8902bb17b483ba6b68655db467ca132628.csv
2026-09-18 14:50:24,088 - WARNING - Target CSV missing for PR 893: Worklytics_psoxy_2a165c90b49bae0e895dbabffa1d2c2c18309082.csv
2026-09-18 14:50:24,088 - WARNING - Base CSV missing for PR 904: Worklytics_psoxy_76447367ac7a04724018ff3ab19b838a2f27dfcb.csv
2026-09-18 14:50:24,088 - WARNING - Target CSV missing for PR 904: Worklytics_psoxy_050696c2e8ca7388379c9108f06eb774182825be.csv
2026-09-18 14:50:24,088 - WARNING - Base CSV missing for PR 917: Worklytics_psoxy_2a1635bb3ab655d31d823e5f7f0f284d0420e1bd.csv
2026-09-18 14:50:24,088 - WARNING - Target CSV missing for PR 917: Worklytics_psoxy_f81b3a02b712b59cd843045e1128de0aab5151e4.csv
2026-09-18 14:50:24,088 - WARNING - Base CSV missing for PR 920: Worklytics_psoxy_94aa9af7b77c24424911d08bf8c39117abd5a21c.csv
2026-09-18 14:50:24,088 - WARNING - Target CSV missing for PR 920: Worklytics_psoxy_69c341d0d1429c2176da5affc3025e29e77ec40b.csv
2026-09-18 14:50:24,088 - WARNING - Base CSV missing for PR 3421: eclipse-platform_eclipse.platform.ui_34e3f47834a0396f48eb2be24119100174fa4e7c.csv
2026-09-18 14:50:24,088 - WARNING - Target CSV missing for PR 3421: eclipse-platform_eclipse.platform.ui_bba1bf9bbc8c14e922c0f69bd54b34e7f1dca76b.csv
2026-09-18 14:50:24,088 - WARNING - Base CSV missing for PR 125256: elastic_elasticsearch_963515b1552ea531eaf2dc1742d593a146b30738.csv
2026-09-18 14:50:24,088 - WARNING - Target CSV missing for PR 125256: elastic_elasticsearch_24c5031ed52564ed50debc5a3183e063990aec83.csv
2026-09-18 14:50:24,088 - WARNING - Base CSV missing for PR 127060: elastic_elasticsearch_69f6520b0c2cdb42e099e1c529c16e4b6cdc81f2.csv
2026-09-18 14:50:24,088 - WARNING - Target CSV missing for PR 127060: elastic_elasticsearch_41b4cee8148824e67c9f4de7275d1d5a4405ee68.csv
2026-09-18 14:50:24,088 - WARNING - Base CSV missing for PR 124922: elastic_elasticsearch_12bcc4ff6cf4043ef07dd35a431a0682b296c28c.csv
2026-09-18 14:50:24,088 - WARNING - Target CSV missing for PR 124922: elastic_elasticsearch_0f748387fcb1827606c034a230eb97d957c16028.csv
2026-09-18 14:50:24,088 - WARNING - Base CSV missing for PR 124931: elastic_elasticsearch_aa2db74e7750b171167fb3473f24768de7174974.csv
2026-09-18 14:50:24,088 - WARNING - Target CSV missing for PR 124931: elastic_elasticsearch_77b1091b36cb04a5e7d8bfd785fa84dc24884db8.csv
2026-09-18 14:50:24,088 - WARNING - Base CSV missing for PR 125573: elastic_elasticsearch_dd4060797f3a79dd3d7660813b8f0c646c29b46b.csv
2026-09-18 14:50:24,088 - WARNING - Target CSV missing for PR 125573: elastic_elasticsearch_4d70044fa0f011ec6287d4c4aef2f499a5dd44f7.csv
2026-09-18 14:50:24,088 - WARNING - Base CSV missing for PR 38146: camunda_camunda_3a95532b3d936333cebe51db97c8aeb6619ce154.csv
2026-09-18 14:50:24,088 - WARNING - Target CSV missing for PR 38146: camunda_camunda_e40e04b5289bc1ed8ccb6f0f3f177f44ce601aab.csv
2026-09-18 14:50:24,088 - WARNING - Base CSV missing for PR 125590: elastic_elasticsearch_fd6ae3dfae11e17fd679f37d3242824c08499920.csv
2026-09-18 14:50:24,088 - WARNING - Target CSV missing for PR 125590: elastic_elasticsearch_2ce2fdabaf70200be2303a9bf13b8ab2980094be.csv
2026-09-18 14:50:24,088 - WARNING - Base CSV missing for PR 124930: elastic_elasticsearch_3e51ea65fc22420e319f14d2ed9edae7f68d870b.csv
2026-09-18 14:50:24,088 - WARNING - Target CSV missing for PR 124930: elastic_elasticsearch_8b1b13a05fad83aab229561d0728e268349c7fe6.csv
2026-09-18 14:50:24,089 - WARNING - Base CSV missing for PR 1516: bcgov_nr-forest-client_f47335e08139f6adce3dbb6f0700e51edaa2a2b7.csv
2026-09-18 14:50:24,089 - WARNING - Target CSV missing for PR 1516: bcgov_nr-forest-client_f876ed6776972dcf453af83147e57da51bcb8885.csv
2026-09-18 14:50:24,089 - WARNING - Base CSV missing for PR 201: JakeDot_cgeo_9ee53cd1557be0fe80e5c5e3d5296af8136ecee1.csv
2026-09-18 14:50:24,089 - WARNING - Target CSV missing for PR 201: JakeDot_cgeo_b83b3f6138f031bc19941e1627adab9e9ab9a8ec.csv
2026-09-18 14:50:24,089 - WARNING - Base CSV missing for PR 130533: elastic_elasticsearch_33a0d9d562d7f4940be2b9795e836e6372f34271.csv
2026-09-18 14:50:24,089 - WARNING - Target CSV missing for PR 130533: elastic_elasticsearch_2a8e3f7d822c808efcd5caee1a68690531e8887b.csv
2026-09-18 14:50:24,089 - WARNING - Base CSV missing for PR 6754: deephaven_deephaven-core_0b3d7728019c956457dd6cc4552bba7432823c2f.csv
2026-09-18 14:50:24,089 - WARNING - Target CSV missing for PR 6754: deephaven_deephaven-core_28f5a07cc45e65e22b118b8bd437032c992e0f1f.csv
2026-09-18 14:50:24,089 - WARNING - Base CSV missing for PR 1014: Worklytics_psoxy_cc25a8a578ada1867ced28963899e778af5b4045.csv
2026-09-18 14:50:24,089 - WARNING - Target CSV missing for PR 1014: Worklytics_psoxy_704f905f7ea3c95185cccf091423287c81daa847.csv
2026-09-18 14:50:24,089 - WARNING - Base CSV missing for PR 1039: Worklytics_psoxy_4f1f9a1668ad5a7cc41127a2ec773273dfc387da.csv
2026-09-18 14:50:24,089 - WARNING - Target CSV missing for PR 1039: Worklytics_psoxy_09d846da1c7ad191f50d05d7b61d56239997f84c.csv
2026-09-18 14:50:24,089 - WARNING - Base CSV missing for PR 26: TaherBenAfia_Quickflow_2b5ca2b61359e7373608368a94e15844a89afce5.csv
2026-09-18 14:50:24,089 - WARNING - Target CSV missing for PR 26: TaherBenAfia_Quickflow_efeac0e98fca3c35ebbdc8338b1c959e2062809d.csv
2026-09-18 14:50:24,089 - WARNING - Base CSV missing for PR 123074: elastic_elasticsearch_8199c831b2205f6f3f76447f181354b2d3d5a9ae.csv
2026-09-18 14:50:24,089 - WARNING - Target CSV missing for PR 123074: elastic_elasticsearch_a4a271415d882fb32ee402f316c3b45afaa3d897.csv
2026-09-18 14:50:24,089 - WARNING - Base CSV missing for PR 48324: Azure_azure-sdk-for-java_8f40a062ad49c93128d62bf0df7c76da57bb4a31.csv
2026-09-18 14:50:24,089 - WARNING - Target CSV missing for PR 48324: Azure_azure-sdk-for-java_c415b3f3d1a27656921582ac98e922ce2891e47e.csv
2026-09-18 14:50:24,089 - WARNING - Base CSV missing for PR 127064: elastic_elasticsearch_0ab1fc381d13428bba460d8f006dda77bc1b4f39.csv
2026-09-18 14:50:24,089 - WARNING - Target CSV missing for PR 127064: elastic_elasticsearch_4bf1225469ad9285ecb3ec6a9f21c5a13a9f603f.csv
2026-09-18 14:50:24,089 - WARNING - Base CSV missing for PR 48366: Azure_azure-sdk-for-java_77234e1cc9dbdc6643307521897544adfbe851ac.csv
2026-09-18 14:50:24,089 - WARNING - Target CSV missing for PR 48366: Azure_azure-sdk-for-java_a92c90c3ac7644246240cfd8a10eaaa46916491b.csv
2026-09-18 14:50:24,089 - WARNING - Base CSV missing for PR 1112: Worklytics_psoxy_86ee9b2cfcc3a7b27fbfbf4b2db54ab0ec5f963b.csv
2026-09-18 14:50:24,089 - WARNING - Target CSV missing for PR 1112: Worklytics_psoxy_180a01ede04b7fb974f24b3d9b9708c0994000f0.csv
2026-09-18 14:50:24,089 - WARNING - Base CSV missing for PR 1147: Worklytics_psoxy_cbb4f5d1bbe6ace91602f0bb5450057aeec2f4ba.csv
2026-09-18 14:50:24,089 - WARNING - Target CSV missing for PR 1147: Worklytics_psoxy_c02adfdada16394b3c7290a5c0824a748aac303c.csv
2026-09-18 14:50:24,089 - WARNING - Base CSV missing for PR 863: Worklytics_psoxy_a23d7b47dba8c18de52e5b22e0279e19d9663c70.csv
2026-09-18 14:50:24,089 - WARNING - Target CSV missing for PR 863: Worklytics_psoxy_9db52d954f9823a1fcf7a570742bde42415b2945.csv
2026-09-18 14:50:24,089 - WARNING - Base CSV missing for PR 6755: deephaven_deephaven-core_70b85a9bdefb00812e5bac1cd12b56cfe131fd86.csv
2026-09-18 14:50:24,089 - WARNING - Target CSV missing for PR 6755: deephaven_deephaven-core_c84a87094dea8e3b3d1739a18539cce0a8ca3a52.csv
2026-09-18 14:50:24,089 - WARNING - Base CSV missing for PR 1078: Worklytics_psoxy_1163d5318fa845bad96be1e9ac19c5913f1fcfe8.csv
2026-09-18 14:50:24,089 - WARNING - Target CSV missing for PR 1078: Worklytics_psoxy_dbb83039e3723c73cd423c4b7ea96a428ba96b47.csv
2026-09-18 14:50:24,089 - WARNING - Base CSV missing for PR 123060: elastic_elasticsearch_dc4e8f4b14f88dbfe45ef2fc1d12e28676dc2ebd.csv
2026-09-18 14:50:24,089 - WARNING - Target CSV missing for PR 123060: elastic_elasticsearch_73bea3ac38eb0e7ad7f41a66ed7cd5dc497054c0.csv
2026-09-18 14:50:24,089 - WARNING - Base CSV missing for PR 123061: elastic_elasticsearch_9ec646ea8a4e36589afbb28a1a9ab4c83bfb3667.csv
2026-09-18 14:50:24,089 - WARNING - Target CSV missing for PR 123061: elastic_elasticsearch_245a3a0ebf161cd27e33bb7dcc78daa70cc33a41.csv
2026-09-18 14:50:24,089 - WARNING - Base CSV missing for PR 1082: Worklytics_psoxy_9504428211b5000a6cf872e9c749eb03729fb8fa.csv
2026-09-18 14:50:24,089 - WARNING - Target CSV missing for PR 1082: Worklytics_psoxy_c6cc7e72c3803cd75a3c501f260ac9393112bcab.csv
2026-09-18 14:50:24,089 - WARNING - Base CSV missing for PR 910: Worklytics_psoxy_4e05fc3e2140c6c69060b434ef540678df244835.csv
2026-09-18 14:50:24,089 - WARNING - Target CSV missing for PR 910: Worklytics_psoxy_e4aa08391e36a99c2bcd19ca574656b69aef89f8.csv
2026-09-18 14:50:24,089 - WARNING - Base CSV missing for PR 1022: Worklytics_psoxy_2cb5cb90f5edd23243d558af24e316b2f55b9f83.csv
2026-09-18 14:50:24,089 - WARNING - Target CSV missing for PR 1022: Worklytics_psoxy_62f6e5060a7532e0f125675005f148fda34a684e.csv
2026-09-18 14:50:24,089 - WARNING - Base CSV missing for PR 123066: elastic_elasticsearch_9ec646ea8a4e36589afbb28a1a9ab4c83bfb3667.csv
2026-09-18 14:50:24,089 - WARNING - Target CSV missing for PR 123066: elastic_elasticsearch_3068341b1dc99ae9cb3f123fbac43121d7fb4994.csv
2026-09-18 14:50:24,089 - WARNING - Base CSV missing for PR 129787: elastic_elasticsearch_d3e00bec7316bd00158b843ca4ea5f5d9a890ef1.csv
2026-09-18 14:50:24,089 - WARNING - Target CSV missing for PR 129787: elastic_elasticsearch_528bd9c2340c25bdc50e374e907a434dffaa1f23.csv
2026-09-18 14:50:24,089 - WARNING - Base CSV missing for PR 1725: equinor_neqsim_de27f4e171c7abc9f7f12b34dccab5872296f164.csv
2026-09-18 14:50:24,089 - WARNING - Target CSV missing for PR 1725: equinor_neqsim_146674ace0280fff8a18a2409c9a60453031457d.csv
2026-09-18 14:50:24,089 - WARNING - Base CSV missing for PR 48512: Azure_azure-sdk-for-java_bab2966d660722d548e511b9fdd1d3fa01ccd498.csv
2026-09-18 14:50:24,089 - WARNING - Target CSV missing for PR 48512: Azure_azure-sdk-for-java_b814938ff6d4f36a022767ce71dadd3db4264c5d.csv
2026-09-18 14:50:24,089 - WARNING - Base CSV missing for PR 48645: Azure_azure-sdk-for-java_85beb87218c8973f22deff14fedcc8855fc49c59.csv
2026-09-18 14:50:24,089 - WARNING - Target CSV missing for PR 48645: Azure_azure-sdk-for-java_d4e9507037db2bd52dd52609df8d6309711a507b.csv
2026-09-18 14:50:24,089 - WARNING - Base CSV missing for PR 1161: Worklytics_psoxy_aa11d9343143565a69a2136f48fc9324229df9ff.csv
2026-09-18 14:50:24,089 - WARNING - Target CSV missing for PR 1161: Worklytics_psoxy_1a7e9f1bcd5e8af4f3cfe74d39f7a9a63c2685ea.csv
2026-09-18 14:50:24,089 - WARNING - Base CSV missing for PR 1172: Worklytics_psoxy_51f883406a9300bfd174965a3df069ecf7ce038b.csv
2026-09-18 14:50:24,089 - WARNING - Target CSV missing for PR 1172: Worklytics_psoxy_c76836353733527702b298e69a88026381291107.csv
2026-09-18 14:50:24,089 - WARNING - Base CSV missing for PR 1175: Worklytics_psoxy_b1d5f221a4ed6c5e3d472c7305788369edb574e0.csv
2026-09-18 14:50:24,089 - WARNING - Target CSV missing for PR 1175: Worklytics_psoxy_367482d7eb7f955699c366468a800ab9d0faca29.csv
2026-09-18 14:50:24,090 - WARNING - Base CSV missing for PR 860: Worklytics_psoxy_d0eafc8342ded3d22129f6345bbb0692af8c52f9.csv
2026-09-18 14:50:24,090 - WARNING - Target CSV missing for PR 860: Worklytics_psoxy_331a45abe814ae046b5f37f8fb4907aa17b9d83d.csv
2026-09-18 14:50:24,090 - WARNING - Base CSV missing for PR 211: jeddict_jeddict-ai_ba9d78f94718cf197306d07d58fd8087cc801cf4.csv
2026-09-18 14:50:24,090 - WARNING - Target CSV missing for PR 211: jeddict_jeddict-ai_e8651c9fea08ae6d973f7e5b19b303dcf5827043.csv
2026-09-18 14:50:24,090 - WARNING - Base CSV missing for PR 229: jeddict_jeddict-ai_0b14c4217c72393a827f9c924377cfb776e13bc9.csv
2026-09-18 14:50:24,090 - WARNING - Target CSV missing for PR 229: jeddict_jeddict-ai_18f53f3899ea989e5a1ce7020b28995affe18858.csv
2026-09-18 14:50:24,090 - WARNING - Base CSV missing for PR 74: vemiorg_mirelplatform_50de61b5816f96310499e90738f687d73735a98d.csv
2026-09-18 14:50:24,090 - WARNING - Target CSV missing for PR 74: vemiorg_mirelplatform_f9c56cd4d31b6d0b7afeccec859929da5a9c23ef.csv
2026-09-18 14:50:24,090 - WARNING - Base CSV missing for PR 124932: elastic_elasticsearch_e90d197a4b513bc2a0d9f0698a63368efa5bdf40.csv
2026-09-18 14:50:24,090 - WARNING - Target CSV missing for PR 124932: elastic_elasticsearch_2a591a621e0805b44dc300291b49989f5b1ad48b.csv
2026-09-18 14:50:24,090 - WARNING - Base CSV missing for PR 80: vemiorg_mirelplatform_4b2ca2336db062d2e0e39ac62562886d26734965.csv
2026-09-18 14:50:24,090 - WARNING - Target CSV missing for PR 80: vemiorg_mirelplatform_36d9fb5d5b275d8d13c0726fb1548e0b310adb77.csv
2026-09-18 14:50:24,090 - WARNING - Base CSV missing for PR 124933: elastic_elasticsearch_149f1618969c3a2d2f3841252c473d06a8885e2d.csv
2026-09-18 14:50:24,090 - WARNING - Target CSV missing for PR 124933: elastic_elasticsearch_969dc0ab0f22831ebccc508b91657f3a3c18308d.csv
2026-09-18 14:50:24,090 - WARNING - Base CSV missing for PR 124937: elastic_elasticsearch_969dc0ab0f22831ebccc508b91657f3a3c18308d.csv
2026-09-18 14:50:24,090 - WARNING - Target CSV missing for PR 124937: elastic_elasticsearch_fda5483e3ee8a502748dd935a5695ae61c64d750.csv
2026-09-18 14:50:24,090 - WARNING - Base CSV missing for PR 238: jeddict_jeddict-ai_18f53f3899ea989e5a1ce7020b28995affe18858.csv
2026-09-18 14:50:24,090 - WARNING - Target CSV missing for PR 238: jeddict_jeddict-ai_9da0514b5bdd3606c58981d4a9d2df5837d022a0.csv
2026-09-18 14:50:24,090 - WARNING - Base CSV missing for PR 250: jeddict_jeddict-ai_5cd72c21a2f3078a88cc8d2a84d29d761d7f4780.csv
2026-09-18 14:50:24,090 - WARNING - Target CSV missing for PR 250: jeddict_jeddict-ai_b3c135b60a4478333a2fc9fc51a5aa741a7d3146.csv
2026-09-18 14:50:24,090 - WARNING - Base CSV missing for PR 81: vemiorg_mirelplatform_36d9fb5d5b275d8d13c0726fb1548e0b310adb77.csv
2026-09-18 14:50:24,090 - WARNING - Target CSV missing for PR 81: vemiorg_mirelplatform_ef3e23badafcf48433a7a59fc098aba70068a691.csv
2026-09-18 14:50:24,090 - WARNING - Base CSV missing for PR 286: jeddict_jeddict-ai_e19eb874c498d73a18cb32ad5114abe39b415c55.csv
2026-09-18 14:50:24,090 - WARNING - Target CSV missing for PR 286: jeddict_jeddict-ai_1191862e84d9a95eeb3dfa208c6a71e0ad8995de.csv
2026-09-18 14:50:24,090 - WARNING - Base CSV missing for PR 144861: elastic_elasticsearch_c892a1700d6a095af118558d6bea588376a80f02.csv
2026-09-18 14:50:24,090 - WARNING - Target CSV missing for PR 144861: elastic_elasticsearch_f96e230dec272ba41f5bdafbbc1ae56fecfcef0c.csv
2026-09-18 14:50:24,090 - WARNING - Base CSV missing for PR 87: vemiorg_mirelplatform_15108adc8f5a1541dd93048a38f8bdf1c4c54385.csv
2026-09-18 14:50:24,090 - WARNING - Target CSV missing for PR 87: vemiorg_mirelplatform_44ff2a7e5ee440c1fccb6272ae3515cdf4365f90.csv
2026-09-18 14:50:24,090 - WARNING - Base CSV missing for PR 70: elharo_docfix_47685ecb073f20d7f09ce2b1cc047d38903f4f31.csv
2026-09-18 14:50:24,090 - WARNING - Target CSV missing for PR 70: elharo_docfix_07d52d9f25c66a4d13fc44889cdabb88a3a22206.csv
2026-09-18 14:50:24,090 - WARNING - Base CSV missing for PR 3608: eclipse-platform_eclipse.platform.ui_ec5992a8f0bd9c16ff5442f305bdb8d2e004ba01.csv
2026-09-18 14:50:24,090 - WARNING - Target CSV missing for PR 3608: eclipse-platform_eclipse.platform.ui_6d06b55f4013bd70123e249369ded410820e2f45.csv
2026-09-18 14:50:24,090 - WARNING - Base CSV missing for PR 3611: eclipse-platform_eclipse.platform.ui_6d06b55f4013bd70123e249369ded410820e2f45.csv
2026-09-18 14:50:24,090 - WARNING - Target CSV missing for PR 3611: eclipse-platform_eclipse.platform.ui_447e516e5084e093f65fa0fa1a8ed1f42f6c1d8f.csv
2026-09-18 14:50:24,090 - WARNING - Base CSV missing for PR 3612: eclipse-platform_eclipse.platform.ui_8032c04e554959b9db0c5bdca94f74eb0302e257.csv
2026-09-18 14:50:24,090 - WARNING - Target CSV missing for PR 3612: eclipse-platform_eclipse.platform.ui_8e47cc16f5f7149832c645fd8556ccda39b669be.csv
2026-09-18 14:50:24,090 - WARNING - Base CSV missing for PR 3645: eclipse-platform_eclipse.platform.ui_001deea4cf69a43ff880df7f1116d526765e2841.csv
2026-09-18 14:50:24,090 - WARNING - Target CSV missing for PR 3645: eclipse-platform_eclipse.platform.ui_3d42a700ae3ea03bd86e293ad7203de6bd28a5b5.csv
2026-09-18 14:50:24,090 - WARNING - Base CSV missing for PR 3620: eclipse-platform_eclipse.platform.ui_6712af74cad86cbaf4b03876a8f1cc07010f21ea.csv
2026-09-18 14:50:24,090 - WARNING - Target CSV missing for PR 3620: eclipse-platform_eclipse.platform.ui_b941407ce8b3420eb2fcb74158d43daaf8fb2f5c.csv
2026-09-18 14:50:24,090 - WARNING - Base CSV missing for PR 3621: eclipse-platform_eclipse.platform.ui_b941407ce8b3420eb2fcb74158d43daaf8fb2f5c.csv
2026-09-18 14:50:24,090 - WARNING - Target CSV missing for PR 3621: eclipse-platform_eclipse.platform.ui_e738501f878189fbcfb85996fa2f8e1a6515c80f.csv
2026-09-18 14:50:24,090 - WARNING - Base CSV missing for PR 3625: eclipse-platform_eclipse.platform.ui_e358cd601440ff989f075a1b7b43202c66023961.csv
2026-09-18 14:50:24,090 - WARNING - Target CSV missing for PR 3625: eclipse-platform_eclipse.platform.ui_adae84655da97a7d3cfc0cae195c7f90932e0ca0.csv
2026-09-18 14:50:24,090 - WARNING - Base CSV missing for PR 12342: ls1intum_Artemis_ee3106c4dd0059b854644a537ef6ff56546073f7.csv
2026-09-18 14:50:24,090 - WARNING - Target CSV missing for PR 12342: ls1intum_Artemis_a5f2c95a6325595dbf9e347c065d489f8b56ce84.csv
2026-09-18 14:50:24,090 - WARNING - Base CSV missing for PR 12355: ls1intum_Artemis_4498bd0b103d6466f80a9dda05a9022addadb69e.csv
2026-09-18 14:50:24,090 - WARNING - Target CSV missing for PR 12355: ls1intum_Artemis_a4236f9a24ae6cf032a752174194ab9076b575e6.csv
2026-09-18 14:50:24,090 - WARNING - Base CSV missing for PR 4621: valkey-io_valkey-glide_fa7c1441c555fd94585fd908e1570a9f856749db.csv
2026-09-18 14:50:24,090 - WARNING - Target CSV missing for PR 4621: valkey-io_valkey-glide_7634815e1dad3ebae7ee8cae93973cbcf07bda92.csv
2026-09-18 14:50:24,090 - WARNING - Base CSV missing for PR 132322: elastic_elasticsearch_9e23c7e4b662b21b979e9af672c43bc143a5893c.csv
2026-09-18 14:50:24,090 - WARNING - Target CSV missing for PR 132322: elastic_elasticsearch_fcf040857f04ef064a06d80191fca112d0ba8f04.csv
2026-09-18 14:50:24,090 - WARNING - Base CSV missing for PR 2707: eclipse-platform_eclipse.platform.ui_d4aa37bb195ae8da3f5a7a9326ba78bebae38e2c.csv
2026-09-18 14:50:24,090 - WARNING - Target CSV missing for PR 2707: eclipse-platform_eclipse.platform.ui_54028a5de81d783dabaa108ccb76b378ca4ec97a.csv
2026-09-18 14:50:24,090 - WARNING - Base CSV missing for PR 954: fortify_fcli_e29132f1100586bd0bca252ad86584aa21c8f5ca.csv
2026-09-18 14:50:24,090 - WARNING - Target CSV missing for PR 954: fortify_fcli_1cc191886654d0ca7b59a74ce15587f97a1b3134.csv
2026-09-18 14:50:24,090 - WARNING - Base CSV missing for PR 979: fortify_fcli_d92c7bd6c7f7bcf651a8896528446619b966b55f.csv
2026-09-18 14:50:24,090 - WARNING - Target CSV missing for PR 979: fortify_fcli_2bba9c513b011845579fd4b6340f4ffc1326d84c.csv
2026-09-18 14:50:24,091 - WARNING - Base CSV missing for PR 834: fortify_fcli_aa37948eea40ff51d84e006d9d946915c37d3092.csv
2026-09-18 14:50:24,091 - WARNING - Target CSV missing for PR 834: fortify_fcli_40efb7f44e43eb18c08210fb651fedfd6d14c389.csv
2026-09-18 14:50:24,091 - WARNING - Base CSV missing for PR 2866: eclipse-platform_eclipse.platform.ui_b6af990cac142bdba33768e29ec0d62482f0ba54.csv
2026-09-18 14:50:24,091 - WARNING - Target CSV missing for PR 2866: eclipse-platform_eclipse.platform.ui_9cd93e54027717c75b2fc77be7503cabb82d3181.csv
2026-09-18 14:50:24,091 - WARNING - Base CSV missing for PR 127072: elastic_elasticsearch_16cd8a296860ffe5c79fae940a0a9a3d3d1843a6.csv
2026-09-18 14:50:24,091 - WARNING - Target CSV missing for PR 127072: elastic_elasticsearch_a33775d899bdfa28547027b68b644ae83653bcc1.csv
2026-09-18 14:50:24,091 - WARNING - Base CSV missing for PR 2942: eclipse-platform_eclipse.platform.ui_7769937101bb3dfe139026ecca5199de5b1c82df.csv
2026-09-18 14:50:24,091 - WARNING - Target CSV missing for PR 2942: eclipse-platform_eclipse.platform.ui_70589accf31b48fba37eb414c55bbb95ba1769d3.csv
2026-09-18 14:50:24,091 - WARNING - Base CSV missing for PR 3705: eclipse-platform_eclipse.platform.ui_7801de785cd8cc22ec6a6fb9e93b2ff69041f68b.csv
2026-09-18 14:50:24,091 - WARNING - Target CSV missing for PR 3705: eclipse-platform_eclipse.platform.ui_740f6fc2859c06529fcc2e4de3cd966c02556921.csv
2026-09-18 14:50:24,091 - WARNING - Base CSV missing for PR 125611: elastic_elasticsearch_a6f685cc2ac1e40039e84a7747985ec51585bbf5.csv
2026-09-18 14:50:24,091 - WARNING - Target CSV missing for PR 125611: elastic_elasticsearch_8b691db4367bf4556cd250fab8becde37fd53d09.csv
2026-09-18 14:50:24,091 - WARNING - Base CSV missing for PR 127075: elastic_elasticsearch_72b4ed255bfaba98a615d57bade1e26d32094f54.csv
2026-09-18 14:50:24,091 - WARNING - Target CSV missing for PR 127075: elastic_elasticsearch_e280aa5d50a3dc44f51dc5a76f1d9c5cc7a915be.csv
2026-09-18 14:50:24,091 - WARNING - Base CSV missing for PR 3115: eclipse-platform_eclipse.platform.ui_cee46311e84ba41e8a421b47099ad709e23761f1.csv
2026-09-18 14:50:24,091 - WARNING - Target CSV missing for PR 3115: eclipse-platform_eclipse.platform.ui_6c10cbfc2a160f5b4f58c609a6484834926c8710.csv
2026-09-18 14:50:24,091 - WARNING - Base CSV missing for PR 125613: elastic_elasticsearch_65751062f732bcc3423157d3c7a3e3d1a8be4119.csv
2026-09-18 14:50:24,091 - WARNING - Target CSV missing for PR 125613: elastic_elasticsearch_d72d81a0eb313d95346ee1fd1880e2f61235606e.csv
2026-09-18 14:50:24,091 - WARNING - Base CSV missing for PR 3188: eclipse-platform_eclipse.platform.ui_d291a39304611a7e8fba49638a6a2e6a276afc90.csv
2026-09-18 14:50:24,091 - WARNING - Target CSV missing for PR 3188: eclipse-platform_eclipse.platform.ui_1d2149c3c2e4f12e15ce4d64b73703cd0dc7e3eb.csv
2026-09-18 14:50:24,091 - WARNING - Base CSV missing for PR 3190: eclipse-platform_eclipse.platform.ui_7cbe00171815451769892b2e725f5d5ac46c9eed.csv
2026-09-18 14:50:24,091 - WARNING - Target CSV missing for PR 3190: eclipse-platform_eclipse.platform.ui_b9d8b69b3cd90df4f3df80a48970b18d06357435.csv
2026-09-18 14:50:24,091 - WARNING - Base CSV missing for PR 3191: eclipse-platform_eclipse.platform.ui_b9d8b69b3cd90df4f3df80a48970b18d06357435.csv
2026-09-18 14:50:24,091 - WARNING - Target CSV missing for PR 3191: eclipse-platform_eclipse.platform.ui_e5929d32c4296d7248b2531aa2df89efac5d21a3.csv
2026-09-18 14:50:24,091 - WARNING - Base CSV missing for PR 129821: elastic_elasticsearch_8509e85345faccc29caffd1e256f53cfa79af1ef.csv
2026-09-18 14:50:24,091 - WARNING - Target CSV missing for PR 129821: elastic_elasticsearch_e1c930f8c18e88528059b4ac979c915a388a51d3.csv
2026-09-18 14:50:24,091 - WARNING - Base CSV missing for PR 3159: eclipse-platform_eclipse.platform.ui_7118bc87b94bbfecd26387ec5e7520253c9f88cc.csv
2026-09-18 14:50:24,091 - WARNING - Target CSV missing for PR 3159: eclipse-platform_eclipse.platform.ui_30af5e8352e585e174324aa54213437fd54249f1.csv
2026-09-18 14:50:24,091 - WARNING - Base CSV missing for PR 3175: eclipse-platform_eclipse.platform.ui_7118bc87b94bbfecd26387ec5e7520253c9f88cc.csv
2026-09-18 14:50:24,091 - WARNING - Target CSV missing for PR 3175: eclipse-platform_eclipse.platform.ui_1127427808dceaca3a07a2a3112a8743468a9089.csv
2026-09-18 14:50:24,091 - WARNING - Base CSV missing for PR 3176: eclipse-platform_eclipse.platform.ui_30af5e8352e585e174324aa54213437fd54249f1.csv
2026-09-18 14:50:24,091 - WARNING - Target CSV missing for PR 3176: eclipse-platform_eclipse.platform.ui_81b253334f7bc87c0ab23223873d4ebe697f2628.csv
2026-09-18 14:50:24,091 - WARNING - Base CSV missing for PR 3178: eclipse-platform_eclipse.platform.ui_30af5e8352e585e174324aa54213437fd54249f1.csv
2026-09-18 14:50:24,091 - WARNING - Target CSV missing for PR 3178: eclipse-platform_eclipse.platform.ui_418d9e09abd0d37e971b8b7ec846460ecf601ec4.csv
2026-09-18 14:50:24,091 - WARNING - Base CSV missing for PR 3181: eclipse-platform_eclipse.platform.ui_45af36135bd8faf0302fba15bb21fabe6f215dc3.csv
2026-09-18 14:50:24,091 - WARNING - Target CSV missing for PR 3181: eclipse-platform_eclipse.platform.ui_c496bbc2bb3c96bba5ce593c76b714390e68fc53.csv
2026-09-18 14:50:24,091 - WARNING - Base CSV missing for PR 3179: eclipse-platform_eclipse.platform.ui_81b253334f7bc87c0ab23223873d4ebe697f2628.csv
2026-09-18 14:50:24,091 - WARNING - Target CSV missing for PR 3179: eclipse-platform_eclipse.platform.ui_45af36135bd8faf0302fba15bb21fabe6f215dc3.csv
2026-09-18 14:50:24,091 - WARNING - Base CSV missing for PR 3180: eclipse-platform_eclipse.platform.ui_81b253334f7bc87c0ab23223873d4ebe697f2628.csv
2026-09-18 14:50:24,091 - WARNING - Target CSV missing for PR 3180: eclipse-platform_eclipse.platform.ui_04695729b3412226589b7d27e0ed7361c07d4589.csv
2026-09-18 14:50:24,091 - WARNING - Base CSV missing for PR 3183: eclipse-platform_eclipse.platform.ui_c496bbc2bb3c96bba5ce593c76b714390e68fc53.csv
2026-09-18 14:50:24,091 - WARNING - Target CSV missing for PR 3183: eclipse-platform_eclipse.platform.ui_686baa6a7b8d168e581d928f597525a1e3d1b1ba.csv
2026-09-18 14:50:24,091 - WARNING - Base CSV missing for PR 3219: eclipse-platform_eclipse.platform.ui_d0e2112769871aae4686b832e1573bacb92f94e1.csv
2026-09-18 14:50:24,091 - WARNING - Target CSV missing for PR 3219: eclipse-platform_eclipse.platform.ui_085f934a159ebd7c8906274f527b3ed131b3b8bb.csv
2026-09-18 14:50:24,091 - WARNING - Base CSV missing for PR 3217: eclipse-platform_eclipse.platform.ui_520e3071a43f1f994879e40a5e707482ecff6661.csv
2026-09-18 14:50:24,091 - WARNING - Target CSV missing for PR 3217: eclipse-platform_eclipse.platform.ui_007327047dc801ba1abba54d93030de5544cc749.csv
2026-09-18 14:50:24,091 - WARNING - Base CSV missing for PR 3430: eclipse-platform_eclipse.platform.ui_bba1bf9bbc8c14e922c0f69bd54b34e7f1dca76b.csv
2026-09-18 14:50:24,091 - WARNING - Target CSV missing for PR 3430: eclipse-platform_eclipse.platform.ui_9dee7b79bdfaeaa002917fd90c1cceec2191b9ee.csv
2026-09-18 14:50:24,091 - WARNING - Base CSV missing for PR 3537: eclipse-platform_eclipse.platform.ui_601b0d3006dab3d8612defae3b97d3bff53debe2.csv
2026-09-18 14:50:24,091 - WARNING - Target CSV missing for PR 3537: eclipse-platform_eclipse.platform.ui_7a24db1a216ef1e9940840c7c1156e1f9a82fc93.csv
2026-09-18 14:50:24,091 - WARNING - Base CSV missing for PR 124948: elastic_elasticsearch_789eb2fadbad83a8784fe340447300dc070fa050.csv
2026-09-18 14:50:24,091 - WARNING - Target CSV missing for PR 124948: elastic_elasticsearch_595ba6bb68fbccda47e3fec3d966d6a77d8f1200.csv
2026-09-18 14:50:24,091 - WARNING - Base CSV missing for PR 3532: eclipse-platform_eclipse.platform.ui_1a43fc14d213a7a0764cec337b2744266cc077c0.csv
2026-09-18 14:50:24,091 - WARNING - Target CSV missing for PR 3532: eclipse-platform_eclipse.platform.ui_a2174ffa65a1e933b7513bd5b427a7bd6275e068.csv
2026-09-18 14:50:24,091 - WARNING - Base CSV missing for PR 3718: eclipse-platform_eclipse.platform.ui_dd7a449751c6805412a3fe9bd7bd234d20e2c200.csv
2026-09-18 14:50:24,091 - WARNING - Target CSV missing for PR 3718: eclipse-platform_eclipse.platform.ui_5c89bb8115be00f3b42f4f8346c47c435f99bf5d.csv
2026-09-18 14:50:24,091 - WARNING - Base CSV missing for PR 4399: kubernetes-client_java_aca2144538352c6f2ad4d3289797ad4e8b1bfc13.csv
2026-09-18 14:50:24,091 - WARNING - Target CSV missing for PR 4399: kubernetes-client_java_ac26aa529c62430eea9f2a7ee09493e32aef8fea.csv
2026-09-18 14:50:24,091 - WARNING - Base CSV missing for PR 125625: elastic_elasticsearch_d4aa1e66ded979c29515f262ac065734c7eec3c7.csv
2026-09-18 14:50:24,092 - WARNING - Target CSV missing for PR 125625: elastic_elasticsearch_4de4ec1d4c92a89cd59ef5013914dbfcc550ecf4.csv
2026-09-18 14:50:24,092 - WARNING - Base CSV missing for PR 4619: kubernetes-client_java_b569d3e55973265a753f5b87ea4575588e881133.csv
2026-09-18 14:50:24,092 - WARNING - Target CSV missing for PR 4619: kubernetes-client_java_d617dcaf08beb3ade70b74aeab4abe9e92b3d373.csv
2026-09-18 14:50:24,092 - WARNING - Base CSV missing for PR 4620: kubernetes-client_java_550953bff6bb3f3a8401b878b078564dff2e019a.csv
2026-09-18 14:50:24,092 - WARNING - Target CSV missing for PR 4620: kubernetes-client_java_286163567bf2565a7f136f98efd951282a715dc1.csv
2026-09-18 14:50:24,092 - WARNING - Base CSV missing for PR 3730: eclipse-platform_eclipse.platform.ui_de0e232aa0b21db5edc6c3939f1f2991b0585692.csv
2026-09-18 14:50:24,092 - WARNING - Target CSV missing for PR 3730: eclipse-platform_eclipse.platform.ui_676351ac52ba2d6ae9fd9e56bf78023fc9541982.csv
2026-09-18 14:50:24,092 - WARNING - Base CSV missing for PR 3732: eclipse-platform_eclipse.platform.ui_676351ac52ba2d6ae9fd9e56bf78023fc9541982.csv
2026-09-18 14:50:24,092 - WARNING - Target CSV missing for PR 3732: eclipse-platform_eclipse.platform.ui_abbe1919994a8e45cd54c99fb0fe313daab63153.csv
2026-09-18 14:50:24,092 - WARNING - Base CSV missing for PR 130608: elastic_elasticsearch_05fc6f2089032348172e90ecaa3a5b78eaa44836.csv
2026-09-18 14:50:24,092 - WARNING - Target CSV missing for PR 130608: elastic_elasticsearch_dc46b7979ca891152302f9a026383c7447bd9f04.csv
2026-09-18 14:50:24,092 - WARNING - Base CSV missing for PR 1306: TulevaEE_onboarding-service_88fc5c496c0411250c35006a7685fcefa296a66c.csv
2026-09-18 14:50:24,092 - WARNING - Target CSV missing for PR 1306: TulevaEE_onboarding-service_4c300d58666a2691ae598d4991f427826edbdfa4.csv
2026-09-18 14:50:24,092 - WARNING - Base CSV missing for PR 3786: eclipse-platform_eclipse.platform.ui_3074802030ad6dacfe33cb40328381bfcb33a3b3.csv
2026-09-18 14:50:24,092 - WARNING - Target CSV missing for PR 3786: eclipse-platform_eclipse.platform.ui_e1fe34ef81b7975f02a1ddc84e4da923c3c4a6d8.csv
2026-09-18 14:50:24,092 - WARNING - Base CSV missing for PR 3787: eclipse-platform_eclipse.platform.ui_ec2a668c4f29e906fe4c71453578fe86ed233b7b.csv
2026-09-18 14:50:24,092 - WARNING - Target CSV missing for PR 3787: eclipse-platform_eclipse.platform.ui_ce3b75a9cc0509464bf580e78e6ee25903135b4b.csv
2026-09-18 14:50:24,092 - WARNING - Base CSV missing for PR 3794: eclipse-platform_eclipse.platform.ui_1c1d72e1d84af68bd77eb4db785c11494662b644.csv
2026-09-18 14:50:24,092 - WARNING - Target CSV missing for PR 3794: eclipse-platform_eclipse.platform.ui_0b514c7a6a251f7bf367152d9d2ce6f059118cea.csv
2026-09-18 14:50:24,092 - WARNING - Base CSV missing for PR 3799: eclipse-platform_eclipse.platform.ui_4f7b636d8632f6aaba2b775f2ec06a23721b231a.csv
2026-09-18 14:50:24,092 - WARNING - Target CSV missing for PR 3799: eclipse-platform_eclipse.platform.ui_db33b105aee0ff1b02d5f5e33d84247387e40422.csv
2026-09-18 14:50:24,092 - WARNING - Base CSV missing for PR 3802: eclipse-platform_eclipse.platform.ui_14462762411f77bdd426a9ecf30c7f407e1f6383.csv
2026-09-18 14:50:24,092 - WARNING - Target CSV missing for PR 3802: eclipse-platform_eclipse.platform.ui_b4e388feec421e125b7502b1162884a892a7a74f.csv
2026-09-18 14:50:24,092 - WARNING - Base CSV missing for PR 44258: camunda_camunda_918985b65f5bbf65aaac1d178ef6669f995c810c.csv
2026-09-18 14:50:24,092 - WARNING - Target CSV missing for PR 44258: camunda_camunda_5c32adf56dbf175f71168aabb532d63200f089ce.csv
2026-09-18 14:50:24,092 - WARNING - Base CSV missing for PR 3831: eclipse-platform_eclipse.platform.ui_6fdfb6f0c2b6bd8f866668acf8501cecbfbfa6ba.csv
2026-09-18 14:50:24,092 - WARNING - Target CSV missing for PR 3831: eclipse-platform_eclipse.platform.ui_06eb48d9e67556763b3e256972bc48d454ae4ce9.csv
2026-09-18 14:50:24,092 - WARNING - Base CSV missing for PR 3855: eclipse-platform_eclipse.platform.ui_f22f75c65169cd61e3f1c10b7f24de1e19d264b7.csv
2026-09-18 14:50:24,092 - WARNING - Target CSV missing for PR 3855: eclipse-platform_eclipse.platform.ui_346678972c90295ec8b16ed6ceeb5f7ed8e58535.csv
2026-09-18 14:50:24,092 - WARNING - Base CSV missing for PR 3887: eclipse-platform_eclipse.platform.ui_357b87c5dc0b6ca4d2b195a9e24b393d6e9900ee.csv
2026-09-18 14:50:24,092 - WARNING - Target CSV missing for PR 3887: eclipse-platform_eclipse.platform.ui_f22f75c65169cd61e3f1c10b7f24de1e19d264b7.csv
2026-09-18 14:50:24,092 - WARNING - Base CSV missing for PR 125627: elastic_elasticsearch_67f260b4ac8ac6bf8f7a60251d8e9226286b3f57.csv
2026-09-18 14:50:24,092 - WARNING - Target CSV missing for PR 125627: elastic_elasticsearch_1f8966697678b1e42e36cf3b4499f2f41ea634d7.csv
2026-09-18 14:50:24,092 - WARNING - Base CSV missing for PR 127132: elastic_elasticsearch_2a243d8492efa25a0b34c5522c480488bba60141.csv
2026-09-18 14:50:24,092 - WARNING - Target CSV missing for PR 127132: elastic_elasticsearch_8ccbc9cd271362a94be5a723b7a9dae29c282506.csv
2026-09-18 14:50:24,092 - WARNING - Base CSV missing for PR 3924: eclipse-platform_eclipse.platform.ui_afacf908bea97b0c56abab9ddeb5a9833e5a768c.csv
2026-09-18 14:50:24,092 - WARNING - Target CSV missing for PR 3924: eclipse-platform_eclipse.platform.ui_22d9cd153d92d61a44f1a1f765d39ced294a4bee.csv
2026-09-18 14:50:24,092 - WARNING - Base CSV missing for PR 3596: eclipse-platform_eclipse.platform.ui_a629637edf1132951fae1a756d11c9311cbd18d8.csv
2026-09-18 14:50:24,092 - WARNING - Target CSV missing for PR 3596: eclipse-platform_eclipse.platform.ui_aede34103616f47826e12d09a2e03d03540c2a6e.csv
2026-09-18 14:50:24,092 - WARNING - Base CSV missing for PR 3695: eclipse-platform_eclipse.platform.ui_180f12277e1ebeff18f53ca5dc0d16ba9c4bc710.csv
2026-09-18 14:50:24,092 - WARNING - Target CSV missing for PR 3695: eclipse-platform_eclipse.platform.ui_15816d82ee92efcfe3c0cf2fd63ddd5a2f1e3dca.csv
2026-09-18 14:50:24,092 - WARNING - Base CSV missing for PR 3628: eclipse-platform_eclipse.platform.ui_e358cd601440ff989f075a1b7b43202c66023961.csv
2026-09-18 14:50:24,092 - WARNING - Target CSV missing for PR 3628: eclipse-platform_eclipse.platform.ui_2e1ed213d7f98e8dda29f80c9f6c09800a31aa7e.csv
2026-09-18 14:50:24,092 - WARNING - Base CSV missing for PR 2787: eclipse-platform_eclipse.platform.ui_c9f129d39bcd6e77a70d80421a18de7c7c768bf2.csv
2026-09-18 14:50:24,092 - WARNING - Target CSV missing for PR 2787: eclipse-platform_eclipse.platform.ui_433cdb93ba5a91eb8aec92da7879bb8b26e55d7f.csv
2026-09-18 14:50:24,092 - WARNING - Base CSV missing for PR 3206: eclipse-platform_eclipse.platform.ui_65500caa8458da0ae0d0aaca294fefa15f866bb1.csv
2026-09-18 14:50:24,092 - WARNING - Target CSV missing for PR 3206: eclipse-platform_eclipse.platform.ui_66fb87cad38f4dadb2f9bf9d9f1e029664fbb593.csv
2026-09-18 14:50:24,092 - WARNING - Base CSV missing for PR 3365: eclipse-platform_eclipse.platform.ui_3739f70715718692ca61c8f0522483f9d2dbaa09.csv
2026-09-18 14:50:24,092 - WARNING - Target CSV missing for PR 3365: eclipse-platform_eclipse.platform.ui_c051ca3c473e39611c91428c0be489de04b626b3.csv
2026-09-18 14:50:24,092 - WARNING - Base CSV missing for PR 3390: eclipse-platform_eclipse.platform.ui_4f771f0b79fc7193e72bc1309340ed9ea39eca16.csv
2026-09-18 14:50:24,092 - WARNING - Target CSV missing for PR 3390: eclipse-platform_eclipse.platform.ui_0ce143000f851b4b90f3f1d1103d17a0add37292.csv
2026-09-18 14:50:24,092 - WARNING - Base CSV missing for PR 3415: eclipse-platform_eclipse.platform.ui_8ff6a17d7297939f3c725206b5de9ee46b3f7885.csv
2026-09-18 14:50:24,092 - WARNING - Target CSV missing for PR 3415: eclipse-platform_eclipse.platform.ui_493d1070adaae65f0c1ef477fab63c6c1a0c6ef3.csv
2026-09-18 14:50:24,092 - WARNING - Base CSV missing for PR 1710: EduMIPS64_edumips64_0703876c8e2830485eb217b4c51a61d0a1d5a44c.csv
2026-09-18 14:50:24,092 - WARNING - Target CSV missing for PR 1710: EduMIPS64_edumips64_876e8991e42e5f56f38c135c9d8b02e153eeda89.csv
2026-09-18 14:50:24,092 - WARNING - Base CSV missing for PR 48721: Azure_azure-sdk-for-java_0ad78418cc58f01ac27f01687645421a097b47e7.csv
2026-09-18 14:50:24,092 - WARNING - Target CSV missing for PR 48721: Azure_azure-sdk-for-java_bf4b24b19385342276b0589e7e831de6664fc707.csv
2026-09-18 14:50:24,092 - WARNING - Base CSV missing for PR 3733: eclipse-platform_eclipse.platform.ui_b819cf98482c7979f1b338a8d709f68017cff09c.csv
2026-09-18 14:50:24,092 - WARNING - Target CSV missing for PR 3733: eclipse-platform_eclipse.platform.ui_300659d64e86868f3aa85dbc287bb8ee345db093.csv
2026-09-18 14:50:24,093 - WARNING - Base CSV missing for PR 1519: Tailormap_tailormap-api_819764d89b903368dacd764b1fdf238b3d2f9676.csv
2026-09-18 14:50:24,093 - WARNING - Target CSV missing for PR 1519: Tailormap_tailormap-api_e17271e35ea10070eb29d5e9587cafde152df4db.csv
2026-09-18 14:50:24,093 - WARNING - Base CSV missing for PR 1568: Tailormap_tailormap-api_6cb28cbd144dcf2fbc7b85aa998cae18bc5a517a.csv
2026-09-18 14:50:24,093 - WARNING - Target CSV missing for PR 1568: Tailormap_tailormap-api_21a719ad3a21a58a7431962d44fc4aeaa31df108.csv
2026-09-18 14:50:24,093 - WARNING - Base CSV missing for PR 1106: Tailormap_tailormap-api_dd8ab7b4faa793567228eb283436a8c1d2b0e391.csv
2026-09-18 14:50:24,093 - WARNING - Target CSV missing for PR 1106: Tailormap_tailormap-api_6fedec020889c08d7b9bebcbfd516df213cba614.csv
2026-09-18 14:50:24,093 - WARNING - Base CSV missing for PR 1108: Tailormap_tailormap-api_6fedec020889c08d7b9bebcbfd516df213cba614.csv
2026-09-18 14:50:24,093 - WARNING - Target CSV missing for PR 1108: Tailormap_tailormap-api_c97335c8b72aba838d34fb347bad85df4d476701.csv
2026-09-18 14:50:24,093 - WARNING - Base CSV missing for PR 1114: Tailormap_tailormap-api_ef194c470f84d1bc3f1c0ed9183cadc973c55f2a.csv
2026-09-18 14:50:24,093 - WARNING - Target CSV missing for PR 1114: Tailormap_tailormap-api_95c253ab31479ce3e7ee2cc8f084aa10390ee7f0.csv
2026-09-18 14:50:24,093 - WARNING - Base CSV missing for PR 123083: elastic_elasticsearch_b3959b6642593410c88da760c8c0d48e50a5631e.csv
2026-09-18 14:50:24,093 - WARNING - Target CSV missing for PR 123083: elastic_elasticsearch_74f211312295740a3686652c8607faf7724a6b3d.csv
2026-09-18 14:50:24,093 - WARNING - Base CSV missing for PR 125651: elastic_elasticsearch_360b91e8a5dae72431558de981a81a5977533b8b.csv
2026-09-18 14:50:24,093 - WARNING - Target CSV missing for PR 125651: elastic_elasticsearch_3e493b394e4ce4ebd3e4552a73018f4bdccd5366.csv
2026-09-18 14:50:24,093 - WARNING - Base CSV missing for PR 6814: deephaven_deephaven-core_c10c1a38659d62773553e1de551b0284284f683a.csv
2026-09-18 14:50:24,093 - WARNING - Target CSV missing for PR 6814: deephaven_deephaven-core_091548ac5d5961279d121aed4bb238bb05e089db.csv
2026-09-18 14:50:24,093 - WARNING - Base CSV missing for PR 4643: valkey-io_valkey-glide_23cbc32fb9be599c8db74f498d1331ebe934d1aa.csv
2026-09-18 14:50:24,093 - WARNING - Target CSV missing for PR 4643: valkey-io_valkey-glide_5df694506846e6902366e302a02a1718973d6c25.csv
2026-09-18 14:50:24,093 - WARNING - Base CSV missing for PR 1173: Tailormap_tailormap-api_f25d4a2bd58c9175446082a41b18d851a83b14cf.csv
2026-09-18 14:50:24,093 - WARNING - Target CSV missing for PR 1173: Tailormap_tailormap-api_d4be62bc4d1bf8ed8cdb52f0887590f1fed337f0.csv
2026-09-18 14:50:24,093 - WARNING - Base CSV missing for PR 127087: elastic_elasticsearch_9482f201a46438decbe19d26da2908fbdcb60954.csv
2026-09-18 14:50:24,093 - WARNING - Target CSV missing for PR 127087: elastic_elasticsearch_b5e92db171e4081af34da66e63083b19e5ee8f07.csv
2026-09-18 14:50:24,093 - WARNING - Base CSV missing for PR 1312: Tailormap_tailormap-api_be6442bf4bbb308756a0d71a6ec29ecffd52d893.csv
2026-09-18 14:50:24,093 - WARNING - Target CSV missing for PR 1312: Tailormap_tailormap-api_6dd7483b5b2136c0fbce5f7625321cdd3b9f77ff.csv
2026-09-18 14:50:24,093 - WARNING - Base CSV missing for PR 1341: Tailormap_tailormap-api_8b77011a1e033e41386892ff954366679b0a9305.csv
2026-09-18 14:50:24,093 - WARNING - Target CSV missing for PR 1341: Tailormap_tailormap-api_00d454b69b135bfd24ef9176b3845d97a2e5f3f2.csv
2026-09-18 14:50:24,093 - WARNING - Base CSV missing for PR 1366: Tailormap_tailormap-api_1cb5ebd720d307e5816e8bfbe269434d62112e73.csv
2026-09-18 14:50:24,093 - WARNING - Target CSV missing for PR 1366: Tailormap_tailormap-api_605783daa6db6711bd140ac46826a690c549a7b9.csv
2026-09-18 14:50:24,093 - WARNING - Base CSV missing for PR 1376: Tailormap_tailormap-api_2bfdb7a349c88f1535da64f607e03bd2165198dc.csv
2026-09-18 14:50:24,093 - WARNING - Target CSV missing for PR 1376: Tailormap_tailormap-api_eecb360c60255879d6d271ef2a6be66a30dfdac0.csv
2026-09-18 14:50:24,093 - WARNING - Base CSV missing for PR 1401: Tailormap_tailormap-api_aaa2c6df96ecb1114e805c8d0d9d70ee696f0823.csv
2026-09-18 14:50:24,093 - WARNING - Target CSV missing for PR 1401: Tailormap_tailormap-api_bc70db855e2c6ed5c2a8c862a724e0d37e7fbc99.csv
2026-09-18 14:50:24,093 - WARNING - Base CSV missing for PR 1418: Tailormap_tailormap-api_6220f9acde66a5880d62d9a54a96e946f9675b2a.csv
2026-09-18 14:50:24,093 - WARNING - Target CSV missing for PR 1418: Tailormap_tailormap-api_956efe5696f83a342961b7d8a10b37133aec1718.csv
2026-09-18 14:50:24,093 - WARNING - Base CSV missing for PR 6815: deephaven_deephaven-core_0b1e217d806b3c8550b10fa3ac709890da2c77df.csv
2026-09-18 14:50:24,093 - WARNING - Target CSV missing for PR 6815: deephaven_deephaven-core_c10c1a38659d62773553e1de551b0284284f683a.csv
2026-09-18 14:50:24,093 - WARNING - Base CSV missing for PR 1470: Tailormap_tailormap-api_e435687d0142f0e6c5dad7acf0f6ac5d6eb78467.csv
2026-09-18 14:50:24,093 - WARNING - Target CSV missing for PR 1470: Tailormap_tailormap-api_a7bed3d0eea1ef948370b55371928dd01d8d0d79.csv
2026-09-18 14:50:24,093 - WARNING - Base CSV missing for PR 1476: Tailormap_tailormap-api_65edd26ad8632d4e4693d1752d5572ed2f776896.csv
2026-09-18 14:50:24,093 - WARNING - Target CSV missing for PR 1476: Tailormap_tailormap-api_aab45ccd415ee68608eb4da5b9b6e0f0cd019fa5.csv
2026-09-18 14:50:24,093 - WARNING - Base CSV missing for PR 1477: Tailormap_tailormap-api_ef00f91541c15de0923a8aabac5863c991981e32.csv
2026-09-18 14:50:24,093 - WARNING - Target CSV missing for PR 1477: Tailormap_tailormap-api_7b51075737e4ed66344e7e8948b7443f11dffb86.csv
2026-09-18 14:50:24,093 - WARNING - Base CSV missing for PR 1594: Tailormap_tailormap-api_2bedf3ae2b08acce7e4ba0462484c264ba5d293b.csv
2026-09-18 14:50:24,093 - WARNING - Target CSV missing for PR 1594: Tailormap_tailormap-api_2b994ae46ccb82b1f4180c330551e941cfe1269a.csv
2026-09-18 14:50:24,093 - WARNING - Base CSV missing for PR 1593: Tailormap_tailormap-api_2a47f0674afd6005cb45ecc11699ba9d3501ab6e.csv
2026-09-18 14:50:24,093 - WARNING - Target CSV missing for PR 1593: Tailormap_tailormap-api_3ad80d83ad64ab84b6b4420c7804616ca143eec4.csv
2026-09-18 14:50:24,093 - WARNING - Base CSV missing for PR 1599: Tailormap_tailormap-api_17230f9c66eab0bae6731686b6df7203652a96bb.csv
2026-09-18 14:50:24,093 - WARNING - Target CSV missing for PR 1599: Tailormap_tailormap-api_b8ea6dfb2f3afa25ff16f1cda4f260fc5cfa6e19.csv
2026-09-18 14:50:24,093 - WARNING - Base CSV missing for PR 420: micronaut-projects_micronaut-control-panel_4d48a769ad2b25e2a77a7d8f0bd26eae9024de05.csv
2026-09-18 14:50:24,094 - WARNING - Target CSV missing for PR 420: micronaut-projects_micronaut-control-panel_e18548da8d22c32b6e820aba7469a5dc70d91f44.csv
2026-09-18 14:50:24,094 - WARNING - Base CSV missing for PR 125660: elastic_elasticsearch_b476ee19b50d9250bc826c162b63114527984697.csv
2026-09-18 14:50:24,094 - WARNING - Target CSV missing for PR 125660: elastic_elasticsearch_fa46aabb3b9918e27211b1828d4cc0c54ad1d97b.csv
2026-09-18 14:50:24,094 - WARNING - Base CSV missing for PR 1632: Tailormap_tailormap-api_ee1db6d3a5947c0bf0d49564deb4bbaab6533ca8.csv
2026-09-18 14:50:24,094 - WARNING - Target CSV missing for PR 1632: Tailormap_tailormap-api_f91b0d3dc28e8d5d1c2b39c4c55e3ef550f858cd.csv
2026-09-18 14:50:24,094 - WARNING - Base CSV missing for PR 1634: Tailormap_tailormap-api_c3dc5b4dc9a1758ab22ac980e44ad8d664d0b670.csv
2026-09-18 14:50:24,094 - WARNING - Target CSV missing for PR 1634: Tailormap_tailormap-api_48fc7cd8a963ca598b97a58ebe2a1b5cd5395621.csv
2026-09-18 14:50:24,094 - WARNING - Base CSV missing for PR 4644: valkey-io_valkey-glide_eef1067417fe35f7ca98035da963f11feaf62421.csv
2026-09-18 14:50:24,094 - WARNING - Target CSV missing for PR 4644: valkey-io_valkey-glide_23cbc32fb9be599c8db74f498d1331ebe934d1aa.csv
2026-09-18 14:50:24,094 - WARNING - Base CSV missing for PR 1647: Tailormap_tailormap-api_8050723129199127f155dafe614deae84a4e7332.csv
2026-09-18 14:50:24,094 - WARNING - Target CSV missing for PR 1647: Tailormap_tailormap-api_f55f28b8362f43edd9b3f745cb7dcdc08074a541.csv
2026-09-18 14:50:24,094 - WARNING - Base CSV missing for PR 6018: apache_paimon_9793945b06da0955a0766deac0451ce90239ac19.csv
2026-09-18 14:50:24,094 - WARNING - Target CSV missing for PR 6018: apache_paimon_96bdae4068641771e57dc8e36af6bc1b44fc1e4c.csv
2026-09-18 14:50:24,094 - WARNING - Base CSV missing for PR 137330: elastic_elasticsearch_34e3417158280c446b132b753cf6894105f8ade7.csv
2026-09-18 14:50:24,094 - WARNING - Target CSV missing for PR 137330: elastic_elasticsearch_774cf6af8654c1225a0666dd02b9f81955634f6c.csv
2026-09-18 14:50:24,094 - WARNING - Base CSV missing for PR 5988: apache_paimon_866dd0bd039e4ad3a8da3725f5b01e86f9b64078.csv
2026-09-18 14:50:24,094 - WARNING - Target CSV missing for PR 5988: apache_paimon_3d738a9b8a7ed7260e4d59c400a053d8bdfc845e.csv
2026-09-18 14:50:24,094 - WARNING - Base CSV missing for PR 5991: apache_paimon_be3703ce71d085bbbd2cc911cf8546322ba8bae5.csv
2026-09-18 14:50:24,094 - WARNING - Target CSV missing for PR 5991: apache_paimon_9de4a149a29b17fcb5eeabffe98eeffb0b5415c1.csv
2026-09-18 14:50:24,094 - WARNING - Base CSV missing for PR 6024: apache_paimon_b5cda85cdeedcdd14705cdf10057b4280419d621.csv
2026-09-18 14:50:24,094 - WARNING - Target CSV missing for PR 6024: apache_paimon_ace9a5972cd14e8c8c6bfc5691b02fa9869500e4.csv
2026-09-18 14:50:24,094 - WARNING - Base CSV missing for PR 6060: apache_paimon_d5723fc9a02bd3b5d256efa045021137bb5c8532.csv
2026-09-18 14:50:24,094 - WARNING - Target CSV missing for PR 6060: apache_paimon_c1d5ad17b4abc5059f835d19b9ec4bc2bf7cd08a.csv
2026-09-18 14:50:24,094 - WARNING - Base CSV missing for PR 114: ArtifactForms_MeshLibCore_4d614b409808da24ffa8e4428d168d3264bcd616.csv
2026-09-18 14:50:24,094 - WARNING - Target CSV missing for PR 114: ArtifactForms_MeshLibCore_ceb24ff3993dfb94af300a3def9efb3488b7813e.csv
2026-09-18 14:50:24,094 - WARNING - Base CSV missing for PR 7102: apache_paimon_f99ee470ac7ac4ffb77f89fdb0f93b83cb6fc2a2.csv
2026-09-18 14:50:24,094 - WARNING - Target CSV missing for PR 7102: apache_paimon_b309fe303f1936d821b1a39f9e710ad19c5c7865.csv
2026-09-18 14:50:24,094 - WARNING - Base CSV missing for PR 126: ArtifactForms_MeshLibCore_46478ac32cc6e3f57f6b0c0f81c336a3ee7bdae2.csv
2026-09-18 14:50:24,094 - WARNING - Target CSV missing for PR 126: ArtifactForms_MeshLibCore_e2b686e6c3f6720ea05888df0a64c523adccbe6f.csv
2026-09-18 14:50:24,094 - WARNING - Base CSV missing for PR 35998: apache_shardingsphere_40015a77a1be3ba1009e2c062a05af7937909412.csv
2026-09-18 14:50:24,094 - WARNING - Target CSV missing for PR 35998: apache_shardingsphere_3afc0e5c4e6b1b329326f55c6b20facaeb299939.csv
2026-09-18 14:50:24,094 - WARNING - Base CSV missing for PR 7095: apache_paimon_8526f01c9fecf38241a1c6d5ee93f97eed6e5b98.csv
2026-09-18 14:50:24,094 - WARNING - Target CSV missing for PR 7095: apache_paimon_f8a1cf29a626731b6c236f1d7fec455fccad9886.csv
2026-09-18 14:50:24,094 - WARNING - Base CSV missing for PR 7105: apache_paimon_b309fe303f1936d821b1a39f9e710ad19c5c7865.csv
2026-09-18 14:50:24,094 - WARNING - Target CSV missing for PR 7105: apache_paimon_527f2ab5f013d62ee69b97b50553d7f0f5262cce.csv
2026-09-18 14:50:24,094 - WARNING - Base CSV missing for PR 7099: apache_paimon_f3d6caa2b673e0973466d1a8342c705a8caa959a.csv
2026-09-18 14:50:24,094 - WARNING - Target CSV missing for PR 7099: apache_paimon_af23563277f4b0cf196ddd22aec5074570bc37ba.csv
2026-09-18 14:50:24,094 - WARNING - Base CSV missing for PR 144971: elastic_elasticsearch_92272713e98a05aa39a3646e1780e7bd5772e8c2.csv
2026-09-18 14:50:24,094 - WARNING - Target CSV missing for PR 144971: elastic_elasticsearch_6c640975b6cbcbbd106ee3d148f2002ea688ac0b.csv
2026-09-18 14:50:24,094 - WARNING - Base CSV missing for PR 6641: apache_paimon_87bafe8071b24394f9ec466bf637a78695d85d96.csv
2026-09-18 14:50:24,094 - WARNING - Target CSV missing for PR 6641: apache_paimon_0b6c88fac4cc4cc16a9f4c2996f0603615bb62bc.csv
2026-09-18 14:50:24,094 - WARNING - Base CSV missing for PR 125667: elastic_elasticsearch_fc933d436a4bf58a70bfc5096df005214cf11175.csv
2026-09-18 14:50:24,094 - WARNING - Target CSV missing for PR 125667: elastic_elasticsearch_a97e0064547ce6281544fd922eedcdb8b117ceea.csv
2026-09-18 14:50:24,094 - WARNING - Base CSV missing for PR 6104: apache_paimon_473124d6369f19a629b1c97fca1fd1d626c39dfb.csv
2026-09-18 14:50:24,095 - WARNING - Target CSV missing for PR 6104: apache_paimon_148296496a857887b44d1261af4e5da20db5a041.csv
2026-09-18 14:50:24,095 - WARNING - Base CSV missing for PR 6714: apache_paimon_87ee257c2d267093cec41c1f95dd58211f2f3347.csv
2026-09-18 14:50:24,095 - WARNING - Target CSV missing for PR 6714: apache_paimon_7da995126d1feaf7f4b93d4a926231f63167fcf1.csv
2026-09-18 14:50:24,095 - WARNING - Base CSV missing for PR 6817: deephaven_deephaven-core_c10c1a38659d62773553e1de551b0284284f683a.csv
2026-09-18 14:50:24,095 - WARNING - Target CSV missing for PR 6817: deephaven_deephaven-core_e24e1943324f8d9e5bc1a5cacb80ea5c10c16d1d.csv
2026-09-18 14:50:24,095 - WARNING - Base CSV missing for PR 6754: apache_paimon_310e6471620fed06b2819ffd6ef0180dbb1f3902.csv
2026-09-18 14:50:24,095 - WARNING - Target CSV missing for PR 6754: apache_paimon_856a878a23d240db7a9f0ae1247ba5160833ce41.csv
2026-09-18 14:50:24,095 - WARNING - Base CSV missing for PR 6755: apache_paimon_310e6471620fed06b2819ffd6ef0180dbb1f3902.csv
2026-09-18 14:50:24,095 - WARNING - Target CSV missing for PR 6755: apache_paimon_432fad719ec93bcc902a16e3b31f374be473d339.csv
2026-09-18 14:50:24,095 - WARNING - Base CSV missing for PR 6765: apache_paimon_42f12a20b5c011307d153572306814f112101ed7.csv
2026-09-18 14:50:24,095 - WARNING - Target CSV missing for PR 6765: apache_paimon_2064abe1ea0eabaf6b4ef9196f6e1d62f7508b51.csv
2026-09-18 14:50:24,095 - WARNING - Base CSV missing for PR 6766: apache_paimon_60b7883807ff011969e9031e48e67a58f7626cca.csv
2026-09-18 14:50:24,095 - WARNING - Target CSV missing for PR 6766: apache_paimon_69b9f0dc363f1b9e8d67b3b32d36a947ccfe33aa.csv
2026-09-18 14:50:24,095 - WARNING - Base CSV missing for PR 6775: apache_paimon_731475b9b0c69cc2147039f933c4e66a4e651ce1.csv
2026-09-18 14:50:24,095 - WARNING - Target CSV missing for PR 6775: apache_paimon_49b43321a3eb3d954a0405fee5f910ab75997bd8.csv
2026-09-18 14:50:24,095 - WARNING - Base CSV missing for PR 129: ArtifactForms_MeshLibCore_2706be3ddb82c5829f98d354b4c67e2fe752b8d7.csv
2026-09-18 14:50:24,095 - WARNING - Target CSV missing for PR 129: ArtifactForms_MeshLibCore_c30effb4e2289e1db40959f75760fc65a64d2136.csv
2026-09-18 14:50:24,095 - WARNING - Base CSV missing for PR 6874: apache_paimon_005061ae2e707ba1dda3a513ee3109a62a116713.csv
2026-09-18 14:50:24,095 - WARNING - Target CSV missing for PR 6874: apache_paimon_6b18fc3693b453846370aee55e8892ba59c7d8a7.csv
2026-09-18 14:50:24,095 - WARNING - Base CSV missing for PR 6879: apache_paimon_816a76f2e1c642baff3aa7cb7eff89f10f3fd2ab.csv
2026-09-18 14:50:24,095 - WARNING - Target CSV missing for PR 6879: apache_paimon_4c31fbb8ecc71979bd7294b0ad09ab95c2cc6202.csv
2026-09-18 14:50:24,095 - WARNING - Base CSV missing for PR 125676: elastic_elasticsearch_69115b575847ca51b58d7b8a37e7117bba5939d1.csv
2026-09-18 14:50:24,095 - WARNING - Target CSV missing for PR 125676: elastic_elasticsearch_ca2fa59bc600782030a9b07511fc3956581b8309.csv
2026-09-18 14:50:24,095 - WARNING - Base CSV missing for PR 6913: apache_paimon_55e4d28c705a2c8a3df8ac513e06abd81bb72856.csv
2026-09-18 14:50:24,095 - WARNING - Target CSV missing for PR 6913: apache_paimon_bce56bf27025684bbc3bdde0985b54103bd2864e.csv
2026-09-18 14:50:24,095 - WARNING - Base CSV missing for PR 6914: apache_paimon_3aa702b246f7df8ca2c67a337362f2ad0b96d39d.csv
2026-09-18 14:50:24,095 - WARNING - Target CSV missing for PR 6914: apache_paimon_7f34bd3c8aa9f41b8286a496101311ce250a53f0.csv
2026-09-18 14:50:24,095 - WARNING - Base CSV missing for PR 6964: apache_paimon_c7877ecb18064b5facae4d396cd0d7394f5c68d7.csv
2026-09-18 14:50:24,095 - WARNING - Target CSV missing for PR 6964: apache_paimon_fdb4a934a007982c95019b315d1dc73d7eb34a27.csv
2026-09-18 14:50:24,095 - WARNING - Base CSV missing for PR 144972: elastic_elasticsearch_dab794c3acac2d25478845922420996201331bc4.csv
2026-09-18 14:50:24,095 - WARNING - Target CSV missing for PR 144972: elastic_elasticsearch_425be30536a634173f6a109046ab97ff6db1f5d1.csv
2026-09-18 14:50:24,095 - WARNING - Base CSV missing for PR 44750: Azure_azure-sdk-for-java_9c91d946b632154e0a3824b06d127ba8c8bae457.csv
2026-09-18 14:50:24,095 - WARNING - Target CSV missing for PR 44750: Azure_azure-sdk-for-java_520d21e1524a0885a8f3ad6403cbe9819fe56a6e.csv
2026-09-18 14:50:24,095 - WARNING - Base CSV missing for PR 394: cjmalloy_jasper_492ded6725d2bbfb28af1ff9d1bce368d66d95f6.csv
2026-09-18 14:50:24,095 - WARNING - Target CSV missing for PR 394: cjmalloy_jasper_0d4db95db391ffdbbeb9e01fbfe643caae447f66.csv
2026-09-18 14:50:24,095 - WARNING - Base CSV missing for PR 340: cjmalloy_jasper_d417e60448ba84389f2c87e5545f0a3b61d1bf90.csv
2026-09-18 14:50:24,095 - WARNING - Target CSV missing for PR 340: cjmalloy_jasper_6dfc37780d110484753b7a430879167f0db6b553.csv
2026-09-18 14:50:24,095 - WARNING - Base CSV missing for PR 122449: elastic_elasticsearch_0bdf397195ea7bd2948d01341746fa85244f3c25.csv
2026-09-18 14:50:24,095 - WARNING - Target CSV missing for PR 122449: elastic_elasticsearch_bbd168367f29f8800f615903cd164599196ae984.csv
2026-09-18 14:50:24,095 - WARNING - Base CSV missing for PR 379: cjmalloy_jasper_a0c455b8b2fb4d2698a33ecd9c081b8a0542fadc.csv
2026-09-18 14:50:24,095 - WARNING - Target CSV missing for PR 379: cjmalloy_jasper_65359178a3d0bcbebe01acd07595ae67f0a694c4.csv
2026-09-18 14:50:24,095 - WARNING - Base CSV missing for PR 6949: apache_paimon_5e246dd8a619f8fdc85d799989cd8a4674abecad.csv
2026-09-18 14:50:24,095 - WARNING - Target CSV missing for PR 6949: apache_paimon_1123560e3af368250130366232e721ed4a1405a1.csv
2026-09-18 14:50:24,095 - WARNING - Base CSV missing for PR 6994: apache_paimon_d5275c534eef46f0ffcd98c8786d6e1b9ae59ca1.csv
2026-09-18 14:50:24,095 - WARNING - Target CSV missing for PR 6994: apache_paimon_d87373f9c5e3900de2c1f222d162b16ac483b3b8.csv
2026-09-18 14:50:24,095 - WARNING - Base CSV missing for PR 130625: elastic_elasticsearch_c04f2b82e84b2c1d18fbd12eb25c787bd77ad00e.csv
2026-09-18 14:50:24,095 - WARNING - Target CSV missing for PR 130625: elastic_elasticsearch_b9fb1b91ee2d411bd4d2db53490260c6e7c1eb2e.csv
2026-09-18 14:50:24,095 - WARNING - Base CSV missing for PR 44765: Azure_azure-sdk-for-java_1a05a4549b71cdf252047fefa587ecd1d3818f44.csv
2026-09-18 14:50:24,095 - WARNING - Target CSV missing for PR 44765: Azure_azure-sdk-for-java_39147b57e1796f787ccccf5d471a76378a61e7dd.csv
2026-09-18 14:50:24,095 - WARNING - Base CSV missing for PR 130630: elastic_elasticsearch_77f98489997f40bbf0aed9ec00d4e6069f71d1f2.csv
2026-09-18 14:50:24,095 - WARNING - Target CSV missing for PR 130630: elastic_elasticsearch_7ff36949b0919e7ae8d6edca6eb2413a76ac0d69.csv
2026-09-18 14:50:24,095 - WARNING - Base CSV missing for PR 7057: apache_paimon_4955ef0dcdaec969d7630ed6884c638ce96b6d0a.csv
2026-09-18 14:50:24,095 - WARNING - Target CSV missing for PR 7057: apache_paimon_1753038e81015759c70a0758ad137bd1de813319.csv
2026-09-18 14:50:24,095 - WARNING - Base CSV missing for PR 474: cjmalloy_jasper_e0a7460ec12fb65cdf5f56ad7db383d12ab4d6af.csv
2026-09-18 14:50:24,095 - WARNING - Target CSV missing for PR 474: cjmalloy_jasper_e27f8b7d7ce20ffb184ece9e627c36d1d786055e.csv
2026-09-18 14:50:24,095 - WARNING - Base CSV missing for PR 506: cjmalloy_jasper_436d9bca43e800e069a0f5f18d28dc46111d8045.csv
2026-09-18 14:50:24,095 - WARNING - Target CSV missing for PR 506: cjmalloy_jasper_c5bd1fa8a4850a174c4d83d6ff41e3f015c70a42.csv
2026-09-18 14:50:24,095 - WARNING - Base CSV missing for PR 513: cjmalloy_jasper_af6db30e6e5ab12260e0b54674227300a1e04f34.csv
2026-09-18 14:50:24,095 - WARNING - Target CSV missing for PR 513: cjmalloy_jasper_e6365b581871307d97bfa97ab03188c1435ecea0.csv
2026-09-18 14:50:24,096 - WARNING - Base CSV missing for PR 531: cjmalloy_jasper_4c75231123b60446fa77e71ba156f1ac67a801d7.csv
2026-09-18 14:50:24,096 - WARNING - Target CSV missing for PR 531: cjmalloy_jasper_966214ca5e71c104c50235c724dc8343572340f6.csv
2026-09-18 14:50:24,096 - WARNING - Base CSV missing for PR 130631: elastic_elasticsearch_f06fff1e2095915c623eb5c9e9f514ae81288f7e.csv
2026-09-18 14:50:24,096 - WARNING - Target CSV missing for PR 130631: elastic_elasticsearch_77dd0433e28b246127be5ad9e43a88b6b2e0aa79.csv
2026-09-18 14:50:24,096 - WARNING - Base CSV missing for PR 529: cjmalloy_jasper_4c75231123b60446fa77e71ba156f1ac67a801d7.csv
2026-09-18 14:50:24,096 - WARNING - Target CSV missing for PR 529: cjmalloy_jasper_70c8cd87ca990271601f5cbd60a8978c9c1b39df.csv
2026-09-18 14:50:24,096 - WARNING - Base CSV missing for PR 382: cjmalloy_jasper_6447d81d1c49ec162425c0c41915261aa9e7c40a.csv
2026-09-18 14:50:24,096 - WARNING - Target CSV missing for PR 382: cjmalloy_jasper_05ad81e5b041a6d5d2d91317416e3e68b099687e.csv
2026-09-18 14:50:24,096 - WARNING - Base CSV missing for PR 369: cjmalloy_jasper_52012a7fe5f0c6a9cecd2994c5dbbb1f7430e3d7.csv
2026-09-18 14:50:24,096 - WARNING - Target CSV missing for PR 369: cjmalloy_jasper_b1b9d2d4183765b96aa31724b64360af8bf5141f.csv
2026-09-18 14:50:24,096 - WARNING - Base CSV missing for PR 127712: elastic_elasticsearch_1bc018d9b56e91e8ea313b0bad046589c2053599.csv
2026-09-18 14:50:24,096 - WARNING - Target CSV missing for PR 127712: elastic_elasticsearch_d82bdb4d23ff5dd0e0867d08f85e53fe0b330eb2.csv
2026-09-18 14:50:24,096 - WARNING - Base CSV missing for PR 375: cjmalloy_jasper_ddd5534567283b6a2f78d1f544cb03dc20ecdbe1.csv
2026-09-18 14:50:24,096 - WARNING - Target CSV missing for PR 375: cjmalloy_jasper_e56e866811b5d72dbef6d471b6d72f38b5e9878e.csv
2026-09-18 14:50:24,096 - WARNING - Base CSV missing for PR 4535: openhab_openhab-core_979e4a74098da8007cf888a9363dc66fcd1ab56b.csv
2026-09-18 14:50:24,096 - WARNING - Target CSV missing for PR 4535: openhab_openhab-core_40d079ae809d81376321e002b39707bab4dc6944.csv
2026-09-18 14:50:24,096 - WARNING - Base CSV missing for PR 4811: apache_paimon_aa08553eed725f358f4bf4dc7a7c2699d60cdf81.csv
2026-09-18 14:50:24,096 - WARNING - Target CSV missing for PR 4811: apache_paimon_0222cf9555cf1fcf6a3b7dc10a3d157d498e3209.csv
2026-09-18 14:50:24,096 - WARNING - Base CSV missing for PR 4834: apache_paimon_c4c89804bb80de02725cfb69a6ea5ac5e2401c6b.csv
2026-09-18 14:50:24,096 - WARNING - Target CSV missing for PR 4834: apache_paimon_b152608f3f3bc4f4356fb7db10a0be6a54d8924c.csv
2026-09-18 14:50:24,096 - WARNING - Base CSV missing for PR 4842: apache_paimon_6d109d4195d78534eaa264c2b594ae8acbcf0af2.csv
2026-09-18 14:50:24,096 - WARNING - Target CSV missing for PR 4842: apache_paimon_4edc05bc7b459095e7ad2226d9543305d46b6042.csv
2026-09-18 14:50:24,096 - WARNING - Base CSV missing for PR 553: cjmalloy_jasper_35596a23525109a4270700189863ffad08495d89.csv
2026-09-18 14:50:24,096 - WARNING - Target CSV missing for PR 553: cjmalloy_jasper_3b92a2312c6bc5fdd7cc3a829733fe901f32b172.csv
2026-09-18 14:50:24,096 - WARNING - Base CSV missing for PR 562: cjmalloy_jasper_6cdf13409f750c90aa5fb7ed43d9388f36e3dad7.csv
2026-09-18 14:50:24,096 - WARNING - Target CSV missing for PR 562: cjmalloy_jasper_c815de58a6c19464e3a85c5ba2aa0b342f926dcb.csv
2026-09-18 14:50:24,096 - WARNING - Base CSV missing for PR 574: cjmalloy_jasper_7b14c264f8dfa30597c9329d8d81c49852951317.csv
2026-09-18 14:50:24,096 - WARNING - Target CSV missing for PR 574: cjmalloy_jasper_63fe013f068b4036b1525e5d229a03f74891405b.csv
2026-09-18 14:50:24,096 - WARNING - Base CSV missing for PR 45016: Azure_azure-sdk-for-java_ab28f86727f91de7ab4933ecf548ec6c9911c9a4.csv
2026-09-18 14:50:24,096 - WARNING - Target CSV missing for PR 45016: Azure_azure-sdk-for-java_48828429325d7ab3a0c698a1d753d8a6fd4a84b2.csv
2026-09-18 14:50:24,096 - WARNING - Base CSV missing for PR 44937: Azure_azure-sdk-for-java_59c477e187fc9028f7e4e938b5c86ee3461c02e2.csv
2026-09-18 14:50:24,096 - WARNING - Target CSV missing for PR 44937: Azure_azure-sdk-for-java_e51afcb24507f09112dd03c17d8b615125350690.csv
2026-09-18 14:50:24,096 - WARNING - Base CSV missing for PR 44972: Azure_azure-sdk-for-java_51a3f69f22e6a8d510f947ea430b2afc0f0b26ba.csv
2026-09-18 14:50:24,096 - WARNING - Target CSV missing for PR 44972: Azure_azure-sdk-for-java_c3fdca42ae8f0eb8049091d166c5da1728c0b580.csv
2026-09-18 14:50:24,096 - WARNING - Base CSV missing for PR 45052: Azure_azure-sdk-for-java_4231e3a01b7291f08dcb4d2df40affff42de8fdc.csv
2026-09-18 14:50:24,096 - WARNING - Target CSV missing for PR 45052: Azure_azure-sdk-for-java_d84a63a67889dbacaec26d276e2b6f91da3949fe.csv
2026-09-18 14:50:24,096 - WARNING - Base CSV missing for PR 6093: camunda_connectors_3c3ce7f7c267c808a1fb9aed7964f00470142188.csv
2026-09-18 14:50:24,096 - WARNING - Target CSV missing for PR 6093: camunda_connectors_050bb287e0a173c7b81ca92d32fb32d560f01877.csv
2026-09-18 14:50:24,096 - WARNING - Base CSV missing for PR 125690: elastic_elasticsearch_b6b8159ed99f8b48009b05dba9c14ab9f522100b.csv
2026-09-18 14:50:24,096 - WARNING - Target CSV missing for PR 125690: elastic_elasticsearch_a0dce5c0057aa194531a33947042fc2c72f4ce00.csv
2026-09-18 14:50:24,096 - WARNING - Base CSV missing for PR 7315: deephaven_deephaven-core_2eddd6b5521e2fbd0f530952fa9dd99482089b58.csv
2026-09-18 14:50:24,096 - WARNING - Target CSV missing for PR 7315: deephaven_deephaven-core_e8c419f6460d3d48d538eea4b6aadb68e00faf5f.csv
2026-09-18 14:50:24,096 - WARNING - Base CSV missing for PR 598: cjmalloy_jasper_b94e533f78a488670cc9f2245946dbb86ac47419.csv
2026-09-18 14:50:24,096 - WARNING - Target CSV missing for PR 598: cjmalloy_jasper_6238831c6a228b3f21f5a3e6252731699199ab47.csv
2026-09-18 14:50:24,096 - WARNING - Base CSV missing for PR 6096: camunda_connectors_752972f09c0d37e0fdebd779303f01adaf3a82d1.csv
2026-09-18 14:50:24,096 - WARNING - Target CSV missing for PR 6096: camunda_connectors_293bc500c6df0af1169750b042f3f6bd463ea166.csv
2026-09-18 14:50:24,096 - WARNING - Base CSV missing for PR 4874: apache_paimon_13ed8950f5e38430761250b89206f30b90266e9b.csv
2026-09-18 14:50:24,096 - WARNING - Target CSV missing for PR 4874: apache_paimon_24c703aac03ff2db51a6522c82a39bff0f9c1043.csv
2026-09-18 14:50:24,096 - WARNING - Base CSV missing for PR 4878: apache_paimon_d25e55d091e8c662ad05686417728163de28becd.csv
2026-09-18 14:50:24,096 - WARNING - Target CSV missing for PR 4878: apache_paimon_183ca8f5de04d03db3fee133926a76f092282446.csv
2026-09-18 14:50:24,096 - WARNING - Base CSV missing for PR 124960: elastic_elasticsearch_e4c2c3b761063f1328fde99400d6d7f8ad5a84b8.csv
2026-09-18 14:50:24,096 - WARNING - Target CSV missing for PR 124960: elastic_elasticsearch_e39f14d69747f7b44d355c967e8a6bbec0cd6dcf.csv
2026-09-18 14:50:24,096 - WARNING - Base CSV missing for PR 4880: apache_paimon_a288809ca990a75574fb2b82ba37f62ad2b88341.csv
2026-09-18 14:50:24,096 - WARNING - Target CSV missing for PR 4880: apache_paimon_6c54255abdd7cd3bfa9472d93925251fe63aeb9c.csv
2026-09-18 14:50:24,096 - WARNING - Base CSV missing for PR 3889: apache_hertzbeat_4ae6ba9a3cf10315d79594f7ab6a220f168e920f.csv
2026-09-18 14:50:24,096 - WARNING - Target CSV missing for PR 3889: apache_hertzbeat_3e567e5be6cefb486641faf8a407d4a90fe1054e.csv
2026-09-18 14:50:24,096 - WARNING - Base CSV missing for PR 125693: elastic_elasticsearch_e088eb31b37ef2457c563b253ef38f48185f3bbd.csv
2026-09-18 14:50:24,096 - WARNING - Target CSV missing for PR 125693: elastic_elasticsearch_2f0b5a30fd91d8ab346e35b6754b3d55a12da5fb.csv
2026-09-18 14:50:24,097 - WARNING - Base CSV missing for PR 4933: apache_paimon_0df8b9d2ceed07cb27437d83a6d3a759f164a74c.csv
2026-09-18 14:50:24,097 - WARNING - Target CSV missing for PR 4933: apache_paimon_3d81240d646d6637af86ea2554c192409edcc460.csv
2026-09-18 14:50:24,097 - WARNING - Base CSV missing for PR 4893: apache_paimon_0d0793e785ffa1822f076b89d6e788099d643203.csv
2026-09-18 14:50:24,097 - WARNING - Target CSV missing for PR 4893: apache_paimon_9a5bf9983737124cca170761ad4072739707e768.csv
2026-09-18 14:50:24,097 - WARNING - Base CSV missing for PR 4891: apache_paimon_cfb007562914123f6f7ac17253e0cdf397a52a1a.csv
2026-09-18 14:50:24,097 - WARNING - Target CSV missing for PR 4891: apache_paimon_065bb044768299f1c364c17471e56777b7b71b1f.csv
2026-09-18 14:50:24,097 - WARNING - Base CSV missing for PR 4908: apache_paimon_1a5915d7d813c4fc5e04fd08e14deb12adf413fe.csv
2026-09-18 14:50:24,097 - WARNING - Target CSV missing for PR 4908: apache_paimon_c4c89804bb80de02725cfb69a6ea5ac5e2401c6b.csv
2026-09-18 14:50:24,097 - WARNING - Base CSV missing for PR 130369: elastic_elasticsearch_6acff1f69d8647f9139b8a2127caf485c41b1cf6.csv
2026-09-18 14:50:24,097 - WARNING - Target CSV missing for PR 130369: elastic_elasticsearch_a70cc4dd22652c9e38f725b99feed9c904bbeb60.csv
2026-09-18 14:50:24,097 - WARNING - Base CSV missing for PR 4992: apache_paimon_6cffdef90f79a38c43d3f18d93f713367deacf14.csv
2026-09-18 14:50:24,097 - WARNING - Target CSV missing for PR 4992: apache_paimon_aab10971a26deb96d0971c21c2b558b2ee2010e3.csv
2026-09-18 14:50:24,097 - WARNING - Base CSV missing for PR 124963: elastic_elasticsearch_e4c2c3b761063f1328fde99400d6d7f8ad5a84b8.csv
2026-09-18 14:50:24,097 - WARNING - Target CSV missing for PR 124963: elastic_elasticsearch_11961730da7a1d9de7b45e2cbeacc1eba731b0f6.csv
2026-09-18 14:50:24,097 - WARNING - Base CSV missing for PR 4936: apache_paimon_dbd129d3c7c6a7c39210ab47efc8c1275c7d7ce6.csv
2026-09-18 14:50:24,097 - WARNING - Target CSV missing for PR 4936: apache_paimon_3915684640779a2f8e462b54ae64c20f22a8e0cc.csv
2026-09-18 14:50:24,097 - WARNING - Base CSV missing for PR 4940: apache_paimon_3915684640779a2f8e462b54ae64c20f22a8e0cc.csv
2026-09-18 14:50:24,097 - WARNING - Target CSV missing for PR 4940: apache_paimon_59c038af79d27291c18ab3d99eaed6940294b77e.csv
2026-09-18 14:50:24,097 - WARNING - Base CSV missing for PR 6173: apache_paimon_faba3a15ca9e840c18ea2082e9a0202aa73caf33.csv
2026-09-18 14:50:24,097 - WARNING - Target CSV missing for PR 6173: apache_paimon_92e2f5576abca9130299ac1353e0b553a3857c04.csv
2026-09-18 14:50:24,097 - WARNING - Base CSV missing for PR 5443: apache_paimon_1d2fc39774f6c77bb3697dcdc4202ca47c1bdd4b.csv
2026-09-18 14:50:24,097 - WARNING - Target CSV missing for PR 5443: apache_paimon_6d844c25195e0f5e4e11f224305bcb217c786059.csv
2026-09-18 14:50:24,097 - WARNING - Base CSV missing for PR 4965: apache_paimon_cce52577afcfc70d4b1294fe3d41316b1c7b3d9f.csv
2026-09-18 14:50:24,097 - WARNING - Target CSV missing for PR 4965: apache_paimon_00992c5e2ef81d7a83c19d6f29c8eb0602a31e07.csv
2026-09-18 14:50:24,097 - WARNING - Base CSV missing for PR 4973: apache_paimon_cfb007562914123f6f7ac17253e0cdf397a52a1a.csv
2026-09-18 14:50:24,097 - WARNING - Target CSV missing for PR 4973: apache_paimon_79154d46844dd88a4afbc5eefdc4684d07e20342.csv
2026-09-18 14:50:24,097 - WARNING - Base CSV missing for PR 6131: apache_paimon_238386a87b047fbf1fd2437c1a786cb435edb749.csv
2026-09-18 14:50:24,097 - WARNING - Target CSV missing for PR 6131: apache_paimon_978c8bf72dd953a05c32a396a154bdfb64ab600e.csv
2026-09-18 14:50:24,097 - WARNING - Base CSV missing for PR 5445: apache_paimon_2f2d4c90a0d4c531ffe065898fe8341dcf1428cb.csv
2026-09-18 14:50:24,097 - WARNING - Target CSV missing for PR 5445: apache_paimon_a8f3cf45764c93a6f1e9369eefcb67099d50ce41.csv
2026-09-18 14:50:24,097 - WARNING - Base CSV missing for PR 6105: camunda_connectors_30a54d9a3391e64188e9204c9b148bb7d09155af.csv
2026-09-18 14:50:24,097 - WARNING - Target CSV missing for PR 6105: camunda_connectors_a374cfa21e9fe0f925e1d65dc96a10178a3dcaba.csv
2026-09-18 14:50:24,097 - WARNING - Base CSV missing for PR 4974: apache_paimon_745ee67e0f23df6c42a853534fceed90d21fb6bb.csv
2026-09-18 14:50:24,097 - WARNING - Target CSV missing for PR 4974: apache_paimon_cf22950c1670b2167994c6d50193b09745a0ddc3.csv
2026-09-18 14:50:24,097 - WARNING - Base CSV missing for PR 2945: apache_hertzbeat_7625a0b5087005c87b20c7c199e50031057b41ad.csv
2026-09-18 14:50:24,097 - WARNING - Target CSV missing for PR 2945: apache_hertzbeat_8ab71e672f436cbdf0e9328afff6d5f1d4ab04f0.csv
2026-09-18 14:50:24,097 - WARNING - Base CSV missing for PR 125698: elastic_elasticsearch_aa17ec6e8ac6b97d0a26e985cddfcf18601be975.csv
2026-09-18 14:50:24,097 - WARNING - Target CSV missing for PR 125698: elastic_elasticsearch_4d31c5998f57c8b60a33f5bec8b31eb6cf903421.csv
2026-09-18 14:50:24,097 - WARNING - Base CSV missing for PR 4983: apache_paimon_c287cfd41c1d5f68e03559a48ca3161461f745d7.csv
2026-09-18 14:50:24,097 - WARNING - Target CSV missing for PR 4983: apache_paimon_bc407713e9b60813222600982919a1285f75aeb8.csv
2026-09-18 14:50:24,097 - WARNING - Base CSV missing for PR 126906: elastic_elasticsearch_7269b752ad2b7061e550bc0391259ce2a50cc08d.csv
2026-09-18 14:50:24,097 - WARNING - Target CSV missing for PR 126906: elastic_elasticsearch_483a9aee957f5d885a10d27307ce443234827b63.csv
2026-09-18 14:50:24,097 - WARNING - Base CSV missing for PR 5009: apache_paimon_aab10971a26deb96d0971c21c2b558b2ee2010e3.csv
2026-09-18 14:50:24,097 - WARNING - Target CSV missing for PR 5009: apache_paimon_1957230b63db71f3369a57a62d72a764e51a29b6.csv
2026-09-18 14:50:24,097 - WARNING - Base CSV missing for PR 3060: apache_hertzbeat_060b4d875d5382180ae9a29b56e4d0d5b183e011.csv
2026-09-18 14:50:24,097 - WARNING - Target CSV missing for PR 3060: apache_hertzbeat_65a8d19c5d93bf4f4e605ca51697051f66d57192.csv
2026-09-18 14:50:24,097 - WARNING - Base CSV missing for PR 3063: apache_hertzbeat_f761e1873939c5d8366829817f239b2adcc6c72a.csv
2026-09-18 14:50:24,097 - WARNING - Target CSV missing for PR 3063: apache_hertzbeat_4d76c0abf4f83b78ebfe695954e5185d4f93ecd0.csv
2026-09-18 14:50:24,097 - WARNING - Base CSV missing for PR 5051: apache_paimon_b219f48bab57f57fa7f431b0e69ba327d6837140.csv
2026-09-18 14:50:24,097 - WARNING - Target CSV missing for PR 5051: apache_paimon_53daec34e28594f5326e05cd073d8b9d8bb59d36.csv
2026-09-18 14:50:24,097 - WARNING - Base CSV missing for PR 6116: apache_paimon_1ca148ee1482e03a55573ceea6280199a0acd273.csv
2026-09-18 14:50:24,097 - WARNING - Target CSV missing for PR 6116: apache_paimon_8eaa706e942d120eadad67cd242dee73c97f6922.csv
2026-09-18 14:50:24,097 - WARNING - Base CSV missing for PR 5122: apache_paimon_95ab66043ff3b36977254166e0b1a649a11ed731.csv
2026-09-18 14:50:24,097 - WARNING - Target CSV missing for PR 5122: apache_paimon_87121e260bb5cf811b1845a47be71a1d1638c00c.csv
2026-09-18 14:50:24,097 - WARNING - Base CSV missing for PR 5077: apache_paimon_a2ed1915069cb2df83bb514ad66ee42d9cc9a723.csv
2026-09-18 14:50:24,097 - WARNING - Target CSV missing for PR 5077: apache_paimon_3ae1414128afc7c1303ceaefa01064cc9b6f9343.csv
2026-09-18 14:50:24,097 - WARNING - Base CSV missing for PR 5082: apache_paimon_a2ed1915069cb2df83bb514ad66ee42d9cc9a723.csv
2026-09-18 14:50:24,097 - WARNING - Target CSV missing for PR 5082: apache_paimon_a5c911161360d7cee6b3986bf6e860a0ec8a48fc.csv
2026-09-18 14:50:24,097 - WARNING - Base CSV missing for PR 3189: apache_hertzbeat_fc0ef7773cab8652a7fdc5ebbdc1d437eeebe2cf.csv
2026-09-18 14:50:24,097 - WARNING - Target CSV missing for PR 3189: apache_hertzbeat_b18412254e515c90756cc0ab80e9d5aa79e1827a.csv
2026-09-18 14:50:24,098 - WARNING - Base CSV missing for PR 3253: apache_hertzbeat_e7cd23a85dbeb14bfab5e78847999cd098a42067.csv
2026-09-18 14:50:24,098 - WARNING - Target CSV missing for PR 3253: apache_hertzbeat_9c38bd53097ce362e9a5c862247aa2e16a66916f.csv
2026-09-18 14:50:24,098 - WARNING - Base CSV missing for PR 130370: elastic_elasticsearch_1d68fc2968a1626b5685c73632014e3a1c387891.csv
2026-09-18 14:50:24,098 - WARNING - Target CSV missing for PR 130370: elastic_elasticsearch_5cd17a977e7ab394d1ba235ec06a59e2b379976c.csv
2026-09-18 14:50:24,098 - WARNING - Base CSV missing for PR 5091: apache_paimon_9d2a4605dffc39ddb0e5d0b8733c02bf9ea42c68.csv
2026-09-18 14:50:24,098 - WARNING - Target CSV missing for PR 5091: apache_paimon_0312df50ce7968093909ffdecacac0ee4f371bbc.csv
2026-09-18 14:50:24,098 - WARNING - Base CSV missing for PR 5178: apache_paimon_b1ccfb82eb23a830e1fdf0452d1f4a42d85c557f.csv
2026-09-18 14:50:24,098 - WARNING - Target CSV missing for PR 5178: apache_paimon_d8661586ea9d317aa4da6788072547fb939478f5.csv
2026-09-18 14:50:24,098 - WARNING - Base CSV missing for PR 3273: apache_hertzbeat_e87ed449f2284b953e1f5299a56a0725adb236b1.csv
2026-09-18 14:50:24,098 - WARNING - Target CSV missing for PR 3273: apache_hertzbeat_900655680a77c93de774cab5687e0d43bdc4be73.csv
2026-09-18 14:50:24,098 - WARNING - Base CSV missing for PR 3276: apache_hertzbeat_a0f38901374383a080f70e66e4456147b5db5efb.csv
2026-09-18 14:50:24,098 - WARNING - Target CSV missing for PR 3276: apache_hertzbeat_a8ce48b50dbadee71e9f52700ba6b49160d5b4fa.csv
2026-09-18 14:50:24,098 - WARNING - Base CSV missing for PR 3422: apache_hertzbeat_c176bb2988d9ac04d2beedd89df1c26e1f05d9a5.csv
2026-09-18 14:50:24,098 - WARNING - Target CSV missing for PR 3422: apache_hertzbeat_4aad08ca17bf365162f9689bf0eae6dd19a4a38f.csv
2026-09-18 14:50:24,098 - WARNING - Base CSV missing for PR 4008: apache_hertzbeat_a83cb0f50f95a4609cb88db369ab8c96942a3073.csv
2026-09-18 14:50:24,098 - WARNING - Target CSV missing for PR 4008: apache_hertzbeat_1b51c19c972cdccd2970b71e72ed73dad8ff92a9.csv
2026-09-18 14:50:24,098 - WARNING - Base CSV missing for PR 3488: apache_hertzbeat_3f3330af41194305189000ba80ce1f1c88be1969.csv
2026-09-18 14:50:24,098 - WARNING - Target CSV missing for PR 3488: apache_hertzbeat_256302fdcf0b05ca5d9195e7b5f731c99e1501fb.csv
2026-09-18 14:50:24,098 - WARNING - Base CSV missing for PR 5160: apache_paimon_68d0cbf29aa5602fc57b7bf7cb42c8a54aa9eee5.csv
2026-09-18 14:50:24,098 - WARNING - Target CSV missing for PR 5160: apache_paimon_e4d19ae863470555fe1f2ef834d54161a943144b.csv
2026-09-18 14:50:24,098 - WARNING - Base CSV missing for PR 5145: apache_paimon_8f7625e7d7d0cce555ad6b0335b07fb35b5a34bf.csv
2026-09-18 14:50:24,098 - WARNING - Target CSV missing for PR 5145: apache_paimon_2439452e1d97ae5e5ab1efa66280ef48cf8d0bd9.csv
2026-09-18 14:50:24,098 - WARNING - Base CSV missing for PR 127117: elastic_elasticsearch_5964ad7f6ea5f6b55c9086bfd9e93e60a6ca98d1.csv
2026-09-18 14:50:24,098 - WARNING - Target CSV missing for PR 127117: elastic_elasticsearch_c90766d990e0646830139fa5924931230b0ccacc.csv
2026-09-18 14:50:24,098 - WARNING - Base CSV missing for PR 3595: apache_hertzbeat_a9dc7bf7f38eebc25c80583389424ea8b3171bfa.csv
2026-09-18 14:50:24,098 - WARNING - Target CSV missing for PR 3595: apache_hertzbeat_2f5cfa9d5d0230d557f9523aa3f50cf8e4279405.csv
2026-09-18 14:50:24,098 - WARNING - Base CSV missing for PR 125700: elastic_elasticsearch_3dc0f25b0f5ce9ec5046479eb6c43e846bba0970.csv
2026-09-18 14:50:24,098 - WARNING - Target CSV missing for PR 125700: elastic_elasticsearch_eeea3d7a8345f6bb264173fa24825be2c5c53ab1.csv
2026-09-18 14:50:24,098 - WARNING - Base CSV missing for PR 5154: apache_paimon_63eb16f4313f90c080c0809b04d963b0f929b77e.csv
2026-09-18 14:50:24,098 - WARNING - Target CSV missing for PR 5154: apache_paimon_75e9da48ed32586f5c930f96b23dc118cd214df9.csv
2026-09-18 14:50:24,098 - WARNING - Base CSV missing for PR 125701: elastic_elasticsearch_718985cfa9d30c10a468c814d0971bed1d24a960.csv
2026-09-18 14:50:24,098 - WARNING - Target CSV missing for PR 125701: elastic_elasticsearch_4937bfd0c764d7599b567e67c3c2753092e186e0.csv
2026-09-18 14:50:24,098 - WARNING - Base CSV missing for PR 5158: apache_paimon_7210cf618f17036f24c111293fcdd69ba350afb1.csv
2026-09-18 14:50:24,098 - WARNING - Target CSV missing for PR 5158: apache_paimon_73134594aa3b11c8d9f339ee99452767fde055c0.csv
2026-09-18 14:50:24,098 - WARNING - Base CSV missing for PR 3629: apache_hertzbeat_e8ebc65053bc43b451880ce39f987733af2005fe.csv
2026-09-18 14:50:24,098 - WARNING - Target CSV missing for PR 3629: apache_hertzbeat_da484aef26e05fa473abd6008da00764983cebd3.csv
2026-09-18 14:50:24,098 - WARNING - Base CSV missing for PR 5245: apache_paimon_a208ffa56c486d8a6317b648af65f2a5302b4686.csv
2026-09-18 14:50:24,098 - WARNING - Target CSV missing for PR 5245: apache_paimon_1283350525efe3812d517d9443068fd58beb9f9e.csv
2026-09-18 14:50:24,098 - WARNING - Base CSV missing for PR 5248: apache_paimon_f778c6534cb3d536acb75c1ab1c248965e1dfd64.csv
2026-09-18 14:50:24,098 - WARNING - Target CSV missing for PR 5248: apache_paimon_13c9071c8b9094ad5114a4b93c091198c879c399.csv
2026-09-18 14:50:24,098 - WARNING - Base CSV missing for PR 5197: apache_paimon_c0465f96f9794c30aa7e7592d283f115921339b1.csv
2026-09-18 14:50:24,098 - WARNING - Target CSV missing for PR 5197: apache_paimon_7a671c73b12ec759e2012dfe6f1beca0cbebb209.csv
2026-09-18 14:50:24,098 - WARNING - Base CSV missing for PR 5200: apache_paimon_48dce34f357f84de5190c7529bfc26fb04166795.csv
2026-09-18 14:50:24,098 - WARNING - Target CSV missing for PR 5200: apache_paimon_484fb1531b6090cab866ae8e277628cc8a7222bb.csv
2026-09-18 14:50:24,098 - WARNING - Base CSV missing for PR 2681: BentoBoxWorld_BentoBox_c16ee1b0fba1a813ec7dbb64436dc64afb4e1caa.csv
2026-09-18 14:50:24,098 - WARNING - Target CSV missing for PR 2681: BentoBoxWorld_BentoBox_a36c3361e4cdb3b01db08553a77bf3b14031186e.csv
2026-09-18 14:50:24,098 - WARNING - Base CSV missing for PR 5295: apache_paimon_384674c9aa940bd5dc886297a3a146db11c49c8d.csv
2026-09-18 14:50:24,098 - WARNING - Target CSV missing for PR 5295: apache_paimon_f47e4cccebd562c438ebe3feee7033cdc8f7a01e.csv
2026-09-18 14:50:24,098 - WARNING - Base CSV missing for PR 5299: apache_paimon_e381c0869de2b60af000f994ac4da2f801156bb3.csv
2026-09-18 14:50:24,098 - WARNING - Target CSV missing for PR 5299: apache_paimon_a1b3b4689a776326dd88d174c8c619d8a04bc454.csv
2026-09-18 14:50:24,098 - WARNING - Base CSV missing for PR 127133: elastic_elasticsearch_36bf9a043550f0b08481c22bec3935851d61c4f1.csv
2026-09-18 14:50:24,098 - WARNING - Target CSV missing for PR 127133: elastic_elasticsearch_61b5f312221b7854c927c6c0ebae006bc2a07c8b.csv
2026-09-18 14:50:24,098 - WARNING - Base CSV missing for PR 5276: apache_paimon_373155fb9988de82669baf427155ecc2346d11b5.csv
2026-09-18 14:50:24,098 - WARNING - Target CSV missing for PR 5276: apache_paimon_f3c2dfe5763237cfe53f9306f04cb1ed93c80298.csv
2026-09-18 14:50:24,098 - WARNING - Base CSV missing for PR 3777: apache_hertzbeat_175c289e66aa77e51840bbdc941671c3ca2c7036.csv
2026-09-18 14:50:24,098 - WARNING - Target CSV missing for PR 3777: apache_hertzbeat_1284b4b46b3f8487cb14793912cc9c0aeb43fb12.csv
2026-09-18 14:50:24,098 - WARNING - Base CSV missing for PR 3780: apache_hertzbeat_5cdfe545b50962561c7332bed6338791699d61a0.csv
2026-09-18 14:50:24,098 - WARNING - Target CSV missing for PR 3780: apache_hertzbeat_25a63ccb255d2ec8d6ac3634677b0ea43831e108.csv
2026-09-18 14:50:24,098 - WARNING - Base CSV missing for PR 127183: elastic_elasticsearch_3cc88077531800596ef3682ccd504cb4111a7473.csv
2026-09-18 14:50:24,099 - WARNING - Target CSV missing for PR 127183: elastic_elasticsearch_ef154a69bcafc26adc87a24b1981932c14d0df76.csv
2026-09-18 14:50:24,099 - WARNING - Base CSV missing for PR 4035: apache_hertzbeat_70015568e2b1b88fef26d690109af55e8f137575.csv
2026-09-18 14:50:24,099 - WARNING - Target CSV missing for PR 4035: apache_hertzbeat_cd406992939916dbcbf5ce97637a7033a4496276.csv
2026-09-18 14:50:24,099 - WARNING - Base CSV missing for PR 4099: apache_hertzbeat_b73f824e3c48190061ca04493727fadde7f92c6b.csv
2026-09-18 14:50:24,099 - WARNING - Target CSV missing for PR 4099: apache_hertzbeat_6d459957fba38383784cdedad47af3d9733f209a.csv
2026-09-18 14:50:24,099 - WARNING - Base CSV missing for PR 5398: apache_paimon_287a487f051eb220a3290387dc75800bf47e13c8.csv
2026-09-18 14:50:24,099 - WARNING - Target CSV missing for PR 5398: apache_paimon_a154047e8ccc02607aa08b7a68f294766c96c59d.csv
2026-09-18 14:50:24,099 - WARNING - Base CSV missing for PR 5406: apache_paimon_241ac76169060fc80fa959c52ed6bd7f750d7fff.csv
2026-09-18 14:50:24,099 - WARNING - Target CSV missing for PR 5406: apache_paimon_1c438ee9d591fc7b3d12831fe593dfe3984ede78.csv
2026-09-18 14:50:24,099 - WARNING - Base CSV missing for PR 5411: apache_paimon_1fc123e18bf1160e41f7afb70763968fc77d0497.csv
2026-09-18 14:50:24,099 - WARNING - Target CSV missing for PR 5411: apache_paimon_9d94bcba4838f91ecab171c3128ccab5e4f9c333.csv
2026-09-18 14:50:24,099 - WARNING - Base CSV missing for PR 5413: apache_paimon_1fc123e18bf1160e41f7afb70763968fc77d0497.csv
2026-09-18 14:50:24,099 - WARNING - Target CSV missing for PR 5413: apache_paimon_d31adc85c4344d388c5814adf146f29302a2018f.csv
2026-09-18 14:50:24,099 - WARNING - Base CSV missing for PR 5421: apache_paimon_2790b3512179c34b7ecb8dc6e65fda32e4484d16.csv
2026-09-18 14:50:24,099 - WARNING - Target CSV missing for PR 5421: apache_paimon_2ba38390687dbcc489d4557e484b41301880269c.csv
2026-09-18 14:50:24,099 - WARNING - Base CSV missing for PR 5451: apache_paimon_f5c7e14914670e3e87e9b00f89aea9098539640d.csv
2026-09-18 14:50:24,099 - WARNING - Target CSV missing for PR 5451: apache_paimon_8d28a0302234cc1bf7a15c882b924f9d58b2eeea.csv
2026-09-18 14:50:24,099 - WARNING - Base CSV missing for PR 25: themancalledzac_edens.zac.backend_bea5b16d4df73b84eebb644f3b083edd2304573e.csv
2026-09-18 14:50:24,099 - WARNING - Target CSV missing for PR 25: themancalledzac_edens.zac.backend_56044d3a94746c7222872f4cca9bd9fd25e1e5ab.csv
2026-09-18 14:50:24,099 - WARNING - Base CSV missing for PR 53: themancalledzac_edens.zac.backend_88ae3882226f07e8306b947d796ce58d22ce9250.csv
2026-09-18 14:50:24,099 - WARNING - Target CSV missing for PR 53: themancalledzac_edens.zac.backend_32791b51ce4d054769c9c8187aa8a587aadcbb82.csv
2026-09-18 14:50:24,099 - WARNING - Base CSV missing for PR 5493: apache_paimon_9f8bdc911477df0e51ced1c7801ec8ebf8d4a15b.csv
2026-09-18 14:50:24,099 - WARNING - Target CSV missing for PR 5493: apache_paimon_db2ccb98ed41002a1b3b85b5f47f5bbd01ce7a02.csv
2026-09-18 14:50:24,099 - WARNING - Base CSV missing for PR 5502: apache_paimon_d8ae7652b934f0156fbbeb02981ade2295d5c762.csv
2026-09-18 14:50:24,099 - WARNING - Target CSV missing for PR 5502: apache_paimon_d9a7451d5caae9d41242ea88af2bfbaaf190a9f8.csv
2026-09-18 14:50:24,099 - WARNING - Base CSV missing for PR 5504: apache_paimon_abe5b4b496581b0a37a11965d4a72398e1695eb4.csv
2026-09-18 14:50:24,099 - WARNING - Target CSV missing for PR 5504: apache_paimon_09e660c8732aaa683e3bfe861b539aa6a8085cd8.csv
2026-09-18 14:50:24,099 - WARNING - Base CSV missing for PR 5506: apache_paimon_abe5b4b496581b0a37a11965d4a72398e1695eb4.csv
2026-09-18 14:50:24,099 - WARNING - Target CSV missing for PR 5506: apache_paimon_19cf86d275125118552d2b95b7d28437de848520.csv
2026-09-18 14:50:24,099 - WARNING - Base CSV missing for PR 5513: apache_paimon_19cf86d275125118552d2b95b7d28437de848520.csv
2026-09-18 14:50:24,099 - WARNING - Target CSV missing for PR 5513: apache_paimon_fb80af280cd0c6fd9a7ac8ec23804d9a22721208.csv
2026-09-18 14:50:24,099 - WARNING - Base CSV missing for PR 45153: Azure_azure-sdk-for-java_dc4da9683447cecfd02465db9dfe7b2ecc87b1b3.csv
2026-09-18 14:50:24,099 - WARNING - Target CSV missing for PR 45153: Azure_azure-sdk-for-java_05bd76906676e58bef14feb8eb93189ff2290004.csv
2026-09-18 14:50:24,099 - WARNING - Base CSV missing for PR 122463: elastic_elasticsearch_a443cdb6e2e47c32355301c77e9056a3d657f788.csv
2026-09-18 14:50:24,099 - WARNING - Target CSV missing for PR 122463: elastic_elasticsearch_5842b3dd17b93131001933751824c43f7789b4b4.csv
2026-09-18 14:50:24,099 - WARNING - Base CSV missing for PR 122453: elastic_elasticsearch_df04756a24afaee10b2f8919e96ae39266ff9214.csv
2026-09-18 14:50:24,099 - WARNING - Target CSV missing for PR 122453: elastic_elasticsearch_7f05a31990d1ea6b0d9326caf194a01770d7d324.csv
2026-09-18 14:50:24,099 - WARNING - Base CSV missing for PR 39481: camunda_camunda_4c7b17f15fbba71acfe9d28bcebfd16fc29ef611.csv
2026-09-18 14:50:24,099 - WARNING - Target CSV missing for PR 39481: camunda_camunda_8afa5a25c2742acd9d3839cbc2c9b86784d93a1d.csv
2026-09-18 14:50:24,099 - WARNING - Base CSV missing for PR 5518: apache_paimon_482a23facee592fe5dab88c95a48b2850e5ecf07.csv
2026-09-18 14:50:24,099 - WARNING - Target CSV missing for PR 5518: apache_paimon_5a7e0835815db87b387cddd75d5cbe3cd343da7d.csv
2026-09-18 14:50:24,099 - WARNING - Base CSV missing for PR 5520: apache_paimon_20f0703800ed8aaa087bcfa525d9f42ecd9db922.csv
2026-09-18 14:50:24,099 - WARNING - Target CSV missing for PR 5520: apache_paimon_10ce5aa73ebe2ac71d2e5387c37920e4e06ee33b.csv
2026-09-18 14:50:24,099 - WARNING - Base CSV missing for PR 5525: apache_paimon_cbc789ede2f0386bbfdfb45a85616b368eb91bfc.csv
2026-09-18 14:50:24,099 - WARNING - Target CSV missing for PR 5525: apache_paimon_d09f10f46f1b762df70e8ba2bfef0a8829ccad8a.csv
2026-09-18 14:50:24,099 - WARNING - Base CSV missing for PR 5530: apache_paimon_43b898a617adf3593c024f38db4e1bc43c61844b.csv
2026-09-18 14:50:24,099 - WARNING - Target CSV missing for PR 5530: apache_paimon_4edc41b7a0b34c7b65e4368b13f5e215025b7362.csv
2026-09-18 14:50:24,099 - WARNING - Base CSV missing for PR 5541: apache_paimon_eca41dd054975d6e3ae5bf2075424f5dcbd6b4cc.csv
2026-09-18 14:50:24,099 - WARNING - Target CSV missing for PR 5541: apache_paimon_ac74d3219e6c385dbf6880781ccb5eea97da3274.csv
2026-09-18 14:50:24,099 - WARNING - Base CSV missing for PR 5544: apache_paimon_10e61f74dd5b8ebb5193ef2ad4f80f5dfd28493a.csv
2026-09-18 14:50:24,099 - WARNING - Target CSV missing for PR 5544: apache_paimon_fde87c7073aa0dacc36c73bdbf31d7506991ee78.csv
2026-09-18 14:50:24,099 - WARNING - Base CSV missing for PR 45188: Azure_azure-sdk-for-java_afa63c8582304860f01fe541b1245086ac989eae.csv
2026-09-18 14:50:24,099 - WARNING - Target CSV missing for PR 45188: Azure_azure-sdk-for-java_d566c6e78d1a095c54723c8ba634d12965a8a3ca.csv
2026-09-18 14:50:24,099 - WARNING - Base CSV missing for PR 45308: Azure_azure-sdk-for-java_0a635e5cad7d979445997078732a786412d37630.csv
2026-09-18 14:50:24,099 - WARNING - Target CSV missing for PR 45308: Azure_azure-sdk-for-java_6c57541911f4ffbd50d1788d353f3064bce32d3a.csv
2026-09-18 14:50:24,099 - WARNING - Base CSV missing for PR 127475: elastic_elasticsearch_4494fdc59e3e874b7e6297044a0adaaeb4abb58e.csv
2026-09-18 14:50:24,099 - WARNING - Target CSV missing for PR 127475: elastic_elasticsearch_94854b3a3f205eb67543962af7abbcaaff34d9fe.csv
2026-09-18 14:50:24,099 - WARNING - Base CSV missing for PR 5547: apache_paimon_43b898a617adf3593c024f38db4e1bc43c61844b.csv
2026-09-18 14:50:24,099 - WARNING - Target CSV missing for PR 5547: apache_paimon_fc7a8fddddad065cd78bbc112d46e3ef0cbc31e9.csv
2026-09-18 14:50:24,100 - WARNING - Base CSV missing for PR 5596: apache_paimon_f7bf856b4b57ad3509117a1205e1376663eba27e.csv
2026-09-18 14:50:24,100 - WARNING - Target CSV missing for PR 5596: apache_paimon_2e850393dc0a326cf7a35ed91b64ecf5e5e1438b.csv
2026-09-18 14:50:24,100 - WARNING - Base CSV missing for PR 125712: elastic_elasticsearch_0824f9a31a0a1fc0f9d73e03720cdf73b9bc005b.csv
2026-09-18 14:50:24,100 - WARNING - Target CSV missing for PR 125712: elastic_elasticsearch_726fab4092c03e0c769dcf88be248043b2bad03e.csv
2026-09-18 14:50:24,100 - WARNING - Base CSV missing for PR 5548: apache_paimon_6bc04261a1df8720ba9163d334022fd9764f6f8c.csv
2026-09-18 14:50:24,100 - WARNING - Target CSV missing for PR 5548: apache_paimon_1a8c173dc07d7192e40e3ccb413e88d765f9cfbe.csv
2026-09-18 14:50:24,100 - WARNING - Base CSV missing for PR 5552: apache_paimon_317b4c58a72505717c97164dcf4dd8d19fe9ec69.csv
2026-09-18 14:50:24,100 - WARNING - Target CSV missing for PR 5552: apache_paimon_eac27980ee298abb5a6f0fd1b850b03078e5df10.csv
2026-09-18 14:50:24,100 - WARNING - Base CSV missing for PR 127128: elastic_elasticsearch_d3f1b523949e60295377e47c5bc2052a73459149.csv
2026-09-18 14:50:24,100 - WARNING - Target CSV missing for PR 127128: elastic_elasticsearch_e79d033f1fde507079fe3c38aa2ec0eeff969f57.csv
2026-09-18 14:50:24,100 - WARNING - Base CSV missing for PR 45352: Azure_azure-sdk-for-java_ee4876b22901dd2243ef62c1db7f2ff39e0871dc.csv
2026-09-18 14:50:24,100 - WARNING - Target CSV missing for PR 45352: Azure_azure-sdk-for-java_adb46e22c1cebf7dd67ede129715b5bc435d0b1e.csv
2026-09-18 14:50:24,100 - WARNING - Base CSV missing for PR 4752: eclipse-tycho_tycho_47bc95b1adb2fdda657653cdfba23c84684bb426.csv
2026-09-18 14:50:24,100 - WARNING - Target CSV missing for PR 4752: eclipse-tycho_tycho_5cca3c1c06568f27e1b8348275fec53b565a80c6.csv
2026-09-18 14:50:24,100 - WARNING - Base CSV missing for PR 5590: apache_paimon_ad99a2fc0d8159d22b3314d497840e336fbc51d1.csv
2026-09-18 14:50:24,100 - WARNING - Target CSV missing for PR 5590: apache_paimon_f033cee04ff557102f3c6eb0cae4d1fefed09916.csv
2026-09-18 14:50:24,100 - WARNING - Base CSV missing for PR 5595: apache_paimon_f7bf856b4b57ad3509117a1205e1376663eba27e.csv
2026-09-18 14:50:24,100 - WARNING - Target CSV missing for PR 5595: apache_paimon_ac21340fa6d2fe97eccd4b8fabc43a0e1a42cd26.csv
2026-09-18 14:50:24,100 - WARNING - Base CSV missing for PR 5566: apache_paimon_74c7f68c7db1776b80c96f1d819131f851aa9b98.csv
2026-09-18 14:50:24,100 - WARNING - Target CSV missing for PR 5566: apache_paimon_0f6384b99369685f1c8f17d27b0e9f7d91d578d7.csv
2026-09-18 14:50:24,100 - WARNING - Base CSV missing for PR 122462: elastic_elasticsearch_80a090f771efd416e7820f690a832638875489d6.csv
2026-09-18 14:50:24,100 - WARNING - Target CSV missing for PR 122462: elastic_elasticsearch_3b66e6f2f0f2ed172e44e2341ff0b91a40d90248.csv
2026-09-18 14:50:24,100 - WARNING - Base CSV missing for PR 5573: apache_paimon_082bbb13b8b9c96e984140c99a4d24c15821995f.csv
2026-09-18 14:50:24,100 - WARNING - Target CSV missing for PR 5573: apache_paimon_8c0c8f20a290698523611ee78d862166dd51f956.csv
2026-09-18 14:50:24,100 - WARNING - Base CSV missing for PR 5576: apache_paimon_69472b27e3fce8f874b3106b78d3d1de9df36160.csv
2026-09-18 14:50:24,100 - WARNING - Target CSV missing for PR 5576: apache_paimon_5fe0df11598b934e1fac45749adebc6509931385.csv
2026-09-18 14:50:24,100 - WARNING - Base CSV missing for PR 5579: apache_paimon_3cd509e37e63d58823fdc89926ef415e08803171.csv
2026-09-18 14:50:24,100 - WARNING - Target CSV missing for PR 5579: apache_paimon_69472b27e3fce8f874b3106b78d3d1de9df36160.csv
2026-09-18 14:50:24,100 - WARNING - Base CSV missing for PR 3374: vaadin_hilla_340b37b90641177868c84bebe95d7c81e318947b.csv
2026-09-18 14:50:24,100 - WARNING - Target CSV missing for PR 3374: vaadin_hilla_b0c3b79b086a42cd891a1098fbbecd4c40122928.csv
2026-09-18 14:50:24,100 - WARNING - Base CSV missing for PR 5588: apache_paimon_e33fa1e76285d9a56eea153b235701d1b0080304.csv
2026-09-18 14:50:24,100 - WARNING - Target CSV missing for PR 5588: apache_paimon_ab957145c7d38c9faa74537a600aed430e7faf90.csv
2026-09-18 14:50:24,100 - WARNING - Base CSV missing for PR 5601: apache_paimon_5690dff018ab4d6178f0f4f895593467b1478a68.csv
2026-09-18 14:50:24,100 - WARNING - Target CSV missing for PR 5601: apache_paimon_ca5d7a12f680cb8ff76e2c7ae64a907596e82a60.csv
2026-09-18 14:50:24,100 - WARNING - Base CSV missing for PR 5604: apache_paimon_ed0b0cf79fe2303c9fd8bf6db8932112975e0fcd.csv
2026-09-18 14:50:24,100 - WARNING - Target CSV missing for PR 5604: apache_paimon_4762ff0bc6e5c352493d17eb8c59686afd512edb.csv
2026-09-18 14:50:24,100 - WARNING - Base CSV missing for PR 5609: apache_paimon_c29b1621bd59ca69041afe15d88d8012af4d88f0.csv
2026-09-18 14:50:24,100 - WARNING - Target CSV missing for PR 5609: apache_paimon_ed9698b683bb3e237bbaf952c36f556d25db793a.csv
2026-09-18 14:50:24,100 - WARNING - Base CSV missing for PR 66: themancalledzac_edens.zac.backend_4b586e126affcfa6f493f291d6d256f7e91426d5.csv
2026-09-18 14:50:24,100 - WARNING - Target CSV missing for PR 66: themancalledzac_edens.zac.backend_9056eb4398fa0d345bd251485550f25a83dd4e55.csv
2026-09-18 14:50:24,100 - WARNING - Base CSV missing for PR 81: themancalledzac_edens.zac.backend_b5674d5d87daf1fc1103b0d4d68cd810974ba349.csv
2026-09-18 14:50:24,100 - WARNING - Target CSV missing for PR 81: themancalledzac_edens.zac.backend_ca5326d1b99091e33e0903e0e352bb9dbc48bf7c.csv
2026-09-18 14:50:24,100 - WARNING - Base CSV missing for PR 42: themancalledzac_edens.zac.backend_cd4e4bdfce0cf09afb15a0eeeac0ded9d7259085.csv
2026-09-18 14:50:24,100 - WARNING - Target CSV missing for PR 42: themancalledzac_edens.zac.backend_c726071c68a297228b23f8d807760d832eeae847.csv
2026-09-18 14:50:24,100 - WARNING - Base CSV missing for PR 5618: apache_paimon_32b8f936f0ae7a02bdeb9925255ca9a197205dc2.csv
2026-09-18 14:50:24,100 - WARNING - Target CSV missing for PR 5618: apache_paimon_3e911f647bc11304e0c5c91176081617e8aec948.csv
2026-09-18 14:50:24,100 - WARNING - Base CSV missing for PR 5620: apache_paimon_32b8f936f0ae7a02bdeb9925255ca9a197205dc2.csv
2026-09-18 14:50:24,100 - WARNING - Target CSV missing for PR 5620: apache_paimon_10b8dfa496bf3a33b2ea7398b7d175e651a38616.csv
2026-09-18 14:50:24,100 - WARNING - Base CSV missing for PR 5630: apache_paimon_f4d524e5ec6ab0eb2dd7572be6a08702cb73b81c.csv
2026-09-18 14:50:24,100 - WARNING - Target CSV missing for PR 5630: apache_paimon_d257de5ca9d3eb567ef5e6c2407f0ff4f65a1897.csv
2026-09-18 14:50:24,100 - WARNING - Base CSV missing for PR 5674: apache_paimon_b0bb00fc91ef122c429aee8976f833eddbc6eab8.csv
2026-09-18 14:50:24,100 - WARNING - Target CSV missing for PR 5674: apache_paimon_9c9452ee7f4f4b50ee1c99c3fbfc0dd3368f37a8.csv
2026-09-18 14:50:24,100 - WARNING - Base CSV missing for PR 5648: apache_paimon_6926fc3a7a7de4ede02cada8d0ed8e878815cfd7.csv
2026-09-18 14:50:24,100 - WARNING - Target CSV missing for PR 5648: apache_paimon_3dcb1047c835f896662ee06e1eb3edceda8f98a2.csv
2026-09-18 14:50:24,100 - WARNING - Base CSV missing for PR 5682: apache_paimon_a1df942b454871d18a3836e3eb0dc038bbcc6cfb.csv
2026-09-18 14:50:24,100 - WARNING - Target CSV missing for PR 5682: apache_paimon_769e531e0edd3c2af8dca5a6271161d7bcb695e4.csv
2026-09-18 14:50:24,100 - WARNING - Base CSV missing for PR 35958: apache_shardingsphere_75de8d714a17a9a441fd60517d4d9befe34f2a07.csv
2026-09-18 14:50:24,100 - WARNING - Target CSV missing for PR 35958: apache_shardingsphere_37987c51f2bbe44abf25104062f95792e0b736c0.csv
2026-09-18 14:50:24,100 - WARNING - Base CSV missing for PR 5692: apache_paimon_972a0b384941622287f3ed74eb7355d0c4057b78.csv
2026-09-18 14:50:24,100 - WARNING - Target CSV missing for PR 5692: apache_paimon_93d70104e4c2596d1d941bd71b7014257a7bf280.csv
2026-09-18 14:50:24,101 - WARNING - Base CSV missing for PR 5695: apache_paimon_b4be1f1bacf7af5c2111008cbfbacf439df0214e.csv
2026-09-18 14:50:24,101 - WARNING - Target CSV missing for PR 5695: apache_paimon_91f8e7d3f17a9df5f2426f88f80a3d683a7886fb.csv
2026-09-18 14:50:24,101 - WARNING - Base CSV missing for PR 5710: apache_paimon_c825b37dfbf12a16b9fd5ecd04fa021769e28be5.csv
2026-09-18 14:50:24,101 - WARNING - Target CSV missing for PR 5710: apache_paimon_8062d6ce9f54e08ff582d35778e88f71478cb37d.csv
2026-09-18 14:50:24,101 - WARNING - Base CSV missing for PR 3447: vaadin_hilla_e095347973907bcb762e5cad157508cd320ed4be.csv
2026-09-18 14:50:24,101 - WARNING - Target CSV missing for PR 3447: vaadin_hilla_149f381bc1ad9ff5955da026544ef1917846ee03.csv
2026-09-18 14:50:24,101 - WARNING - Base CSV missing for PR 129542: elastic_elasticsearch_cf4e47fef85b078f36aa75aeb76c01d19b244ec3.csv
2026-09-18 14:50:24,101 - WARNING - Target CSV missing for PR 129542: elastic_elasticsearch_f33ac4b20eb3665e362a4f0941ca4a80cbe27929.csv
2026-09-18 14:50:24,101 - WARNING - Base CSV missing for PR 5704: apache_paimon_65f2b731f0268f37077913db56b7de5edb716cb4.csv
2026-09-18 14:50:24,101 - WARNING - Target CSV missing for PR 5704: apache_paimon_c825b37dfbf12a16b9fd5ecd04fa021769e28be5.csv
2026-09-18 14:50:24,101 - WARNING - Base CSV missing for PR 5712: apache_paimon_bc25e885c32bb6a69c397262438ff5c5f23880cd.csv
2026-09-18 14:50:24,101 - WARNING - Target CSV missing for PR 5712: apache_paimon_3ca5ac654356642a1a2bf19badea4ae6bceb4e53.csv
2026-09-18 14:50:24,101 - WARNING - Base CSV missing for PR 5916: apache_paimon_f2f34f15397dce0c31f631f3ad2ee011a8284a52.csv
2026-09-18 14:50:24,101 - WARNING - Target CSV missing for PR 5916: apache_paimon_969c53e2adc904f691b20f373726abe4096442b1.csv
2026-09-18 14:50:24,101 - WARNING - Base CSV missing for PR 5725: apache_paimon_08f60af2c8f54560e76b3166bbe678100d490b5e.csv
2026-09-18 14:50:24,101 - WARNING - Target CSV missing for PR 5725: apache_paimon_8264611381d75e889c13083acfb21d8bfcf7a42f.csv
2026-09-18 14:50:24,101 - WARNING - Base CSV missing for PR 130725: elastic_elasticsearch_a9cf685745cee2e608598ad9c743c727bb2d6b62.csv
2026-09-18 14:50:24,101 - WARNING - Target CSV missing for PR 130725: elastic_elasticsearch_9fba634a398ce3f65f461da427a4563ce03d5c0b.csv
2026-09-18 14:50:24,101 - WARNING - Base CSV missing for PR 130728: elastic_elasticsearch_a9cf685745cee2e608598ad9c743c727bb2d6b62.csv
2026-09-18 14:50:24,101 - WARNING - Target CSV missing for PR 130728: elastic_elasticsearch_9885c18a017f7c660d54eeaaf0d6281bc2bce177.csv
2026-09-18 14:50:24,101 - WARNING - Base CSV missing for PR 132630: elastic_elasticsearch_f9561686eb18a169a6928d7bec77ccc49d228cb2.csv
2026-09-18 14:50:24,101 - WARNING - Target CSV missing for PR 132630: elastic_elasticsearch_58cc8a930cf97f45425b80e0c23f41031cefd477.csv
2026-09-18 14:50:24,101 - WARNING - Base CSV missing for PR 7117: apache_paimon_9573fcd86675260250b96fb737593acf216dd39b.csv
2026-09-18 14:50:24,101 - WARNING - Target CSV missing for PR 7117: apache_paimon_959170d8fe1e871f54d17e4f6a6980eee389cf6e.csv
2026-09-18 14:50:24,101 - WARNING - Base CSV missing for PR 7134: apache_paimon_bb8381b869f2d60cb8b06a5e2ae78523740d8357.csv
2026-09-18 14:50:24,101 - WARNING - Target CSV missing for PR 7134: apache_paimon_52370314068db0eed6a8332b32bb8c326990ad32.csv
2026-09-18 14:50:24,101 - WARNING - Base CSV missing for PR 130731: elastic_elasticsearch_fda7e562c809a8f7776f39dd292b2118a72c0d9c.csv
2026-09-18 14:50:24,101 - WARNING - Target CSV missing for PR 130731: elastic_elasticsearch_aa7372e86cbdede9d54da760daa899567c533c56.csv
2026-09-18 14:50:24,101 - WARNING - Base CSV missing for PR 132631: elastic_elasticsearch_31e3c555cf3f2ab77c1e1f1501b9c6a26cdc5f40.csv
2026-09-18 14:50:24,101 - WARNING - Target CSV missing for PR 132631: elastic_elasticsearch_733d841393403ba4a72b98b15fad3e23a5051333.csv
2026-09-18 14:50:24,101 - WARNING - Base CSV missing for PR 5767: apache_paimon_4a014ec32afbe452c5fb39cfe6547e8237d2fb41.csv
2026-09-18 14:50:24,101 - WARNING - Target CSV missing for PR 5767: apache_paimon_a3c43d215931ad689ed18ecb2d10471e2752b208.csv
2026-09-18 14:50:24,101 - WARNING - Base CSV missing for PR 125718: elastic_elasticsearch_a99453cce2bace2126ebc4cd829f4ba400c27ec8.csv
2026-09-18 14:50:24,101 - WARNING - Target CSV missing for PR 125718: elastic_elasticsearch_44b928b206e3415fed0e1f7fa4019b707032ca07.csv
2026-09-18 14:50:24,101 - WARNING - Base CSV missing for PR 2702: BentoBoxWorld_BentoBox_c49361943f21c96eaa59dca81d08652780a3c715.csv
2026-09-18 14:50:24,101 - WARNING - Target CSV missing for PR 2702: BentoBoxWorld_BentoBox_d6f7b952bdd0b020b676fcaf3bac477a5dbf7f58.csv
2026-09-18 14:50:24,101 - WARNING - Base CSV missing for PR 124981: elastic_elasticsearch_4ac5dd15521ed48e97be65577348f5ef3f63533b.csv
2026-09-18 14:50:24,101 - WARNING - Target CSV missing for PR 124981: elastic_elasticsearch_a861ca8b2e6841ad99db6912fcf539521ffd4eb5.csv
2026-09-18 14:50:24,101 - WARNING - Base CSV missing for PR 5776: apache_paimon_622e41b99090394638d7323526e5e81c44cd2b4d.csv
2026-09-18 14:50:24,101 - WARNING - Target CSV missing for PR 5776: apache_paimon_c803105923d9dfc42cbac1528df4b6588b5421d8.csv
2026-09-18 14:50:24,101 - WARNING - Base CSV missing for PR 5796: apache_paimon_bd5b88c4984b11fad6611af9dd43d601f4ae23ff.csv
2026-09-18 14:50:24,101 - WARNING - Target CSV missing for PR 5796: apache_paimon_bcafd296de732ba078f13b1c204ae4ff447a2ef0.csv
2026-09-18 14:50:24,101 - WARNING - Base CSV missing for PR 2873: eclipse-platform_eclipse.platform.swt_833d748f8e8c9e3850ad77990ef3966ed56dd420.csv
2026-09-18 14:50:24,101 - WARNING - Target CSV missing for PR 2873: eclipse-platform_eclipse.platform.swt_ad438ae807da18b682b838dfcb5a30271b747608.csv
2026-09-18 14:50:24,101 - WARNING - Base CSV missing for PR 130744: elastic_elasticsearch_5e4bf79901ebc47f9a869c66351889601fbbc154.csv
2026-09-18 14:50:24,101 - WARNING - Target CSV missing for PR 130744: elastic_elasticsearch_f98fc22825fd2877c89744c51f9fa4b89305b707.csv
2026-09-18 14:50:24,101 - WARNING - Base CSV missing for PR 5807: apache_paimon_2c245615847bc5d2e850679eb3f7c640e6781378.csv
2026-09-18 14:50:24,101 - WARNING - Target CSV missing for PR 5807: apache_paimon_f0b6a4cfcb9fae807aed725c96d6e2e77f472a31.csv
2026-09-18 14:50:24,101 - WARNING - Base CSV missing for PR 3453: vaadin_hilla_c969533546d24b37d68ee7d7648b9bab17d34705.csv
2026-09-18 14:50:24,101 - WARNING - Target CSV missing for PR 3453: vaadin_hilla_1ec94b3977de801317d9541ea007a5327f6e795a.csv
2026-09-18 14:50:24,101 - WARNING - Base CSV missing for PR 5816: apache_paimon_1422f98d3e5e0febc65cf9c10aac351ababf4aaa.csv
2026-09-18 14:50:24,101 - WARNING - Target CSV missing for PR 5816: apache_paimon_ef9e214468d55b98dbe95d8e2e9c569b3e32ccfe.csv
2026-09-18 14:50:24,101 - WARNING - Base CSV missing for PR 127129: elastic_elasticsearch_4d9ec0fbb5d1c9d8797376e804dac1eaf51ee365.csv
2026-09-18 14:50:24,101 - WARNING - Target CSV missing for PR 127129: elastic_elasticsearch_028065711cb45d354db78156a7889cd9b23bf071.csv
2026-09-18 14:50:24,101 - WARNING - Base CSV missing for PR 5831: apache_paimon_8fac896822c72de836a00cb612f02dcb04455672.csv
2026-09-18 14:50:24,101 - WARNING - Target CSV missing for PR 5831: apache_paimon_e7aa8637949523b80eb96d0ea419c288b1a5bace.csv
2026-09-18 14:50:24,101 - WARNING - Base CSV missing for PR 5843: apache_paimon_94a416737c875716941730a479195697b4bac50d.csv
2026-09-18 14:50:24,101 - WARNING - Target CSV missing for PR 5843: apache_paimon_10cee5241d53e845cdd9153ed5214d0068a85b39.csv
2026-09-18 14:50:24,101 - WARNING - Base CSV missing for PR 5857: apache_paimon_c3cd3dabeb6b04a55958350c8c4f481dfcd390a9.csv
2026-09-18 14:50:24,101 - WARNING - Target CSV missing for PR 5857: apache_paimon_31941436936c09df696e0c1d3f1d221522a61b80.csv
2026-09-18 14:50:24,102 - WARNING - Base CSV missing for PR 1757: eclipse-platform_eclipse.platform.swt_8d65ddcc85373b042c9277df5bee6e4dcd834e66.csv
2026-09-18 14:50:24,102 - WARNING - Target CSV missing for PR 1757: eclipse-platform_eclipse.platform.swt_5c2611d677f45fe2c19cd84d4274ab7ca6dd1350.csv
2026-09-18 14:50:24,102 - WARNING - Base CSV missing for PR 5766: camunda_connectors_f597a6b8a4d21c3e336df13309a7c6d18b0c0fbb.csv
2026-09-18 14:50:24,102 - WARNING - Target CSV missing for PR 5766: camunda_connectors_e8d6d07eb61c4b65ce2c64a0c6e8de84a22019e1.csv
2026-09-18 14:50:24,102 - WARNING - Base CSV missing for PR 5880: apache_paimon_568c008cdb2ad2b971710f3b1a7078607836ba44.csv
2026-09-18 14:50:24,102 - WARNING - Target CSV missing for PR 5880: apache_paimon_214a27ffeba03a1a37aae364466c17855dbd239e.csv
2026-09-18 14:50:24,102 - WARNING - Base CSV missing for PR 127126: elastic_elasticsearch_4314e0937f9d7d3655db744d93be843a6fb7b2dd.csv
2026-09-18 14:50:24,102 - WARNING - Target CSV missing for PR 127126: elastic_elasticsearch_4d9ec0fbb5d1c9d8797376e804dac1eaf51ee365.csv
2026-09-18 14:50:24,102 - WARNING - Base CSV missing for PR 1734: eclipse-platform_eclipse.platform.swt_6e219e111fabe3510d9211b4c9ab49fe03b3c7a8.csv
2026-09-18 14:50:24,102 - WARNING - Target CSV missing for PR 1734: eclipse-platform_eclipse.platform.swt_c493ae829c7bdb3fb8a1fed78619091f809a1d21.csv
2026-09-18 14:50:24,102 - WARNING - Base CSV missing for PR 1778: eclipse-platform_eclipse.platform.swt_48be4176d4b1c7245dee5d8e173ffd980d7b6f98.csv
2026-09-18 14:50:24,102 - WARNING - Target CSV missing for PR 1778: eclipse-platform_eclipse.platform.swt_9aa7973b65d8d987a5becdcc32eced333296bd2f.csv
2026-09-18 14:50:24,102 - WARNING - Base CSV missing for PR 6154: apache_paimon_6a28b6d2d406c9fc5a8b7b42bef99cb9dc49a848.csv
2026-09-18 14:50:24,102 - WARNING - Target CSV missing for PR 6154: apache_paimon_d470c5a8050f476999a07c10ac8ecf4e8d3ad370.csv
2026-09-18 14:50:24,102 - WARNING - Base CSV missing for PR 6190: apache_paimon_51bfa9a10b224fa52b245e65632a79cd65d10dbe.csv
2026-09-18 14:50:24,102 - WARNING - Target CSV missing for PR 6190: apache_paimon_2d324f0ab9ffb7b560a50727a32a1088c1659a15.csv
2026-09-18 14:50:24,102 - WARNING - Base CSV missing for PR 127131: elastic_elasticsearch_3495b4e4fe76622b237c540e8ea31928d5342354.csv
2026-09-18 14:50:24,102 - WARNING - Target CSV missing for PR 127131: elastic_elasticsearch_987e9f75957a4135410e73042398bbbeff11c8da.csv
2026-09-18 14:50:24,102 - WARNING - Base CSV missing for PR 127182: elastic_elasticsearch_c272dda9ed485aa6af872c3387e711d93c8268e2.csv
2026-09-18 14:50:24,102 - WARNING - Target CSV missing for PR 127182: elastic_elasticsearch_b2529edd509583e8b60afee47ce79e598728c77f.csv
2026-09-18 14:50:24,102 - WARNING - Base CSV missing for PR 125724: elastic_elasticsearch_930b4ab9957ed4a6376bcac7ba17f7bb2e82d125.csv
2026-09-18 14:50:24,102 - WARNING - Target CSV missing for PR 125724: elastic_elasticsearch_e149a3e10d1b8422e02c229f5d100512911631fd.csv
2026-09-18 14:50:24,102 - WARNING - Base CSV missing for PR 6213: apache_paimon_48c6447c26c448d332cec39c848e45af34ef95d8.csv
2026-09-18 14:50:24,102 - WARNING - Target CSV missing for PR 6213: apache_paimon_2d28093782e444e3f0d26c4b788ec292cdf6f947.csv
2026-09-18 14:50:24,102 - WARNING - Base CSV missing for PR 1996: eclipse-platform_eclipse.platform.swt_504c82b1b210d272060374e04af60096f636b9fb.csv
2026-09-18 14:50:24,102 - WARNING - Target CSV missing for PR 1996: eclipse-platform_eclipse.platform.swt_28fdeb6dca72d94a6f8c1a8a47c285d0c089a03e.csv
2026-09-18 14:50:24,102 - WARNING - Base CSV missing for PR 122473: elastic_elasticsearch_9076ac43033fb301e6d579ea3006a0992a893ea6.csv
2026-09-18 14:50:24,102 - WARNING - Target CSV missing for PR 122473: elastic_elasticsearch_38cc72c06672f94bd5a275c568fa7f997821e0fa.csv
2026-09-18 14:50:24,102 - WARNING - Base CSV missing for PR 2093: eclipse-platform_eclipse.platform.swt_51b87c92bddf3bc842a56c9b21e3eda8a88cc46f.csv
2026-09-18 14:50:24,102 - WARNING - Target CSV missing for PR 2093: eclipse-platform_eclipse.platform.swt_3d459abf6a1ef45f5a2eeb554d29f2c789a582d8.csv
2026-09-18 14:50:24,102 - WARNING - Base CSV missing for PR 2362: eclipse-platform_eclipse.platform.swt_ad53b1372ad2f488d3b642457a30ae3d7a8c2489.csv
2026-09-18 14:50:24,102 - WARNING - Target CSV missing for PR 2362: eclipse-platform_eclipse.platform.swt_de3812d9fe0d1802a8de6263a3d3384073a83c05.csv
2026-09-18 14:50:24,102 - WARNING - Base CSV missing for PR 122492: elastic_elasticsearch_1a99a479a2e4481121df3cce5bedc61157e0af0a.csv
2026-09-18 14:50:24,102 - WARNING - Target CSV missing for PR 122492: elastic_elasticsearch_4816497ec1021dcd7ff0edfc6cea9f6e5a5aa220.csv
2026-09-18 14:50:24,102 - WARNING - Base CSV missing for PR 6273: apache_paimon_d481fdcb43c788d42b1817dab7342cf35f086003.csv
2026-09-18 14:50:24,102 - WARNING - Target CSV missing for PR 6273: apache_paimon_56a97e91aa09cc1f07ebd4d144f733920136c334.csv
2026-09-18 14:50:24,102 - WARNING - Base CSV missing for PR 6262: apache_paimon_3bb1b7ee0734534eb4cb7a19f890df953de66cda.csv
2026-09-18 14:50:24,102 - WARNING - Target CSV missing for PR 6262: apache_paimon_4e947969d0b105fd8720e0ce958e5acc6e0e453c.csv
2026-09-18 14:50:24,102 - WARNING - Base CSV missing for PR 6264: apache_paimon_4e947969d0b105fd8720e0ce958e5acc6e0e453c.csv
2026-09-18 14:50:24,102 - WARNING - Target CSV missing for PR 6264: apache_paimon_eb340b59de7c9fb3066e209c1e6a9b88a495cede.csv
2026-09-18 14:50:24,102 - WARNING - Base CSV missing for PR 6303: apache_paimon_5d2c0ff6f25a42b51031163a36f858792f1dae4a.csv
2026-09-18 14:50:24,102 - WARNING - Target CSV missing for PR 6303: apache_paimon_60454a1b190513f4be42554f0f6acdf16bb9e611.csv
2026-09-18 14:50:24,102 - WARNING - Base CSV missing for PR 127511: elastic_elasticsearch_f75dd4aad915f0df814bc2620790ad9be5c578d9.csv
2026-09-18 14:50:24,102 - WARNING - Target CSV missing for PR 127511: elastic_elasticsearch_8a2f509604bd0ac03d61fcbf879dee7b9e421381.csv
2026-09-18 14:50:24,102 - WARNING - Base CSV missing for PR 2144: eclipse-platform_eclipse.platform.swt_63048a2ca8675a2c982153c8d72e78cdefcbef0f.csv
2026-09-18 14:50:24,102 - WARNING - Target CSV missing for PR 2144: eclipse-platform_eclipse.platform.swt_a13a22dba10a6d7f498857b0c1889df37c20ebdf.csv
2026-09-18 14:50:24,102 - WARNING - Base CSV missing for PR 6287: apache_paimon_6e68897ca32634bb3e55d5996b0f358f2c2526b7.csv
2026-09-18 14:50:24,102 - WARNING - Target CSV missing for PR 6287: apache_paimon_0d61b363a2598b883e5ed3a18bf9d7ebd8d9691c.csv
2026-09-18 14:50:24,102 - WARNING - Base CSV missing for PR 6288: apache_paimon_4a2c3ce1f838228237f9bbe52c07444b1a535a29.csv
2026-09-18 14:50:24,102 - WARNING - Target CSV missing for PR 6288: apache_paimon_7b4f0e74309407ccac9f2efdd803a2abb101cb7d.csv
2026-09-18 14:50:24,102 - WARNING - Base CSV missing for PR 2088: eclipse-platform_eclipse.platform.swt_5d05f5a7700049ef37fb9c34f4446fd03ee9fcd4.csv
2026-09-18 14:50:24,102 - WARNING - Target CSV missing for PR 2088: eclipse-platform_eclipse.platform.swt_1d596634e2c455bab1e0346abd72bd7a11a05d19.csv
2026-09-18 14:50:24,102 - WARNING - Base CSV missing for PR 131218: elastic_elasticsearch_5121d69aebd53200b1057332f963340f2eb92332.csv
2026-09-18 14:50:24,102 - WARNING - Target CSV missing for PR 131218: elastic_elasticsearch_063f9db92290fd1cfed83164bacad5b0b390b150.csv
2026-09-18 14:50:24,102 - WARNING - Base CSV missing for PR 131224: elastic_elasticsearch_497b656265ae53a309ad1cbe7a47ff9abdf9ac2d.csv
2026-09-18 14:50:24,102 - WARNING - Target CSV missing for PR 131224: elastic_elasticsearch_4e81b75e2a340de91930496c7698aba144237e35.csv
2026-09-18 14:50:24,102 - WARNING - Base CSV missing for PR 132627: elastic_elasticsearch_a68abd6bdf65aa2e2eafeab52beb6ae5b8f5281a.csv
2026-09-18 14:50:24,102 - WARNING - Target CSV missing for PR 132627: elastic_elasticsearch_bdd34841229689371f5c890bcc1cfc78340c3d3f.csv
2026-09-18 14:50:24,103 - WARNING - Base CSV missing for PR 6804: camunda_connectors_1f81ddc4d5a95311fc4c51f68991ef3b01e10a48.csv
2026-09-18 14:50:24,103 - WARNING - Target CSV missing for PR 6804: camunda_connectors_09fec0176b7d68c6755ebfa30e54251efe1b8c4f.csv
2026-09-18 14:50:24,103 - WARNING - Base CSV missing for PR 6297: apache_paimon_6ce59616f93578c977293b2da48ac2ac07f875bb.csv
2026-09-18 14:50:24,103 - WARNING - Target CSV missing for PR 6297: apache_paimon_c15e044d6b856ddddd2cfda9c6212863dae1a08c.csv
2026-09-18 14:50:24,103 - WARNING - Base CSV missing for PR 6312: apache_paimon_c15e044d6b856ddddd2cfda9c6212863dae1a08c.csv
2026-09-18 14:50:24,103 - WARNING - Target CSV missing for PR 6312: apache_paimon_7bbed677261756140653df0f810b24c8297575db.csv
2026-09-18 14:50:24,103 - WARNING - Base CSV missing for PR 131228: elastic_elasticsearch_992e62d64d3782761f4ede1f7a1d415a5b5eb779.csv
2026-09-18 14:50:24,103 - WARNING - Target CSV missing for PR 131228: elastic_elasticsearch_3ac95b19178fe5114c8c77df5daa45e91d7270aa.csv
2026-09-18 14:50:24,103 - WARNING - Base CSV missing for PR 2133: eclipse-platform_eclipse.platform.swt_1d596634e2c455bab1e0346abd72bd7a11a05d19.csv
2026-09-18 14:50:24,103 - WARNING - Target CSV missing for PR 2133: eclipse-platform_eclipse.platform.swt_4df99baddc2949c5b749a82d6a02cea3ff579524.csv
2026-09-18 14:50:24,103 - WARNING - Base CSV missing for PR 2152: eclipse-platform_eclipse.platform.swt_30797bd1f8d4aa505f4d54d0ff1b8b24c0a5cebc.csv
2026-09-18 14:50:24,103 - WARNING - Target CSV missing for PR 2152: eclipse-platform_eclipse.platform.swt_d522f6e0a70b44ded1c7c78bc33398b2fc9d8424.csv
2026-09-18 14:50:24,103 - WARNING - Base CSV missing for PR 2163: eclipse-platform_eclipse.platform.swt_9eb34bff01b5f8f0fe435cd7090b9be1ef0eeba2.csv
2026-09-18 14:50:24,103 - WARNING - Target CSV missing for PR 2163: eclipse-platform_eclipse.platform.swt_a106143d2817f5d22c8f3b6f423d9812bd3ddccd.csv
2026-09-18 14:50:24,103 - WARNING - Base CSV missing for PR 122512: elastic_elasticsearch_a6fc27ef5b12040b5519351f2321e22f7536de78.csv
2026-09-18 14:50:24,103 - WARNING - Target CSV missing for PR 122512: elastic_elasticsearch_1fce57cb7156732c583c882c48de96a395a0e083.csv
2026-09-18 14:50:24,103 - WARNING - Base CSV missing for PR 6339: apache_paimon_1f937bef7106af81ac7e58bd9878f5020aa30949.csv
2026-09-18 14:50:24,103 - WARNING - Target CSV missing for PR 6339: apache_paimon_faea393f7998210863357e9bfa032139f17df59b.csv
2026-09-18 14:50:24,103 - WARNING - Base CSV missing for PR 6340: apache_paimon_1f937bef7106af81ac7e58bd9878f5020aa30949.csv
2026-09-18 14:50:24,103 - WARNING - Target CSV missing for PR 6340: apache_paimon_a9ffd3090a73d86dbaa86b5b7b40d8045e5e5db9.csv
2026-09-18 14:50:24,103 - WARNING - Base CSV missing for PR 6341: apache_paimon_bead1aabefe514aef79c562e550d55199f022368.csv
2026-09-18 14:50:24,103 - WARNING - Target CSV missing for PR 6341: apache_paimon_b47ebe8dbb8ae08fe81fb8601248eed8078dfd60.csv
2026-09-18 14:50:24,103 - WARNING - Base CSV missing for PR 2221: eclipse-platform_eclipse.platform.swt_3d933960bee5e4088f574ceae57540cfea9a3125.csv
2026-09-18 14:50:24,103 - WARNING - Target CSV missing for PR 2221: eclipse-platform_eclipse.platform.swt_7100fa5188ef75488416c75c4392b64dcb2328d8.csv
2026-09-18 14:50:24,103 - WARNING - Base CSV missing for PR 2175: eclipse-platform_eclipse.platform.swt_5e0f3894af92cbd617566006ce685ed54676da77.csv
2026-09-18 14:50:24,103 - WARNING - Target CSV missing for PR 2175: eclipse-platform_eclipse.platform.swt_8519c60202ab4a2a324cf782c33ef0a0c1abd66c.csv
2026-09-18 14:50:24,103 - WARNING - Base CSV missing for PR 2190: eclipse-platform_eclipse.platform.swt_925a294b8028e9d26593c6105efce56f95dc9b56.csv
2026-09-18 14:50:24,103 - WARNING - Target CSV missing for PR 2190: eclipse-platform_eclipse.platform.swt_e4890daf9d8aecbf37ba0e7562ca5066e33ebefd.csv
2026-09-18 14:50:24,103 - WARNING - Base CSV missing for PR 2200: eclipse-platform_eclipse.platform.swt_5389894129f0e08b860d89c1d2d8dd8073d2e43b.csv
2026-09-18 14:50:24,103 - WARNING - Target CSV missing for PR 2200: eclipse-platform_eclipse.platform.swt_0ebab191965f5739fc652b1705337e6c5eb96417.csv
2026-09-18 14:50:24,103 - WARNING - Base CSV missing for PR 2213: eclipse-platform_eclipse.platform.swt_31da941dadfe6a9075c4a738528d3824ed635980.csv
2026-09-18 14:50:24,103 - WARNING - Target CSV missing for PR 2213: eclipse-platform_eclipse.platform.swt_5e0f3894af92cbd617566006ce685ed54676da77.csv
2026-09-18 14:50:24,103 - WARNING - Base CSV missing for PR 125747: elastic_elasticsearch_c220dc561a724445fdfc8a62d61ecd3d34274b27.csv
2026-09-18 14:50:24,103 - WARNING - Target CSV missing for PR 125747: elastic_elasticsearch_00f67f961289cc858d568c50863b7609b2adfd8d.csv
2026-09-18 14:50:24,103 - WARNING - Base CSV missing for PR 6351: apache_paimon_91fae29f2fd1a88054e01abb638faef5e898fde2.csv
2026-09-18 14:50:24,103 - WARNING - Target CSV missing for PR 6351: apache_paimon_daf482e2866cd0ec7c24700b27261d19a60106f9.csv
2026-09-18 14:50:24,103 - WARNING - Base CSV missing for PR 6446: apache_paimon_9a4111f44d4d1af11b77242e9c813c4560a3149e.csv
2026-09-18 14:50:24,103 - WARNING - Target CSV missing for PR 6446: apache_paimon_67741015bc0b0c843fac5a4d4fc555b4da49c5f4.csv
2026-09-18 14:50:24,103 - WARNING - Base CSV missing for PR 2212: eclipse-platform_eclipse.platform.swt_de1f3ef1e33bd8f24befb93b40f0e39a9b3fa8bf.csv
2026-09-18 14:50:24,103 - WARNING - Target CSV missing for PR 2212: eclipse-platform_eclipse.platform.swt_a413b4b7a52571c311aa333e4d7394b66f6b9a76.csv
2026-09-18 14:50:24,103 - WARNING - Base CSV missing for PR 1805: paulofor_marketing-hub_3a37d01675a9dbd2b85c86f05de7ab08db9ab5a2.csv
2026-09-18 14:50:24,103 - WARNING - Target CSV missing for PR 1805: paulofor_marketing-hub_4c01ff57a26c2bc86a841bc14fdbcad491aab069.csv
2026-09-18 14:50:24,103 - WARNING - Base CSV missing for PR 122514: elastic_elasticsearch_dba9d58b54ed840b66e8084dc0c323e723fa932b.csv
2026-09-18 14:50:24,103 - WARNING - Target CSV missing for PR 122514: elastic_elasticsearch_4bdc3f9db04e1699eb9b1ae92c780a23b3ad6fe6.csv
2026-09-18 14:50:24,103 - WARNING - Base CSV missing for PR 131243: elastic_elasticsearch_063f9db92290fd1cfed83164bacad5b0b390b150.csv
2026-09-18 14:50:24,103 - WARNING - Target CSV missing for PR 131243: elastic_elasticsearch_250a3ecf371df22472316ad4f005865815ffeb0c.csv
2026-09-18 14:50:24,103 - WARNING - Base CSV missing for PR 130768: elastic_elasticsearch_9101607aa636bbd97c8ff9f0bfeebeec21f46fb8.csv
2026-09-18 14:50:24,103 - WARNING - Target CSV missing for PR 130768: elastic_elasticsearch_a711a51a357d7f9d74282e58883675f0ab771777.csv
2026-09-18 14:50:24,103 - WARNING - Base CSV missing for PR 6414: apache_paimon_05e127efef3bd8f142928f0eb102dd4a10ebc9ee.csv
2026-09-18 14:50:24,103 - WARNING - Target CSV missing for PR 6414: apache_paimon_0c41d57cea9edf0ac1d19198c994bf5e2dc83069.csv
2026-09-18 14:50:24,103 - WARNING - Base CSV missing for PR 6416: apache_paimon_e89434d8f418202d51f7ab9f31ee3318c557945a.csv
2026-09-18 14:50:24,103 - WARNING - Target CSV missing for PR 6416: apache_paimon_ef998c2b6c1f5538016fbb36286f8db204b4a164.csv
2026-09-18 14:50:24,103 - WARNING - Base CSV missing for PR 125762: elastic_elasticsearch_7bf6161c55aa1f768c9414d3690f8a1b7f202ff4.csv
2026-09-18 14:50:24,103 - WARNING - Target CSV missing for PR 125762: elastic_elasticsearch_0296f7f935fdc524005ed0c3fd5e216007b22f94.csv
2026-09-18 14:50:24,103 - WARNING - Base CSV missing for PR 2249: eclipse-platform_eclipse.platform.swt_34a4d766cc792f93b6ef8b8e3395b9c28b90af14.csv
2026-09-18 14:50:24,103 - WARNING - Target CSV missing for PR 2249: eclipse-platform_eclipse.platform.swt_216f1adafc7380edb734654cb4b25c7ecbd1a082.csv
2026-09-18 14:50:24,103 - WARNING - Base CSV missing for PR 5767: camunda_connectors_29502eb65b25257377f848cd50e1af833dd67938.csv
2026-09-18 14:50:24,103 - WARNING - Target CSV missing for PR 5767: camunda_connectors_c0abf992ca42e0c46cf7bba9049b8ca7e72e98d7.csv
2026-09-18 14:50:24,103 - WARNING - Base CSV missing for PR 2295: eclipse-platform_eclipse.platform.swt_95b46b6b344f449afe11e82b73cdee332eac7c8b.csv
2026-09-18 14:50:24,104 - WARNING - Target CSV missing for PR 2295: eclipse-platform_eclipse.platform.swt_8422f6841a9e71ad942bb5ecab5a574481cb0a15.csv
2026-09-18 14:50:24,104 - WARNING - Base CSV missing for PR 34981: apache_shardingsphere_7ab1fde8b3db286851d9961fc5b847522fd1d158.csv
2026-09-18 14:50:24,104 - WARNING - Target CSV missing for PR 34981: apache_shardingsphere_a966c64e83bbcd25e6f91805f9ce4e460bd46e72.csv
2026-09-18 14:50:24,104 - WARNING - Base CSV missing for PR 6559: apache_paimon_a4aa458403eaada3fd3382367a1560438c728267.csv
2026-09-18 14:50:24,104 - WARNING - Target CSV missing for PR 6559: apache_paimon_750722f5ec60273e56583ca7b8e0355bbf38edee.csv
2026-09-18 14:50:24,104 - WARNING - Base CSV missing for PR 130762: elastic_elasticsearch_7d73c04b3630b9c22b8c831ce3ae5029f4aa65b8.csv
2026-09-18 14:50:24,104 - WARNING - Target CSV missing for PR 130762: elastic_elasticsearch_87c906eb60c88c2c31ed32f408b53e4e5d8bb1ba.csv
2026-09-18 14:50:24,104 - WARNING - Base CSV missing for PR 2331: eclipse-platform_eclipse.platform.swt_239428b51e594a250d36675a38985262d67a1893.csv
2026-09-18 14:50:24,104 - WARNING - Target CSV missing for PR 2331: eclipse-platform_eclipse.platform.swt_f0afb7f5c35052cf49e1db99e72974cfa5931216.csv
2026-09-18 14:50:24,104 - WARNING - Base CSV missing for PR 35028: apache_shardingsphere_a37167e6b4aa3f7859163dda6ba05e0cb90ae6df.csv
2026-09-18 14:50:24,104 - WARNING - Target CSV missing for PR 35028: apache_shardingsphere_f27bae549e863d283ce4b353487b34a9441bf8fe.csv
2026-09-18 14:50:24,104 - WARNING - Base CSV missing for PR 2343: eclipse-platform_eclipse.platform.swt_5b42ae50e4931ef226eb8e4f9955ca02f92e7769.csv
2026-09-18 14:50:24,104 - WARNING - Target CSV missing for PR 2343: eclipse-platform_eclipse.platform.swt_03342150413c2a74ed45e7960bd964d4f8e9aa74.csv
2026-09-18 14:50:24,104 - WARNING - Base CSV missing for PR 2365: eclipse-platform_eclipse.platform.swt_e8aadbb8fa15ab03cfe7b972a5567eb2b36394ee.csv
2026-09-18 14:50:24,104 - WARNING - Target CSV missing for PR 2365: eclipse-platform_eclipse.platform.swt_7f19dc53d40a61ab27b1a124929eec9477798c86.csv
2026-09-18 14:50:24,104 - WARNING - Base CSV missing for PR 6596: apache_paimon_2798fb2dd363dc4b17ee07384994a4ab379342a7.csv
2026-09-18 14:50:24,104 - WARNING - Target CSV missing for PR 6596: apache_paimon_fc2ee7cba515b960cb8e7f0cf3627d12a18d75d0.csv
2026-09-18 14:50:24,104 - WARNING - Base CSV missing for PR 6598: apache_paimon_5ba0927198eeb9a6ac842f815fc3c7989dd5134a.csv
2026-09-18 14:50:24,104 - WARNING - Target CSV missing for PR 6598: apache_paimon_9f2f10ef5b219fb33e431f1e7134a125d9068cf1.csv
2026-09-18 14:50:24,104 - WARNING - Base CSV missing for PR 5783: camunda_connectors_7574e2a32969142fa0a833b045fb0a410b713666.csv
2026-09-18 14:50:24,104 - WARNING - Target CSV missing for PR 5783: camunda_connectors_b5d4c5ddf691768bee3d7f834ae5fcdc3a953f3f.csv
2026-09-18 14:50:24,104 - WARNING - Base CSV missing for PR 34963: apache_shardingsphere_3f79af6f3f901fdeb74d28da55246c51c6bce20c.csv
2026-09-18 14:50:24,104 - WARNING - Target CSV missing for PR 34963: apache_shardingsphere_0424d5834eafeb35baf2b82c4a5b49310b9abbb7.csv
2026-09-18 14:50:24,104 - WARNING - Base CSV missing for PR 7160: apache_paimon_aef59c80c6a986b2dc4ad785a73499c38f49445d.csv
2026-09-18 14:50:24,104 - WARNING - Target CSV missing for PR 7160: apache_paimon_327fe5cad0571f7934ead6494b7459da11b499c7.csv
2026-09-18 14:50:24,104 - WARNING - Base CSV missing for PR 2462: eclipse-platform_eclipse.platform.swt_f0e13edc33d1e5c32080c8cd55d057965d2d7a1d.csv
2026-09-18 14:50:24,104 - WARNING - Target CSV missing for PR 2462: eclipse-platform_eclipse.platform.swt_ad53b1372ad2f488d3b642457a30ae3d7a8c2489.csv
2026-09-18 14:50:24,104 - WARNING - Base CSV missing for PR 122533: elastic_elasticsearch_15799a84095fb3e117015dcf79629792875a20b2.csv
2026-09-18 14:50:24,104 - WARNING - Target CSV missing for PR 122533: elastic_elasticsearch_0205d3fc860e0306e59bfd84433f3aa5a868732c.csv
2026-09-18 14:50:24,104 - WARNING - Base CSV missing for PR 122521: elastic_elasticsearch_cc78f18c944e49f336b788232260f79cb09a4b41.csv
2026-09-18 14:50:24,104 - WARNING - Target CSV missing for PR 122521: elastic_elasticsearch_15799a84095fb3e117015dcf79629792875a20b2.csv
2026-09-18 14:50:24,104 - WARNING - Base CSV missing for PR 2489: eclipse-platform_eclipse.platform.swt_fdbb769cafb4f6d3d09aa93dc86f0245faf95cb2.csv
2026-09-18 14:50:24,104 - WARNING - Target CSV missing for PR 2489: eclipse-platform_eclipse.platform.swt_f8582397965318fc5d9d9db7fab870725d95659c.csv
2026-09-18 14:50:24,104 - WARNING - Base CSV missing for PR 2497: eclipse-platform_eclipse.platform.swt_91643030dcb0683a5777ef50509efc57dc11cae4.csv
2026-09-18 14:50:24,104 - WARNING - Target CSV missing for PR 2497: eclipse-platform_eclipse.platform.swt_508ad4a15bb54e280b1727db2f4dd5bd3fc4ba17.csv
2026-09-18 14:50:24,104 - WARNING - Base CSV missing for PR 122522: elastic_elasticsearch_a67d659cf83e25bc0266cb44c003a2b5dea26f14.csv
2026-09-18 14:50:24,104 - WARNING - Target CSV missing for PR 122522: elastic_elasticsearch_abb9369332dd46b3fb8d3282851bdd7b863f1f1a.csv
2026-09-18 14:50:24,104 - WARNING - Base CSV missing for PR 125784: elastic_elasticsearch_86b981e0b7d81c200f90ca6c228772c19e8c7a47.csv
2026-09-18 14:50:24,104 - WARNING - Target CSV missing for PR 125784: elastic_elasticsearch_3546620d0e08ee284ed3e8f6e09878c52af68997.csv
2026-09-18 14:50:24,104 - WARNING - Base CSV missing for PR 7163: apache_paimon_8a54967a3826d22a63c22504fe487b85efb690b1.csv
2026-09-18 14:50:24,104 - WARNING - Target CSV missing for PR 7163: apache_paimon_6948f854bcdd7a2eb1c4376836f99aa5fd80ac6b.csv
2026-09-18 14:50:24,104 - WARNING - Base CSV missing for PR 7167: apache_paimon_6948f854bcdd7a2eb1c4376836f99aa5fd80ac6b.csv
2026-09-18 14:50:24,104 - WARNING - Target CSV missing for PR 7167: apache_paimon_1cc351c8ff1bff4049a1d82e8322e2fdd7fcf789.csv
2026-09-18 14:50:24,104 - WARNING - Base CSV missing for PR 4632: kubernetes-client_java_22bc7e7272fbe337d1feab3b14ace8d8bec2e3e3.csv
2026-09-18 14:50:24,104 - WARNING - Target CSV missing for PR 4632: kubernetes-client_java_505d9fc605cc8c471849191a3e365dd3ffed14ce.csv
2026-09-18 14:50:24,104 - WARNING - Base CSV missing for PR 127526: elastic_elasticsearch_efea30e930580b1850338aca787528be270d2953.csv
2026-09-18 14:50:24,104 - WARNING - Target CSV missing for PR 127526: elastic_elasticsearch_9aba430373dfcc293a49b734e035af25a82b5269.csv
2026-09-18 14:50:24,104 - WARNING - Base CSV missing for PR 125792: elastic_elasticsearch_67798dd25b5b0cc800be5e5368f67ecea4341d87.csv
2026-09-18 14:50:24,104 - WARNING - Target CSV missing for PR 125792: elastic_elasticsearch_dc484393035c1c32fa0556c1de9ad8527b739c7b.csv
2026-09-18 14:50:24,104 - WARNING - Base CSV missing for PR 2541: eclipse-platform_eclipse.platform.swt_52c9fff42c2222ae0405d3d893c7ef2050cd5a1f.csv
2026-09-18 14:50:24,104 - WARNING - Target CSV missing for PR 2541: eclipse-platform_eclipse.platform.swt_34becc009d8f9f54a38c7589c92262ad12d6dd2e.csv
2026-09-18 14:50:24,104 - WARNING - Base CSV missing for PR 2548: eclipse-platform_eclipse.platform.swt_f51bb3b4c464704e294374576cd2a4d0253f6567.csv
2026-09-18 14:50:24,104 - WARNING - Target CSV missing for PR 2548: eclipse-platform_eclipse.platform.swt_9a317a396a1b1fe9c79e4c97a03f72c0cade0b4f.csv
2026-09-18 14:50:24,104 - WARNING - Base CSV missing for PR 2547: eclipse-platform_eclipse.platform.swt_810cbccdf3808b7df673f51104f8524c44f17afa.csv
2026-09-18 14:50:24,104 - WARNING - Target CSV missing for PR 2547: eclipse-platform_eclipse.platform.swt_00106b4a55be91f4013fd90cc2747cf075e59ef5.csv
2026-09-18 14:50:24,104 - WARNING - Base CSV missing for PR 2569: eclipse-platform_eclipse.platform.swt_c781f1934689b53b15a5d10797b7bead5a4eac76.csv
2026-09-18 14:50:24,104 - WARNING - Target CSV missing for PR 2569: eclipse-platform_eclipse.platform.swt_48e5878df82fbbad0db44b298755377e98c796f4.csv
2026-09-18 14:50:24,105 - WARNING - Base CSV missing for PR 2579: eclipse-platform_eclipse.platform.swt_d262fb2079c7b2a13b20c355a74580b9f212baf4.csv
2026-09-18 14:50:24,105 - WARNING - Target CSV missing for PR 2579: eclipse-platform_eclipse.platform.swt_9e1ccc7fcc3e9a568d74c71883d4551cb40d567d.csv
2026-09-18 14:50:24,105 - WARNING - Base CSV missing for PR 2584: eclipse-platform_eclipse.platform.swt_b2b5d450da49c904411f005e9f1660d38d101286.csv
2026-09-18 14:50:24,105 - WARNING - Target CSV missing for PR 2584: eclipse-platform_eclipse.platform.swt_2fde7cce13bb67896e2ef062ebf826ce16101857.csv
2026-09-18 14:50:24,105 - WARNING - Base CSV missing for PR 2591: eclipse-platform_eclipse.platform.swt_6fa4ee7ee2372daa68b30dbedc2e85ead2e70d00.csv
2026-09-18 14:50:24,105 - WARNING - Target CSV missing for PR 2591: eclipse-platform_eclipse.platform.swt_43d06c56051817ac6c4aa29a7bd3936cdc65d13d.csv
2026-09-18 14:50:24,105 - WARNING - Base CSV missing for PR 7241: apache_paimon_5c5ba6e4e5ce6f0cc5f9d28ac5fbb27affd7cc05.csv
2026-09-18 14:50:24,105 - WARNING - Target CSV missing for PR 7241: apache_paimon_71d61647987b560e53317cf0e2d2d954b2d9eb87.csv
2026-09-18 14:50:24,105 - WARNING - Base CSV missing for PR 34964: apache_shardingsphere_0424d5834eafeb35baf2b82c4a5b49310b9abbb7.csv
2026-09-18 14:50:24,105 - WARNING - Target CSV missing for PR 34964: apache_shardingsphere_8b9129bdab79376df47f17e3dadbe079a24b6e7a.csv
2026-09-18 14:50:24,105 - WARNING - Base CSV missing for PR 7273: apache_paimon_305fe02019fe1944eb44e21243667e592cc9b371.csv
2026-09-18 14:50:24,105 - WARNING - Target CSV missing for PR 7273: apache_paimon_213f75c5b5b7f74c2f9e2ef32a9745113d266030.csv
2026-09-18 14:50:24,105 - WARNING - Base CSV missing for PR 2593: eclipse-platform_eclipse.platform.swt_12ac449fc6a49974c35f4ea458c6c3e79cf3e45a.csv
2026-09-18 14:50:24,105 - WARNING - Target CSV missing for PR 2593: eclipse-platform_eclipse.platform.swt_c3df782d39d062fb8f584cb2d24799034969753f.csv
2026-09-18 14:50:24,105 - WARNING - Base CSV missing for PR 2595: eclipse-platform_eclipse.platform.swt_65b962b4f10ed4f1783ab63b21b72ffd696fe4d7.csv
2026-09-18 14:50:24,105 - WARNING - Target CSV missing for PR 2595: eclipse-platform_eclipse.platform.swt_85879e7af33ea1231cb93bda890f647f9d167fd0.csv
2026-09-18 14:50:24,105 - WARNING - Base CSV missing for PR 38595: camunda_camunda_7949458c59e799603c0ce80f3c820aab44e3f1cb.csv
2026-09-18 14:50:24,105 - WARNING - Target CSV missing for PR 38595: camunda_camunda_06e6ef28519cc8a092e55534db52cb4e430c0d96.csv
2026-09-18 14:50:24,105 - WARNING - Base CSV missing for PR 7316: apache_paimon_c3d6c30b9ddedba97c82ff4a29f92c31e3902aa3.csv
2026-09-18 14:50:24,105 - WARNING - Target CSV missing for PR 7316: apache_paimon_354131c6ca82a569a3ee1a69da9cfc5ea302e5df.csv
2026-09-18 14:50:24,105 - WARNING - Base CSV missing for PR 7311: apache_paimon_18a770106f9360e1755a5b17a066d9a4cc3c2a49.csv
2026-09-18 14:50:24,105 - WARNING - Target CSV missing for PR 7311: apache_paimon_063be6f9fd2eef75e155cc06089d9ca57ca873b9.csv
2026-09-18 14:50:24,105 - WARNING - Base CSV missing for PR 127159: elastic_elasticsearch_8c57db8f2c046ec2e7b81a8085ac201114936c69.csv
2026-09-18 14:50:24,105 - WARNING - Target CSV missing for PR 127159: elastic_elasticsearch_c272dda9ed485aa6af872c3387e711d93c8268e2.csv
2026-09-18 14:50:24,105 - WARNING - Base CSV missing for PR 7328: apache_paimon_24ff42103afc11512d2d59c19e9853b95e18164f.csv
2026-09-18 14:50:24,105 - WARNING - Target CSV missing for PR 7328: apache_paimon_2c7bb263b7da0bec1940ba888af0c8fd7f0b5ff5.csv
2026-09-18 14:50:24,105 - WARNING - Base CSV missing for PR 2650: eclipse-platform_eclipse.platform.swt_03cc46e88d62997c64c4a0636427e9c0a48c458c.csv
2026-09-18 14:50:24,105 - WARNING - Target CSV missing for PR 2650: eclipse-platform_eclipse.platform.swt_9e3ae2895959ccf4281529d9cec8fbec49d3e690.csv
2026-09-18 14:50:24,105 - WARNING - Base CSV missing for PR 2712: eclipse-platform_eclipse.platform.swt_485749a37abcd4c738554908b468bb9a446e274b.csv
2026-09-18 14:50:24,105 - WARNING - Target CSV missing for PR 2712: eclipse-platform_eclipse.platform.swt_dfa2f04e3b006ddbe31ce76464464ffee3aa4e90.csv
2026-09-18 14:50:24,105 - WARNING - Base CSV missing for PR 7374: apache_paimon_0f48a5af080090da69ddd6b1d8a98859ecdf6739.csv
2026-09-18 14:50:24,105 - WARNING - Target CSV missing for PR 7374: apache_paimon_99e1089898046cfbca6af35a202473de2eaff1e0.csv
2026-09-18 14:50:24,105 - WARNING - Base CSV missing for PR 7356: apache_paimon_ca6a8dbc7a2018978ac44db60d93c6d555bc88f4.csv
2026-09-18 14:50:24,105 - WARNING - Target CSV missing for PR 7356: apache_paimon_9f971650fcd568944089cb66dc9ded0d26a24b65.csv
2026-09-18 14:50:24,105 - WARNING - Base CSV missing for PR 7513: apache_paimon_6e129dd5e51836c85b04bfa8d039e8d5b48d68df.csv
2026-09-18 14:50:24,105 - WARNING - Target CSV missing for PR 7513: apache_paimon_71932f75c93a6bffde7276332a558625b2ce6d9f.csv
2026-09-18 14:50:24,105 - WARNING - Base CSV missing for PR 7402: apache_paimon_0f48a5af080090da69ddd6b1d8a98859ecdf6739.csv
2026-09-18 14:50:24,105 - WARNING - Target CSV missing for PR 7402: apache_paimon_b9631eeb526e45a99d203ea20307c053d8cb5603.csv
2026-09-18 14:50:24,105 - WARNING - Base CSV missing for PR 3524: vaadin_hilla_5feabc5578af2d30a900c3bf6b1d6a216e97f27d.csv
2026-09-18 14:50:24,105 - WARNING - Target CSV missing for PR 3524: vaadin_hilla_71c8a4bf7c704f5ff08e6cf39248217490b8d4a1.csv
2026-09-18 14:50:24,105 - WARNING - Base CSV missing for PR 2758: eclipse-platform_eclipse.platform.swt_8c5fcdd0213b53c8cbbda7f35771587df6c0e320.csv
2026-09-18 14:50:24,105 - WARNING - Target CSV missing for PR 2758: eclipse-platform_eclipse.platform.swt_0b21ff2b2bfdb2bcc278d508454a619f56bd0cbe.csv
2026-09-18 14:50:24,105 - WARNING - Base CSV missing for PR 7416: apache_paimon_0d3cab44a3c5544ecae56a95b05a8f410ec01712.csv
2026-09-18 14:50:24,105 - WARNING - Target CSV missing for PR 7416: apache_paimon_ba79e426f4200642ce297be334e2db10b13f5bfb.csv
2026-09-18 14:50:24,105 - WARNING - Base CSV missing for PR 7423: apache_paimon_28544bbfdae75cdbe4c9f8ca8b137b8a88b1ded7.csv
2026-09-18 14:50:24,105 - WARNING - Target CSV missing for PR 7423: apache_paimon_2b1623a969a3398f07a7db5fabbab1e4b46ae11e.csv
2026-09-18 14:50:24,105 - WARNING - Base CSV missing for PR 7485: apache_paimon_3457266b5979b04ec00e4101227b8f79be801ec3.csv
2026-09-18 14:50:24,105 - WARNING - Target CSV missing for PR 7485: apache_paimon_f402242c2ce859212c4d0782a30eeccf48d3b011.csv
2026-09-18 14:50:24,105 - WARNING - Base CSV missing for PR 127160: elastic_elasticsearch_2d6f5e1ceda7e6c379dba53a294b798b236dd89a.csv
2026-09-18 14:50:24,105 - WARNING - Target CSV missing for PR 127160: elastic_elasticsearch_57954acfe09711a48761570692d1256bc7075a05.csv
2026-09-18 14:50:24,105 - WARNING - Base CSV missing for PR 127527: elastic_elasticsearch_63b55e42793f30341701b738e4b80d538745777e.csv
2026-09-18 14:50:24,105 - WARNING - Target CSV missing for PR 127527: elastic_elasticsearch_5964ad7f6ea5f6b55c9086bfd9e93e60a6ca98d1.csv
2026-09-18 14:50:24,105 - WARNING - Base CSV missing for PR 7472: apache_paimon_2201ac6bd7a0612fdb111ae86734d188ff42a40b.csv
2026-09-18 14:50:24,105 - WARNING - Target CSV missing for PR 7472: apache_paimon_cc05f2fd9950a151f3c08ab27af90779af01a443.csv
2026-09-18 14:50:24,105 - WARNING - Base CSV missing for PR 7473: apache_paimon_e3314edaedb7d8a0316d93b30df49c7b8297c358.csv
2026-09-18 14:50:24,105 - WARNING - Target CSV missing for PR 7473: apache_paimon_d032c4e15de73976eaffe51059fa966b5f3d33e4.csv
2026-09-18 14:50:24,106 - WARNING - Base CSV missing for PR 7481: apache_paimon_f186b5264f8d970ff1e8765d16691fd085267383.csv
2026-09-18 14:50:24,106 - WARNING - Target CSV missing for PR 7481: apache_paimon_b86993e5149c04a13c2d2576329660e8aac5af3a.csv
2026-09-18 14:50:24,106 - WARNING - Base CSV missing for PR 7497: apache_paimon_f846f11b9aa1bbfde7ed4104d58b7fb268a97397.csv
2026-09-18 14:50:24,106 - WARNING - Target CSV missing for PR 7497: apache_paimon_271ad81c843bb262e02da9f3eb435b6f680e53cb.csv
2026-09-18 14:50:24,106 - WARNING - Base CSV missing for PR 7616: apache_paimon_e69109d1229ad1bda8f8d529ef047c3c1acd277f.csv
2026-09-18 14:50:24,106 - WARNING - Target CSV missing for PR 7616: apache_paimon_ef2d480b6d6a999387ca38ca9ffe02f91c2d47e4.csv
2026-09-18 14:50:24,106 - WARNING - Base CSV missing for PR 7550: apache_paimon_d84799280f9226beae886f5d5b4553a21182fe50.csv
2026-09-18 14:50:24,106 - WARNING - Target CSV missing for PR 7550: apache_paimon_749b6646efff859856b4d953a0a0498d9d365c2c.csv
2026-09-18 14:50:24,106 - WARNING - Base CSV missing for PR 122525: elastic_elasticsearch_8b1397fb87cc26648d15649530490de5678bdc10.csv
2026-09-18 14:50:24,106 - WARNING - Target CSV missing for PR 122525: elastic_elasticsearch_b8e4f4ea6a9028c958e14feb091f4afae846c2c0.csv
2026-09-18 14:50:24,106 - WARNING - Base CSV missing for PR 132403: elastic_elasticsearch_eda2214c5df79d3518b5a1a00858486eee00eedc.csv
2026-09-18 14:50:24,106 - WARNING - Target CSV missing for PR 132403: elastic_elasticsearch_abc527a6283f928f9e5812c12e261a83acdcea76.csv
2026-09-18 14:50:24,106 - WARNING - Base CSV missing for PR 3148: eclipse-platform_eclipse.platform.swt_cc104be009d28a7ce598e7488f74519ba2fec626.csv
2026-09-18 14:50:24,106 - WARNING - Target CSV missing for PR 3148: eclipse-platform_eclipse.platform.swt_7d0ec2a947702388e61bc296493ffc2029471fd6.csv
2026-09-18 14:50:24,106 - WARNING - Base CSV missing for PR 3154: eclipse-platform_eclipse.platform.swt_8e9c2236a3845e7fc0dc3d08655df0a6a613a0eb.csv
2026-09-18 14:50:24,106 - WARNING - Target CSV missing for PR 3154: eclipse-platform_eclipse.platform.swt_52b061183110453dab32ebe058e532b16ded1da9.csv
2026-09-18 14:50:24,106 - WARNING - Base CSV missing for PR 3170: eclipse-platform_eclipse.platform.swt_e47672889329a8579072153543035d8583341816.csv
2026-09-18 14:50:24,106 - WARNING - Target CSV missing for PR 3170: eclipse-platform_eclipse.platform.swt_9ce273f448b89d3bfd6d0f3148d555b5f6cdcf2d.csv
2026-09-18 14:50:24,106 - WARNING - Base CSV missing for PR 7639: apache_paimon_79e1481d43ecdd2f6a573f0971a1df62495b8751.csv
2026-09-18 14:50:24,106 - WARNING - Target CSV missing for PR 7639: apache_paimon_03394f996fb692afbc3ccb438ff4334124546901.csv
2026-09-18 14:50:24,106 - WARNING - Base CSV missing for PR 7645: apache_paimon_7c93bd7206fa01c2896cad1a2118c8039018d40d.csv
2026-09-18 14:50:24,106 - WARNING - Target CSV missing for PR 7645: apache_paimon_a45be9f0d2775790245b8b6008f8c7d3f34265ab.csv
2026-09-18 14:50:24,106 - WARNING - Base CSV missing for PR 7702: apache_paimon_9f9b8db42acc56d7fbc4a025692d9275019b424e.csv
2026-09-18 14:50:24,106 - WARNING - Target CSV missing for PR 7702: apache_paimon_4a267491269ad587bc7bba2fc6104385aa7ac1ab.csv
2026-09-18 14:50:24,106 - WARNING - Base CSV missing for PR 122526: elastic_elasticsearch_9c0cd45de77c3a26305c34ed0f79f59c55204c30.csv
2026-09-18 14:50:24,106 - WARNING - Target CSV missing for PR 122526: elastic_elasticsearch_ba32addb26013001689922224f855ea89b5674d2.csv
2026-09-18 14:50:24,106 - WARNING - Base CSV missing for PR 7173: Hack23_cia_7cf906c8b5727ee4aa2aab048c6a15cb4513ee89.csv
2026-09-18 14:50:24,106 - WARNING - Target CSV missing for PR 7173: Hack23_cia_90ba4350391773d290217a0961ea8359a55ad983.csv
2026-09-18 14:50:24,106 - WARNING - Base CSV missing for PR 132405: elastic_elasticsearch_ccfbf490334bca674412da7db3dc28806544c917.csv
2026-09-18 14:50:24,106 - WARNING - Target CSV missing for PR 132405: elastic_elasticsearch_390e4f2d73c8296376db305ca78059e489ff45ca.csv
2026-09-18 14:50:24,106 - WARNING - Base CSV missing for PR 125828: elastic_elasticsearch_dfaf3de96e291b6be64ed71291c7f7b0e0dd718f.csv
2026-09-18 14:50:24,106 - WARNING - Target CSV missing for PR 125828: elastic_elasticsearch_5a7a425bd0be3819a1b143c07eb9ce0b9c45624f.csv
2026-09-18 14:50:24,106 - WARNING - Base CSV missing for PR 5786: apache_paimon_b35180fbc0ef073ff4823babfd40ac4e1e9428d1.csv
2026-09-18 14:50:24,106 - WARNING - Target CSV missing for PR 5786: apache_paimon_0ac3c60757902ddb0d32e579f7b3e9464cfa5e0f.csv
2026-09-18 14:50:24,106 - WARNING - Base CSV missing for PR 5957: apache_paimon_ad99a2fc0d8159d22b3314d497840e336fbc51d1.csv
2026-09-18 14:50:24,106 - WARNING - Target CSV missing for PR 5957: apache_paimon_3c9f9e8feba4b995307845735adb63f3499c24eb.csv
2026-09-18 14:50:24,106 - WARNING - Base CSV missing for PR 6354: apache_paimon_e1dcc85ed2a81a37fde6904a6ae8da3a611e2aa8.csv
2026-09-18 14:50:24,106 - WARNING - Target CSV missing for PR 6354: apache_paimon_4a83228410e6b3fd14042516b96c462a06f3fa98.csv
2026-09-18 14:50:24,106 - WARNING - Base CSV missing for PR 7719: apache_paimon_f9eb5026e3cd48c9ba16ee7742fb261b47526a79.csv
2026-09-18 14:50:24,106 - WARNING - Target CSV missing for PR 7719: apache_paimon_60b6852218957fc087c04b7e1254a493039f5856.csv
2026-09-18 14:50:24,106 - WARNING - Base CSV missing for PR 9: magx2_openhab-supla_e8e8b0d763bc8cdee922b04b714d53a04867971c.csv
2026-09-18 14:50:24,106 - WARNING - Target CSV missing for PR 9: magx2_openhab-supla_f7eba8ce4947adf7818f3c07234e73bf1736e96a.csv
2026-09-18 14:50:24,106 - WARNING - Base CSV missing for PR 32: magx2_openhab-supla_018795d6b63a6ac6e7d5e0a2becf2bb2e158170c.csv
2026-09-18 14:50:24,106 - WARNING - Target CSV missing for PR 32: magx2_openhab-supla_60532b13e2e239e03b64e3c8225d624de9ef37df.csv
2026-09-18 14:50:24,106 - WARNING - Base CSV missing for PR 40: magx2_openhab-supla_fa386b26f18a168f2d4f5ac9ceb5670e607af0c8.csv
2026-09-18 14:50:24,106 - WARNING - Target CSV missing for PR 40: magx2_openhab-supla_2b329a7d97632f13dc96fd835d0943fda46986c1.csv
2026-09-18 14:50:24,106 - WARNING - Base CSV missing for PR 54: magx2_openhab-supla_b19745387a6ad8865d4f544db189a5a0179c4fe4.csv
2026-09-18 14:50:24,106 - WARNING - Target CSV missing for PR 54: magx2_openhab-supla_074afe841977f1e660528ebff093bccd91d3e08f.csv
2026-09-18 14:50:24,106 - WARNING - Base CSV missing for PR 55: magx2_openhab-supla_074afe841977f1e660528ebff093bccd91d3e08f.csv
2026-09-18 14:50:24,106 - WARNING - Target CSV missing for PR 55: magx2_openhab-supla_cc7cca9ad1058a68c3703d32e709d1687f6cbac8.csv
2026-09-18 14:50:24,106 - WARNING - Base CSV missing for PR 58: magx2_openhab-supla_b7091c05409bd2ba40ffeb43b730f2a994462486.csv
2026-09-18 14:50:24,106 - WARNING - Target CSV missing for PR 58: magx2_openhab-supla_8b0f1bb488c91bdf86b8f926fef0478e24514b25.csv
2026-09-18 14:50:24,106 - WARNING - Base CSV missing for PR 63: magx2_openhab-supla_04ae3bc989abe6d813355347c01074e8095923eb.csv
2026-09-18 14:50:24,106 - WARNING - Target CSV missing for PR 63: magx2_openhab-supla_cfe640b1d7150f54c7ca5632e1b4bffc79999e19.csv
2026-09-18 14:50:24,106 - WARNING - Base CSV missing for PR 64: magx2_openhab-supla_04ae3bc989abe6d813355347c01074e8095923eb.csv
2026-09-18 14:50:24,106 - WARNING - Target CSV missing for PR 64: magx2_openhab-supla_a6d4361c516c1690539088be65a3fc3eaa205640.csv
2026-09-18 14:50:24,106 - WARNING - Base CSV missing for PR 5803: camunda_connectors_56603c3488e48053b84e1b3e49958b602f578dee.csv
2026-09-18 14:50:24,106 - WARNING - Target CSV missing for PR 5803: camunda_connectors_abd830e8970de429a45cc7830fa0b3a8008f23e8.csv
2026-09-18 14:50:24,106 - WARNING - Base CSV missing for PR 3832: camunda_connectors_7cdc85a3bc49e8196542a17aaa6691a75899b1c2.csv
2026-09-18 14:50:24,106 - WARNING - Target CSV missing for PR 3832: camunda_connectors_352b9cb9558b1d0db7f46b875e36b479f897a4a3.csv
2026-09-18 14:50:24,107 - WARNING - Base CSV missing for PR 65: magx2_openhab-supla_38508974ef5baaafb4a73863035c8174b3783e9d.csv
2026-09-18 14:50:24,107 - WARNING - Target CSV missing for PR 65: magx2_openhab-supla_2a4c9a1788f840a254ef74f430ea4040a17549ab.csv
2026-09-18 14:50:24,107 - WARNING - Base CSV missing for PR 3201: eclipse-platform_eclipse.platform.swt_f1bf0d3ba371a82f9e4c462435cee2f0269ef3e7.csv
2026-09-18 14:50:24,107 - WARNING - Target CSV missing for PR 3201: eclipse-platform_eclipse.platform.swt_6425e28caa16e441a204aaf5c4fcf76730669fe0.csv
2026-09-18 14:50:24,107 - WARNING - Base CSV missing for PR 138: almostrealism_common_69c23e92dcf170c81a34d77c2e5b0f8f4bf62c41.csv
2026-09-18 14:50:24,107 - WARNING - Target CSV missing for PR 138: almostrealism_common_b66c96a9c655febed21869936785b911c106b002.csv
2026-09-18 14:50:24,107 - WARNING - Base CSV missing for PR 165: almostrealism_common_4c7fb6ed06ca666de85ee7acab4b43622fce07e6.csv
2026-09-18 14:50:24,107 - WARNING - Target CSV missing for PR 165: almostrealism_common_0d3689a40850645c535dad37763886b1c7163351.csv
2026-09-18 14:50:24,107 - WARNING - Base CSV missing for PR 184: almostrealism_common_4703d173d14ea82b18ef5e9156b629bbd27388cb.csv
2026-09-18 14:50:24,107 - WARNING - Target CSV missing for PR 184: almostrealism_common_f94c688756083bab86277e3f3f66c031fe2cb344.csv
2026-09-18 14:50:24,107 - WARNING - Base CSV missing for PR 3268: eclipse-platform_eclipse.platform.swt_aa1dbb80345cecc1a6b681aa0b29072cb4d2acdc.csv
2026-09-18 14:50:24,107 - WARNING - Target CSV missing for PR 3268: eclipse-platform_eclipse.platform.swt_a9526c3ceb3cb05c65ee3b2d2a60fcc17ce25460.csv
2026-09-18 14:50:24,107 - WARNING - Base CSV missing for PR 604: remsfal_remsfal-backend_a65a7b14ee8c735496488cb3286527ee1e6fc307.csv
2026-09-18 14:50:24,107 - WARNING - Target CSV missing for PR 604: remsfal_remsfal-backend_48c20399b68ce6436b003b4967395297e39cfd2a.csv
2026-09-18 14:50:24,107 - WARNING - Base CSV missing for PR 127164: elastic_elasticsearch_2d6f5e1ceda7e6c379dba53a294b798b236dd89a.csv
2026-09-18 14:50:24,107 - WARNING - Target CSV missing for PR 127164: elastic_elasticsearch_bed5294c0b36a602a3fb97bf5d9d8cc4f21e78ea.csv
2026-09-18 14:50:24,107 - WARNING - Base CSV missing for PR 614: remsfal_remsfal-backend_b6762d5e4ec9a54636680feb1bdb1b94cc20fd28.csv
2026-09-18 14:50:24,107 - WARNING - Target CSV missing for PR 614: remsfal_remsfal-backend_b0530109a3c313914a9eb52b3dd6f151fa6382a2.csv
2026-09-18 14:50:24,107 - WARNING - Base CSV missing for PR 2729: BentoBoxWorld_BentoBox_4f2284cfd763a14db96a34f0d118a055fd1c2e62.csv
2026-09-18 14:50:24,107 - WARNING - Target CSV missing for PR 2729: BentoBoxWorld_BentoBox_11b94545cfd5dcf18aedec2fa4d686ce5365cbf3.csv
2026-09-18 14:50:24,107 - WARNING - Base CSV missing for PR 622: remsfal_remsfal-backend_1be5c282a8019961d2b236f9ae7ebe9180590963.csv
2026-09-18 14:50:24,107 - WARNING - Target CSV missing for PR 622: remsfal_remsfal-backend_52d11d0aeebd0dd93c5bb9264bd1315c1ecebbac.csv
2026-09-18 14:50:24,107 - WARNING - Base CSV missing for PR 5895: camunda_connectors_2700b8df9d36154052681835b9071c88a63dea6c.csv
2026-09-18 14:50:24,107 - WARNING - Target CSV missing for PR 5895: camunda_connectors_b2659c6a114614a86e42c54a3ee6e047f82fe763.csv
2026-09-18 14:50:24,107 - WARNING - Base CSV missing for PR 5904: camunda_connectors_f0551eef683bc34b7af5bc1a8935b8b7f360ebfb.csv
2026-09-18 14:50:24,107 - WARNING - Target CSV missing for PR 5904: camunda_connectors_3a35ec88e2285f57528f75abd7e49474d1e30732.csv
2026-09-18 14:50:24,107 - WARNING - Base CSV missing for PR 6030: camunda_connectors_71a033ca82395e34342b54484914341b5c48fb6e.csv
2026-09-18 14:50:24,107 - WARNING - Target CSV missing for PR 6030: camunda_connectors_a96fad488889037e60f218422fc255e2699be1b6.csv
2026-09-18 14:50:24,107 - WARNING - Base CSV missing for PR 110: woowacourse-teams_2025-moment_0c802d79e719b938f1478f2eca67785b935629af.csv
2026-09-18 14:50:24,107 - WARNING - Target CSV missing for PR 110: woowacourse-teams_2025-moment_ccd3a83b7fee9b383b203eea5805981134451d2f.csv
2026-09-18 14:50:24,107 - WARNING - Base CSV missing for PR 297: remsfal_remsfal-backend_2da92ab72f7024d7ed82c529f739dc78c07e7d83.csv
2026-09-18 14:50:24,107 - WARNING - Target CSV missing for PR 297: remsfal_remsfal-backend_fab5a05b15c16c6e19ec7207394c6e2c99d39ef1.csv
2026-09-18 14:50:24,107 - WARNING - Base CSV missing for PR 122531: elastic_elasticsearch_15799a84095fb3e117015dcf79629792875a20b2.csv
2026-09-18 14:50:24,107 - WARNING - Target CSV missing for PR 122531: elastic_elasticsearch_7fcc2effdb23b69130d83a639e73bb15b0debe52.csv
2026-09-18 14:50:24,107 - WARNING - Base CSV missing for PR 58015: apache_doris_7190d059a88f4d8e4008857c797a699a0d636a8b.csv
2026-09-18 14:50:24,107 - WARNING - Target CSV missing for PR 58015: apache_doris_e1a360f58e60f28414b6bdc2c0fbda4abc4f3615.csv
2026-09-18 14:50:24,107 - WARNING - Base CSV missing for PR 5305: valkey-io_valkey-glide_b750df0c9bac5499dded9bd6d0704ccb3b39c6ea.csv
2026-09-18 14:50:24,107 - WARNING - Target CSV missing for PR 5305: valkey-io_valkey-glide_1f703590758604d2ac9dff80f9e9c3720d651aab.csv
2026-09-18 14:50:24,107 - WARNING - Base CSV missing for PR 46446: Azure_azure-sdk-for-java_e415b2a63790e8de21cf2f474c20a761b05ea11d.csv
2026-09-18 14:50:24,107 - WARNING - Target CSV missing for PR 46446: Azure_azure-sdk-for-java_f9d5fc17061c5354ba6de8e9bd1d18a1cc651e84.csv
2026-09-18 14:50:24,107 - WARNING - Base CSV missing for PR 5485: valkey-io_valkey-glide_61b18a29adf579e5afe7adf126a72d1a14a678c7.csv
2026-09-18 14:50:24,107 - WARNING - Target CSV missing for PR 5485: valkey-io_valkey-glide_933c0cbc8e32239d2d1098ad45fa369a88ab948c.csv
2026-09-18 14:50:24,107 - WARNING - Base CSV missing for PR 6055: camunda_connectors_d4ddef077cf072987ebef5e9c886ab60a1ca387e.csv
2026-09-18 14:50:24,107 - WARNING - Target CSV missing for PR 6055: camunda_connectors_ad20aef3293957eb66add0053dda49181c99f4d6.csv
2026-09-18 14:50:24,107 - WARNING - Base CSV missing for PR 6083: camunda_connectors_e4a0c0b4d8ea5f8b5d87dcf3536309556e0cad8b.csv
2026-09-18 14:50:24,107 - WARNING - Target CSV missing for PR 6083: camunda_connectors_b47f2757e958c423cb0ecae038f9dffcce15a777.csv
2026-09-18 14:50:24,107 - WARNING - Base CSV missing for PR 3835: camunda_connectors_2fcec357ff2355987896b10496376bacff263bcc.csv
2026-09-18 14:50:24,107 - WARNING - Target CSV missing for PR 3835: camunda_connectors_1fdadce44b86a309f401652efdc24410225d0264.csv
2026-09-18 14:50:24,107 - WARNING - Base CSV missing for PR 5664: valkey-io_valkey-glide_5e3c04cea77a8d427379a732a21fd92bb8453c3b.csv
2026-09-18 14:50:24,107 - WARNING - Target CSV missing for PR 5664: valkey-io_valkey-glide_1345dbe74a970987a2d2257326541e22aa6e40b9.csv
2026-09-18 14:50:24,107 - WARNING - Base CSV missing for PR 3519: valkey-io_valkey-glide_432ee6551196372026798996a78a415bb3a1dd9d.csv
2026-09-18 14:50:24,107 - WARNING - Target CSV missing for PR 3519: valkey-io_valkey-glide_f825c56a0353c66281d5338063a523d0c8540e6c.csv
2026-09-18 14:50:24,107 - WARNING - Base CSV missing for PR 5172: valkey-io_valkey-glide_3e375344c24c31d45eeeb9f521adfe256e3bf429.csv
2026-09-18 14:50:24,107 - WARNING - Target CSV missing for PR 5172: valkey-io_valkey-glide_11e9206ae34c12dca475de0bd71e23f6f91910b5.csv
2026-09-18 14:50:24,107 - WARNING - Base CSV missing for PR 3324: valkey-io_valkey-glide_23ca48e2e2a2f739c5dc1cf0d17a6b3d176c8d75.csv
2026-09-18 14:50:24,107 - WARNING - Target CSV missing for PR 3324: valkey-io_valkey-glide_b4c1c5038912d72575b12f1618bc1fc9b4c942c7.csv
2026-09-18 14:50:24,107 - WARNING - Base CSV missing for PR 3539: valkey-io_valkey-glide_17597995ccc5e9d28c4cde40da231c80f14bb9ae.csv
2026-09-18 14:50:24,107 - WARNING - Target CSV missing for PR 3539: valkey-io_valkey-glide_45def8342a441a9052b5b050b794175606ffb089.csv
2026-09-18 14:50:24,108 - WARNING - Base CSV missing for PR 4094: valkey-io_valkey-glide_ee12d4eb42a917c2b40b97171614036360d80a36.csv
2026-09-18 14:50:24,108 - WARNING - Target CSV missing for PR 4094: valkey-io_valkey-glide_1aa4b88db625051b9b3b4df93811b3125d28ee86.csv
2026-09-18 14:50:24,108 - WARNING - Base CSV missing for PR 5399: valkey-io_valkey-glide_f7ee5d506062e6fb58db914e3396863e73bcf584.csv
2026-09-18 14:50:24,108 - WARNING - Target CSV missing for PR 5399: valkey-io_valkey-glide_4d0655eeccae55adf9747cd17570b38d04cbc80c.csv
2026-09-18 14:50:24,108 - WARNING - Base CSV missing for PR 5290: valkey-io_valkey-glide_a952ba1f6bdf454338187ef4445f63bdf079acb5.csv
2026-09-18 14:50:24,108 - WARNING - Target CSV missing for PR 5290: valkey-io_valkey-glide_8b511990d70e37bd94da0d50f1235a3a6176e060.csv
2026-09-18 14:50:24,108 - WARNING - Base CSV missing for PR 5274: valkey-io_valkey-glide_9f2b4824109b906134293f0f0a045af34499a8bf.csv
2026-09-18 14:50:24,108 - WARNING - Target CSV missing for PR 5274: valkey-io_valkey-glide_f3f87d6db573da1a0b4bd34cda9a89d5b47739b5.csv
2026-09-18 14:50:24,108 - WARNING - Base CSV missing for PR 4050: camunda_connectors_4ae6c4e3026768e2a94cc9e69eb18bc0acd0b2cd.csv
2026-09-18 14:50:24,108 - WARNING - Target CSV missing for PR 4050: camunda_connectors_b590af0bfaf3803e72b0033cf85d085cd0f3272f.csv
2026-09-18 14:50:24,108 - WARNING - Base CSV missing for PR 4370: camunda_connectors_8561944ff206965bdbb795a543224c5a330c9eb9.csv
2026-09-18 14:50:24,108 - WARNING - Target CSV missing for PR 4370: camunda_connectors_1e3b97ebc55331892acb11074ba7cd886fa18e78.csv
2026-09-18 14:50:24,108 - WARNING - Base CSV missing for PR 5417: valkey-io_valkey-glide_61b18a29adf579e5afe7adf126a72d1a14a678c7.csv
2026-09-18 14:50:24,108 - WARNING - Target CSV missing for PR 5417: valkey-io_valkey-glide_2e759e735013665c6b8ed7d1b06ee98eada7185d.csv
2026-09-18 14:50:24,108 - WARNING - Base CSV missing for PR 12: gudwns1812_coin-zzickmock_7839fee01b21784a7a8153598ddc25b554945274.csv
2026-09-18 14:50:24,108 - WARNING - Target CSV missing for PR 12: gudwns1812_coin-zzickmock_54d4de78fd66e7a66476b564ee4cc93a94e5b3c9.csv
2026-09-18 14:50:24,108 - WARNING - Base CSV missing for PR 46: gudwns1812_coin-zzickmock_2fd08be31506144c24f43e11311c3dad7fae9552.csv
2026-09-18 14:50:24,108 - WARNING - Target CSV missing for PR 46: gudwns1812_coin-zzickmock_49155c2a5eb66fb1dda31df0db6e2dcf56cb5006.csv
2026-09-18 14:50:24,108 - WARNING - Base CSV missing for PR 2730: BentoBoxWorld_BentoBox_d95b0213ac2048647dabef2d14353d90ce478198.csv
2026-09-18 14:50:24,108 - WARNING - Target CSV missing for PR 2730: BentoBoxWorld_BentoBox_12837702383f4bd2398d3daff2451716d79168bd.csv
2026-09-18 14:50:24,108 - WARNING - Base CSV missing for PR 2391: DIGI-UW_OpenELIS-Global-2_8e0e35729fa1838413b569b17fbac22bf5cc652a.csv
2026-09-18 14:50:24,108 - WARNING - Target CSV missing for PR 2391: DIGI-UW_OpenELIS-Global-2_31c51303911a8e741d1f75245a4bd94e756bb341.csv
2026-09-18 14:50:24,108 - WARNING - Base CSV missing for PR 8: gudwns1812_coin-zzickmock_39fef37251a29d99252ecfdc1fbc03effe004a9b.csv
2026-09-18 14:50:24,108 - WARNING - Target CSV missing for PR 8: gudwns1812_coin-zzickmock_7839fee01b21784a7a8153598ddc25b554945274.csv
2026-09-18 14:50:24,108 - WARNING - Base CSV missing for PR 17: gudwns1812_coin-zzickmock_f1b25e0c9f02571ec47e528e784080d3c5037e23.csv
2026-09-18 14:50:24,108 - WARNING - Target CSV missing for PR 17: gudwns1812_coin-zzickmock_331eeec5f0fecc929e49f88e95004b88a1035415.csv
2026-09-18 14:50:24,108 - WARNING - Base CSV missing for PR 18: gudwns1812_coin-zzickmock_331eeec5f0fecc929e49f88e95004b88a1035415.csv
2026-09-18 14:50:24,108 - WARNING - Target CSV missing for PR 18: gudwns1812_coin-zzickmock_42031f0b274c4d1683a2e27cf875217dec5c5737.csv
2026-09-18 14:50:24,108 - WARNING - Base CSV missing for PR 19: gudwns1812_coin-zzickmock_42031f0b274c4d1683a2e27cf875217dec5c5737.csv
2026-09-18 14:50:24,108 - WARNING - Target CSV missing for PR 19: gudwns1812_coin-zzickmock_eb3ab8ea98b05b636597c3f8ddcc16bdadbda10e.csv
2026-09-18 14:50:24,108 - WARNING - Base CSV missing for PR 35: gudwns1812_coin-zzickmock_70a496e85fb1c407b8b81fd0ac3b237f4d7c9818.csv
2026-09-18 14:50:24,108 - WARNING - Target CSV missing for PR 35: gudwns1812_coin-zzickmock_091173972f520157c9dd66b01912dd25a65d89b9.csv
2026-09-18 14:50:24,108 - WARNING - Base CSV missing for PR 198: almostrealism_common_8b2c5dac07362e6280ecae784630b552bbb22ca3.csv
2026-09-18 14:50:24,108 - WARNING - Target CSV missing for PR 198: almostrealism_common_3472884be2c31576564db708e1e26bd1cab6b762.csv
2026-09-18 14:50:24,108 - WARNING - Base CSV missing for PR 125: almostrealism_common_a86efe263d5d981100a48adc31e5b0c533d22b5f.csv
2026-09-18 14:50:24,108 - WARNING - Target CSV missing for PR 125: almostrealism_common_22d98d98b6dc82cb7e9eb09c6aadf007c9647b44.csv
2026-09-18 14:50:24,108 - WARNING - Base CSV missing for PR 21: almostrealism_common_1b79a10337dcd61823d583d48f84172e3172255d.csv
2026-09-18 14:50:24,108 - WARNING - Target CSV missing for PR 21: almostrealism_common_befda0f8a9388506279a6376859910c94acb2b24.csv
2026-09-18 14:50:24,108 - WARNING - Base CSV missing for PR 30: gudwns1812_coin-zzickmock_bd2c22992fc436c7b8c2d26bb210dd0de1b2ca70.csv
2026-09-18 14:50:24,108 - WARNING - Target CSV missing for PR 30: gudwns1812_coin-zzickmock_322dd513489785b25aa46afb4790d9d50d16a26b.csv
2026-09-18 14:50:24,108 - WARNING - Base CSV missing for PR 31: gudwns1812_coin-zzickmock_322dd513489785b25aa46afb4790d9d50d16a26b.csv
2026-09-18 14:50:24,108 - WARNING - Target CSV missing for PR 31: gudwns1812_coin-zzickmock_29881f0733339ab4ac14ba37bccab0db20066a39.csv
2026-09-18 14:50:24,108 - WARNING - Base CSV missing for PR 122552: elastic_elasticsearch_a1948656383fe781dc85e4de9802d49ed8149b5f.csv
2026-09-18 14:50:24,108 - WARNING - Target CSV missing for PR 122552: elastic_elasticsearch_989e24cc7fb0cfd5db611656a2918b230d40e744.csv
2026-09-18 14:50:24,108 - WARNING - Base CSV missing for PR 4584: camunda_connectors_3ccb2534b75edad78d8173866d21cb8baff063ea.csv
2026-09-18 14:50:24,108 - WARNING - Target CSV missing for PR 4584: camunda_connectors_1670e40096da8f38c547ed2a9fe82c8a97d39b5b.csv
2026-09-18 14:50:24,108 - WARNING - Base CSV missing for PR 122555: elastic_elasticsearch_dab89d111bca545b84d922082eee692b872b4eaf.csv
2026-09-18 14:50:24,108 - WARNING - Target CSV missing for PR 122555: elastic_elasticsearch_69504826b9c2220db8b796d53aceb8229b6008f4.csv
2026-09-18 14:50:24,108 - WARNING - Base CSV missing for PR 122556: elastic_elasticsearch_0205d3fc860e0306e59bfd84433f3aa5a868732c.csv
2026-09-18 14:50:24,108 - WARNING - Target CSV missing for PR 122556: elastic_elasticsearch_08fb6a5cf0c1abc77ad42e08e4db76c6cc7c18bf.csv
2026-09-18 14:50:24,108 - WARNING - Base CSV missing for PR 34977: apache_shardingsphere_8006e84a6606eb66baf05241759f7b5be6ec99c2.csv
2026-09-18 14:50:24,108 - WARNING - Target CSV missing for PR 34977: apache_shardingsphere_93630a64a1f6aca27c20e33efd5f5728fe1c57b7.csv
2026-09-18 14:50:24,108 - WARNING - Base CSV missing for PR 4633: camunda_connectors_43303c387a134882d0505fec23fc5011960acc8b.csv
2026-09-18 14:50:24,108 - WARNING - Target CSV missing for PR 4633: camunda_connectors_b898f2b3313648e2885e4d3a52602d8fb7f59fc9.csv
2026-09-18 14:50:24,108 - WARNING - Base CSV missing for PR 4643: camunda_connectors_8da92e2b38ba15fbbf1e412391a285f5a28304bd.csv
2026-09-18 14:50:24,108 - WARNING - Target CSV missing for PR 4643: camunda_connectors_96e1effa5d1ff6b108ca32b36b7817cc60455509.csv
2026-09-18 14:50:24,108 - WARNING - Base CSV missing for PR 4762: camunda_connectors_8dc9bcaf5115f52e8840b8b4b6677139ac40c103.csv
2026-09-18 14:50:24,108 - WARNING - Target CSV missing for PR 4762: camunda_connectors_5f2b364a8ea67ca56e7c63fe5cdf965220955c8d.csv
2026-09-18 14:50:24,108 - WARNING - Base CSV missing for PR 4764: camunda_connectors_af4290fe7aff4083247235b19a7f6a9c178940db.csv
2026-09-18 14:50:24,109 - WARNING - Target CSV missing for PR 4764: camunda_connectors_aebbc60d2d472f870336817ce6b0d91eddf26a24.csv
2026-09-18 14:50:24,109 - WARNING - Base CSV missing for PR 4840: camunda_connectors_96d433a54f8207ba9e7a612149a162a570d7696d.csv
2026-09-18 14:50:24,109 - WARNING - Target CSV missing for PR 4840: camunda_connectors_f59576425934ff265bc75873920058d2b301c350.csv
2026-09-18 14:50:24,109 - WARNING - Base CSV missing for PR 128169: elastic_elasticsearch_dd0b7cc2b5b74375e39e71e3c7029473332f8cb4.csv
2026-09-18 14:50:24,109 - WARNING - Target CSV missing for PR 128169: elastic_elasticsearch_720e3b5fed48445fc74036a075b205ace19cc4d2.csv
2026-09-18 14:50:24,109 - WARNING - Base CSV missing for PR 4826: camunda_connectors_ec3612e13d9a27654689e4133540a0c404eb772e.csv
2026-09-18 14:50:24,109 - WARNING - Target CSV missing for PR 4826: camunda_connectors_a7c65f7053d0746676346da0065ec56daf44b97b.csv
2026-09-18 14:50:24,109 - WARNING - Base CSV missing for PR 127567: elastic_elasticsearch_55fb5f3dafa66e23c3b6283be8d7e31180c79c10.csv
2026-09-18 14:50:24,109 - WARNING - Target CSV missing for PR 127567: elastic_elasticsearch_f56de526bde38602456876be67640ca8e5ad2f4e.csv
2026-09-18 14:50:24,109 - WARNING - Base CSV missing for PR 6186: camunda_connectors_1997a6e3769c9c63958bb0b9ab0d0b575f36e814.csv
2026-09-18 14:50:24,109 - WARNING - Target CSV missing for PR 6186: camunda_connectors_f1ae255c51c7b158f260fe0e7929addb99eeb71b.csv
2026-09-18 14:50:24,109 - WARNING - Base CSV missing for PR 498: tcheeric_nostr-java_71ec7146e723c8bcec91ac750955fc9fa874fd8d.csv
2026-09-18 14:50:24,109 - WARNING - Target CSV missing for PR 498: tcheeric_nostr-java_2e5b6fe0ad3a17959855834ee28da872c8815966.csv
2026-09-18 14:50:24,109 - WARNING - Base CSV missing for PR 231: tcheeric_nostr-java_7992c21a00f32fb14096b2dcf3f36c61c4959875.csv
2026-09-18 14:50:24,109 - WARNING - Target CSV missing for PR 231: tcheeric_nostr-java_d07268d6bda905d9c98d87434cce4c8b90f823d1.csv
2026-09-18 14:50:24,109 - WARNING - Base CSV missing for PR 225: tcheeric_nostr-java_30a4de3fc47972ebe2275b8f191a1aa7aab5463d.csv
2026-09-18 14:50:24,109 - WARNING - Target CSV missing for PR 225: tcheeric_nostr-java_c4b55807f51cce0794f4cd1d0cfec1383cab4a4d.csv
2026-09-18 14:50:24,109 - WARNING - Base CSV missing for PR 124982: elastic_elasticsearch_14a97cdee9bacb944e916ecf3ec1aa7dd7a900db.csv
2026-09-18 14:50:24,109 - WARNING - Target CSV missing for PR 124982: elastic_elasticsearch_75e92461d0134031935f3378d504f2ebf3acd5a1.csv
2026-09-18 14:50:24,109 - WARNING - Base CSV missing for PR 226: tcheeric_nostr-java_c4b55807f51cce0794f4cd1d0cfec1383cab4a4d.csv
2026-09-18 14:50:24,109 - WARNING - Target CSV missing for PR 226: tcheeric_nostr-java_de927e1dcb560274bbc81c8052275e04b61f1312.csv
2026-09-18 14:50:24,109 - WARNING - Base CSV missing for PR 261: tcheeric_nostr-java_b539effe711c483dff42284a83139557b296c91a.csv
2026-09-18 14:50:24,109 - WARNING - Target CSV missing for PR 261: tcheeric_nostr-java_d1871a78bb5e1d6c61ad06cc91548cae9c51491e.csv
2026-09-18 14:50:24,109 - WARNING - Base CSV missing for PR 10939: ls1intum_Artemis_741432ae3d595e365ac7bf5652ee51936a33ce3b.csv
2026-09-18 14:50:24,109 - WARNING - Target CSV missing for PR 10939: ls1intum_Artemis_a57af9024c3abbe8d4bc75bee1e9135c867e358e.csv
2026-09-18 14:50:24,109 - WARNING - Base CSV missing for PR 4884: camunda_connectors_6e28888b843b368ba213607cefce2bc13833ff68.csv
2026-09-18 14:50:24,109 - WARNING - Target CSV missing for PR 4884: camunda_connectors_96d3ce9ac7d623790319cc3f45a639c8b19a501f.csv
2026-09-18 14:50:24,109 - WARNING - Base CSV missing for PR 4973: camunda_connectors_f4e8e90ea4449e933d59ff87686d824aefe65ec3.csv
2026-09-18 14:50:24,109 - WARNING - Target CSV missing for PR 4973: camunda_connectors_2f1d6bc21b6edda7b2ad110f5cc8d313c87fb245.csv
2026-09-18 14:50:24,109 - WARNING - Base CSV missing for PR 5002: camunda_connectors_e78d2969097f1ea557f53c19215ebfa41744f7d6.csv
2026-09-18 14:50:24,109 - WARNING - Target CSV missing for PR 5002: camunda_connectors_0a8f0c75ec6cb3b0dc1584a91d89fc9bcd410bc9.csv
2026-09-18 14:50:24,109 - WARNING - Base CSV missing for PR 5049: camunda_connectors_688a0743bf1fb7235db0c5fdf76c7f8992ac3419.csv
2026-09-18 14:50:24,109 - WARNING - Target CSV missing for PR 5049: camunda_connectors_877160d04091e93693973831cc0b21c4e148a4d7.csv
2026-09-18 14:50:24,109 - WARNING - Base CSV missing for PR 5035: camunda_connectors_9bb58735057f8b27317c7278c9dbe4ab02c069cc.csv
2026-09-18 14:50:24,109 - WARNING - Target CSV missing for PR 5035: camunda_connectors_2cc7546fe45a2dea4923ca9dd9e3d7aeb71cefae.csv
2026-09-18 14:50:24,109 - WARNING - Base CSV missing for PR 5108: camunda_connectors_688a0743bf1fb7235db0c5fdf76c7f8992ac3419.csv
2026-09-18 14:50:24,109 - WARNING - Target CSV missing for PR 5108: camunda_connectors_700f05cd50df2ed2d222f0bd86a862867a7e0623.csv
2026-09-18 14:50:24,109 - WARNING - Base CSV missing for PR 5119: camunda_connectors_4638ea18cf455e08183787f16c4e2fccccf27036.csv
2026-09-18 14:50:24,109 - WARNING - Target CSV missing for PR 5119: camunda_connectors_50e71b0f4812ced3439a4d2196c9c99bc97ad31c.csv
2026-09-18 14:50:24,109 - WARNING - Base CSV missing for PR 127165: elastic_elasticsearch_df0f79d7c498f80cc95893b1b21d4690abc1eb80.csv
2026-09-18 14:50:24,109 - WARNING - Target CSV missing for PR 127165: elastic_elasticsearch_b2da02d6cd3a79bb1ed4134c6824cda617a58c2d.csv
2026-09-18 14:50:24,109 - WARNING - Base CSV missing for PR 5130: camunda_connectors_36ac808f7863c9ede880232b7372d5910aec8903.csv
2026-09-18 14:50:24,109 - WARNING - Target CSV missing for PR 5130: camunda_connectors_d9d318461dc746f3da47a7d9882487bb37d2a311.csv
2026-09-18 14:50:24,109 - WARNING - Base CSV missing for PR 5132: camunda_connectors_9026b6ed77d4f1186f593d288fefcbf88b088f9e.csv
2026-09-18 14:50:24,109 - WARNING - Target CSV missing for PR 5132: camunda_connectors_17bec76c6a07acc6b4069067c1d55ec2a93c3817.csv
2026-09-18 14:50:24,109 - WARNING - Base CSV missing for PR 47613: camunda_camunda_1fdb172d7b44ea0871c299096f16c476bb88bddc.csv
2026-09-18 14:50:24,109 - WARNING - Target CSV missing for PR 47613: camunda_camunda_7466f00d48407874a5f202ab76434b17e971e80a.csv
2026-09-18 14:50:24,109 - WARNING - Base CSV missing for PR 5162: camunda_connectors_c5637648705ea1ed8426b87bd44df6c72848cc73.csv
2026-09-18 14:50:24,109 - WARNING - Target CSV missing for PR 5162: camunda_connectors_a7e2ff04e69e43a03588f515144dcd224302756a.csv
2026-09-18 14:50:24,109 - WARNING - Base CSV missing for PR 5171: camunda_connectors_d1f0fcaf6b06ea5a4a492358fd60612fd7b6f33e.csv
2026-09-18 14:50:24,109 - WARNING - Target CSV missing for PR 5171: camunda_connectors_5cb6fa0052bcb2b19efa71182fba718e274be32e.csv
2026-09-18 14:50:24,109 - WARNING - Base CSV missing for PR 5174: camunda_connectors_2f1d6bc21b6edda7b2ad110f5cc8d313c87fb245.csv
2026-09-18 14:50:24,109 - WARNING - Target CSV missing for PR 5174: camunda_connectors_921fb5040c7460fd2e15ba1b046c1555fc94bd63.csv
2026-09-18 14:50:24,109 - WARNING - Base CSV missing for PR 46658: Azure_azure-sdk-for-java_18349e07f088491be1b7f701d521bd20f9d8f688.csv
2026-09-18 14:50:24,109 - WARNING - Target CSV missing for PR 46658: Azure_azure-sdk-for-java_647116f5163e706db4b86ad0b73b140597e1a6f2.csv
2026-09-18 14:50:24,109 - WARNING - Base CSV missing for PR 46622: Azure_azure-sdk-for-java_34de18cf8fb6f56f6bed8bee9a7b950b25cc1e42.csv
2026-09-18 14:50:24,109 - WARNING - Target CSV missing for PR 46622: Azure_azure-sdk-for-java_c24eef7f59b9f47d188baf23af7298366271b4ad.csv
2026-09-18 14:50:24,109 - WARNING - Base CSV missing for PR 5176: camunda_connectors_561c6545e4a04446e2df4983794cd54862771b24.csv
2026-09-18 14:50:24,109 - WARNING - Target CSV missing for PR 5176: camunda_connectors_7e7bd9afc6b0466b27d97d052d35acb869bf8dd4.csv
2026-09-18 14:50:24,109 - WARNING - Base CSV missing for PR 5193: camunda_connectors_d1af91256b731ba0706ec686b3e2d3095cdaab7e.csv
2026-09-18 14:50:24,110 - WARNING - Target CSV missing for PR 5193: camunda_connectors_d4f600e6db30127c1cbf659e9726eb741a2095c2.csv
2026-09-18 14:50:24,110 - WARNING - Base CSV missing for PR 5220: camunda_connectors_6b1da177a228cbc1bcfbb54e2dec122720801fd3.csv
2026-09-18 14:50:24,110 - WARNING - Target CSV missing for PR 5220: camunda_connectors_111b4c49ba395d8b73d46867291d0b5b3cee5428.csv
2026-09-18 14:50:24,110 - WARNING - Base CSV missing for PR 5236: camunda_connectors_e0f9badb09bb205cb8681cb9b54fc759402d717d.csv
2026-09-18 14:50:24,110 - WARNING - Target CSV missing for PR 5236: camunda_connectors_889d6759cacb32e58a6e302b7a2e10de1547fade.csv
2026-09-18 14:50:24,110 - WARNING - Base CSV missing for PR 122582: elastic_elasticsearch_0cf22ae956f1ba5ce2daeef8aef9ac64e35a9fd3.csv
2026-09-18 14:50:24,110 - WARNING - Target CSV missing for PR 122582: elastic_elasticsearch_34a1d0157c46d0f9fb164bd25d998a454fbe73fa.csv
2026-09-18 14:50:24,110 - WARNING - Base CSV missing for PR 5264: camunda_connectors_3474441d2df5e10374d08e7760a2366410332121.csv
2026-09-18 14:50:24,110 - WARNING - Target CSV missing for PR 5264: camunda_connectors_3b3e00b14901f004163b58fd77c4a18de516b6fd.csv
2026-09-18 14:50:24,110 - WARNING - Base CSV missing for PR 1033: benhook1013_FireMUD_ff0bc62d4eb843905c4a46915f8a4b9a961ddb46.csv
2026-09-18 14:50:24,110 - WARNING - Target CSV missing for PR 1033: benhook1013_FireMUD_a06a27363972ce04e625f19b6426ed121c62847d.csv
2026-09-18 14:50:24,110 - WARNING - Base CSV missing for PR 476: tcheeric_nostr-java_de0f48a772266d9ccc39cbe9d027adb3a1af7e52.csv
2026-09-18 14:50:24,110 - WARNING - Target CSV missing for PR 476: tcheeric_nostr-java_b85dd49a7008ecec68d8ec135ec53b9b05acd763.csv
2026-09-18 14:50:24,110 - WARNING - Base CSV missing for PR 516: tcheeric_nostr-java_0b01d879c21daba3358a4e7d62150581997cfedf.csv
2026-09-18 14:50:24,110 - WARNING - Target CSV missing for PR 516: tcheeric_nostr-java_50983c0c29afd11c27ee88389e89f2c14f1f42d7.csv
2026-09-18 14:50:24,110 - WARNING - Base CSV missing for PR 5311: camunda_connectors_24c6522b0623a67ec309cb68c4f18b4e1534607f.csv
2026-09-18 14:50:24,110 - WARNING - Target CSV missing for PR 5311: camunda_connectors_8607e39e6dbc3d2717f4404ee1f39072eea7c271.csv
2026-09-18 14:50:24,110 - WARNING - Base CSV missing for PR 5291: camunda_connectors_c786d3f8b993b521b54a8e62766bbc3c1edbe85c.csv
2026-09-18 14:50:24,110 - WARNING - Target CSV missing for PR 5291: camunda_connectors_db0253617baf7b0e8b1d7637b9e7c1093d7f96e1.csv
2026-09-18 14:50:24,110 - WARNING - Base CSV missing for PR 5390: camunda_connectors_cc5a8c8e337c7ee689a00001512a319d2b327140.csv
2026-09-18 14:50:24,110 - WARNING - Target CSV missing for PR 5390: camunda_connectors_27c8aeb334d55dbd0bc8cd0bd257058561321e83.csv
2026-09-18 14:50:24,110 - WARNING - Base CSV missing for PR 5397: camunda_connectors_60020ed5cb057ed94a935dd022a4c9b5bbc0c0ec.csv
2026-09-18 14:50:24,110 - WARNING - Target CSV missing for PR 5397: camunda_connectors_5b2764b6fa27d990b661a911a185fe8b4bba0d4c.csv
2026-09-18 14:50:24,110 - WARNING - Base CSV missing for PR 5404: camunda_connectors_3b36821491a97d8a1adc3a457e2cc4ee2ac31cee.csv
2026-09-18 14:50:24,110 - WARNING - Target CSV missing for PR 5404: camunda_connectors_bd9a2632c600938aea5da5a5e6665632f2926c26.csv
2026-09-18 14:50:24,110 - WARNING - Base CSV missing for PR 5407: camunda_connectors_530128b8efad4027ab6d8411b557f1e06e9a31e2.csv
2026-09-18 14:50:24,110 - WARNING - Target CSV missing for PR 5407: camunda_connectors_67925bffc4b54b5972bc09450b5d2ac82c58733c.csv
2026-09-18 14:50:24,110 - WARNING - Base CSV missing for PR 5435: camunda_connectors_30b2d5403cc702b475c4cfd482f9da112d2637ca.csv
2026-09-18 14:50:24,110 - WARNING - Target CSV missing for PR 5435: camunda_connectors_19e589fa4f00016985fcfce1ecec90dab7d340d2.csv
2026-09-18 14:50:24,110 - WARNING - Base CSV missing for PR 5453: camunda_connectors_3d2fc77cb390c9c01a823dab569a84df0a0b47b9.csv
2026-09-18 14:50:24,110 - WARNING - Target CSV missing for PR 5453: camunda_connectors_c5b9f16a54a95fafad427e3f17878281e7bcf9f4.csv
2026-09-18 14:50:24,110 - WARNING - Base CSV missing for PR 5523: camunda_connectors_3a216f9780a0b73ae6dea87478bded5ed9cca7ab.csv
2026-09-18 14:50:24,110 - WARNING - Target CSV missing for PR 5523: camunda_connectors_cd924c4a4eeb4d4b046387f9d1502112a58fd96e.csv
2026-09-18 14:50:24,110 - WARNING - Base CSV missing for PR 5518: camunda_connectors_ee54a29693a9940326aa560ccb015190a11d9c45.csv
2026-09-18 14:50:24,110 - WARNING - Target CSV missing for PR 5518: camunda_connectors_21b859aaff36c1daa0299fd5f4803a84935537c9.csv
2026-09-18 14:50:24,110 - WARNING - Base CSV missing for PR 5565: camunda_connectors_3b5d6b99ec373893f397e596f96ceba6082cfed4.csv
2026-09-18 14:50:24,110 - WARNING - Target CSV missing for PR 5565: camunda_connectors_d14cb15a726b8ea05f1db66960205bdbeccf9163.csv
2026-09-18 14:50:24,110 - WARNING - Base CSV missing for PR 46781: Azure_azure-sdk-for-java_dc682be5acc67a9158a7cdef3a745b9e23dd4df4.csv
2026-09-18 14:50:24,110 - WARNING - Target CSV missing for PR 46781: Azure_azure-sdk-for-java_95539447ed4e14d4216fa98447fba0ca4d9e3857.csv
2026-09-18 14:50:24,110 - WARNING - Base CSV missing for PR 4567: openhab_openhab-core_ce374252fa2c821103da888302f930c1c127f73c.csv
2026-09-18 14:50:24,110 - WARNING - Target CSV missing for PR 4567: openhab_openhab-core_ab870d73df2abfa73408813e282dc0cf438b3552.csv
2026-09-18 14:50:24,110 - WARNING - Base CSV missing for PR 5593: camunda_connectors_3e9ba8d5329f032bfd75f4daad1eefd421c8df0c.csv
2026-09-18 14:50:24,110 - WARNING - Target CSV missing for PR 5593: camunda_connectors_cf535aed673a453c813f801d4738f96cacf3c57c.csv
2026-09-18 14:50:24,110 - WARNING - Base CSV missing for PR 5577: camunda_connectors_da1535bab422355ef47e19b791ccf15cb3175b9e.csv
2026-09-18 14:50:24,110 - WARNING - Target CSV missing for PR 5577: camunda_connectors_c642a4f2a314b93e2d2d27787f86ed8d58291a0b.csv
2026-09-18 14:50:24,110 - WARNING - Base CSV missing for PR 5578: camunda_connectors_e60f56e8f4a57592a4fee03741884ea36889b382.csv
2026-09-18 14:50:24,110 - WARNING - Target CSV missing for PR 5578: camunda_connectors_af7e4c86d892b33279e83f08c2ebe4ae44e74ce9.csv
2026-09-18 14:50:24,110 - WARNING - Base CSV missing for PR 5685: camunda_connectors_bb2e63e7eb92543d06a0efc92146525ae7a8e9bf.csv
2026-09-18 14:50:24,110 - WARNING - Target CSV missing for PR 5685: camunda_connectors_902c373bfc22cc74d331f2193371fe4ba87ab75a.csv
2026-09-18 14:50:24,110 - WARNING - Base CSV missing for PR 4571: openhab_openhab-core_ce374252fa2c821103da888302f930c1c127f73c.csv
2026-09-18 14:50:24,110 - WARNING - Target CSV missing for PR 4571: openhab_openhab-core_38a13807eeb16bf9df7b65444c3e0133ebbf8245.csv
2026-09-18 14:50:24,110 - WARNING - Base CSV missing for PR 5620: camunda_connectors_a65796864722444f05ad1c4bf37a34cbfb8f0d88.csv
2026-09-18 14:50:24,110 - WARNING - Target CSV missing for PR 5620: camunda_connectors_7c87f30702374c5550c668a8e6e559fb4204829e.csv
2026-09-18 14:50:24,110 - WARNING - Base CSV missing for PR 245: entur_cloud-logging_4f4d6d8cc59a8eaeccd0b4912f65c4c6e537a248.csv
2026-09-18 14:50:24,110 - WARNING - Target CSV missing for PR 245: entur_cloud-logging_64160809f11ec4c5dc84d5d6c57daca027c7f330.csv
2026-09-18 14:50:24,110 - WARNING - Base CSV missing for PR 68: entur_cloud-logging_004b8aa9e10a1b9976ac168a56878295a95459fa.csv
2026-09-18 14:50:24,110 - WARNING - Target CSV missing for PR 68: entur_cloud-logging_d60652e13af1d31a8b76a2f5b8ac33ec862cd40c.csv
2026-09-18 14:50:24,110 - WARNING - Base CSV missing for PR 71: entur_cloud-logging_004b8aa9e10a1b9976ac168a56878295a95459fa.csv
2026-09-18 14:50:24,110 - WARNING - Target CSV missing for PR 71: entur_cloud-logging_824f2248d2ecebafad27d550c610e0d1d8806b33.csv
2026-09-18 14:50:24,110 - WARNING - Base CSV missing for PR 340: entur_cloud-logging_d21e69f25b6b844e6cfc3be523c0da7c56bc75a5.csv
2026-09-18 14:50:24,111 - WARNING - Target CSV missing for PR 340: entur_cloud-logging_1b7586883d01bf61580aef91556105aafa4bd3b0.csv
2026-09-18 14:50:24,111 - WARNING - Base CSV missing for PR 341: entur_cloud-logging_d21e69f25b6b844e6cfc3be523c0da7c56bc75a5.csv
2026-09-18 14:50:24,111 - WARNING - Target CSV missing for PR 341: entur_cloud-logging_5deb63fbcc804f9c7aba8ba166340bd64164d4bc.csv
2026-09-18 14:50:24,111 - WARNING - Base CSV missing for PR 35961: apache_shardingsphere_379000c149195c9437b85b7949c49f5d9c48b08b.csv
2026-09-18 14:50:24,111 - WARNING - Target CSV missing for PR 35961: apache_shardingsphere_9594720731ac93a56ae13632bd2a236c4e633b59.csv
2026-09-18 14:50:24,111 - WARNING - Base CSV missing for PR 5605: camunda_connectors_3884a2068906e47fa356a16f9d3ae8978692b23d.csv
2026-09-18 14:50:24,111 - WARNING - Target CSV missing for PR 5605: camunda_connectors_073b4dd49a8c4a891ae925695138027cb7b07c9d.csv
2026-09-18 14:50:24,111 - WARNING - Base CSV missing for PR 5610: camunda_connectors_5a586e8d753ad3a60170291c19c21f22744669df.csv
2026-09-18 14:50:24,111 - WARNING - Target CSV missing for PR 5610: camunda_connectors_2f76cabbe15870aa6025d409f820637ed967dd67.csv
2026-09-18 14:50:24,111 - WARNING - Base CSV missing for PR 5625: camunda_connectors_4d7bc4518c58e54b4cd3171d6ad4ae889007834c.csv
2026-09-18 14:50:24,111 - WARNING - Target CSV missing for PR 5625: camunda_connectors_57dac13102f29639752dd7d9702659affa769fd8.csv
2026-09-18 14:50:24,111 - WARNING - Base CSV missing for PR 5690: camunda_connectors_9a9740762ce5e2d68b1be490d664b5dda8f33ebb.csv
2026-09-18 14:50:24,111 - WARNING - Target CSV missing for PR 5690: camunda_connectors_edabf534bda8472a095e02639bdf6514e2af4f9b.csv
2026-09-18 14:50:24,111 - WARNING - Base CSV missing for PR 6260: camunda_connectors_98a62babf33b652100f1276d39286808a518425a.csv
2026-09-18 14:50:24,111 - WARNING - Target CSV missing for PR 6260: camunda_connectors_3a6e8df2c6e62d1be259408dc6add82d6854376f.csv
2026-09-18 14:50:24,111 - WARNING - Base CSV missing for PR 122598: elastic_elasticsearch_95f8454e40bbfbb009144fd42fd63db1e03e486c.csv
2026-09-18 14:50:24,111 - WARNING - Target CSV missing for PR 122598: elastic_elasticsearch_f2098e0badc149aff07abcdc625bfa9875099c80.csv
2026-09-18 14:50:24,111 - WARNING - Base CSV missing for PR 129: cyberkaida_reverse-engineering-assistant_0adadf4bdde5b2aae0ef95867afa5b58fbe338ca.csv
2026-09-18 14:50:24,111 - WARNING - Target CSV missing for PR 129: cyberkaida_reverse-engineering-assistant_c0e24b2124bc08a6eeb28c5a8c42f148bb921d3c.csv
2026-09-18 14:50:24,111 - WARNING - Base CSV missing for PR 209: cyberkaida_reverse-engineering-assistant_d7b48edf92a2139be1d2b9576703606d25bff6f6.csv
2026-09-18 14:50:24,111 - WARNING - Target CSV missing for PR 209: cyberkaida_reverse-engineering-assistant_e72143c0be02889ca07142ca837e158fa7f0b17e.csv
2026-09-18 14:50:24,111 - WARNING - Base CSV missing for PR 44408: Azure_azure-sdk-for-java_3334b5ac51b523ff1fabb7632eae3dbff7f4fcfb.csv
2026-09-18 14:50:24,111 - WARNING - Target CSV missing for PR 44408: Azure_azure-sdk-for-java_aa46530fb89a1e0a4b49647451b8a2b3d6178695.csv
2026-09-18 14:50:24,111 - WARNING - Base CSV missing for PR 44621: Azure_azure-sdk-for-java_736d9f5e0754dbf4c0822aec2c1de39725a58cd8.csv
2026-09-18 14:50:24,111 - WARNING - Target CSV missing for PR 44621: Azure_azure-sdk-for-java_6ac0c5e9c520d4ce83b5332ede449d9b5bb7de68.csv
2026-09-18 14:50:24,111 - WARNING - Base CSV missing for PR 44625: Azure_azure-sdk-for-java_848afd24927cec4beed2eb90473d43d13df32390.csv
2026-09-18 14:50:24,111 - WARNING - Target CSV missing for PR 44625: Azure_azure-sdk-for-java_1e4b20b6824ffe3b09bb544f767612d3afde4cc7.csv
2026-09-18 14:50:24,111 - WARNING - Base CSV missing for PR 47769: Azure_azure-sdk-for-java_c3591a77a52a6f78b03ac79e5c5a6a66735acbeb.csv
2026-09-18 14:50:24,111 - WARNING - Target CSV missing for PR 47769: Azure_azure-sdk-for-java_d9d47b63eb699446dc1f870a0511e93d0ce0f7e4.csv
2026-09-18 14:50:24,111 - WARNING - Base CSV missing for PR 125883: elastic_elasticsearch_2aa53064a2a6570e1bef7dcde0df8bfc9340ab8d.csv
2026-09-18 14:50:24,111 - WARNING - Target CSV missing for PR 125883: elastic_elasticsearch_55827946a4ad7e59f1ff9dc2496d63d0850733d9.csv
2026-09-18 14:50:24,111 - WARNING - Base CSV missing for PR 118: amikos-tech_chromadb-java-client_98404fda162f181319adff18e5356c5a000959cc.csv
2026-09-18 14:50:24,111 - WARNING - Target CSV missing for PR 118: amikos-tech_chromadb-java-client_56dc8fba59c3c749b49218fa938be76bdda8651b.csv
2026-09-18 14:50:24,111 - WARNING - Base CSV missing for PR 132: amikos-tech_chromadb-java-client_68392e5b63cb8197e2a78244e2d2a77c303d1505.csv
2026-09-18 14:50:24,111 - WARNING - Target CSV missing for PR 132: amikos-tech_chromadb-java-client_05d04a8338376a044260baec80e35c03576e9597.csv
2026-09-18 14:50:24,111 - WARNING - Base CSV missing for PR 4583: openhab_openhab-core_7b85d6d175f01172e580b9bc64d783aa53a63406.csv
2026-09-18 14:50:24,111 - WARNING - Target CSV missing for PR 4583: openhab_openhab-core_7177759791037b2080eab68dd3d5468c79cf925e.csv
2026-09-18 14:50:24,111 - WARNING - Base CSV missing for PR 6313: camunda_connectors_a98d6315127dfdf8f54d4538d6020f4efd7d9b93.csv
2026-09-18 14:50:24,111 - WARNING - Target CSV missing for PR 6313: camunda_connectors_40f79a0196c3176529a6a875d9847ccc37096c05.csv
2026-09-18 14:50:24,111 - WARNING - Base CSV missing for PR 95: amikos-tech_chromadb-java-client_bb79d204a56df336e33ec17c74276b789a78937f.csv
2026-09-18 14:50:24,111 - WARNING - Target CSV missing for PR 95: amikos-tech_chromadb-java-client_415e27b536495434a5b600b0e9f534f1607ac8c8.csv
2026-09-18 14:50:24,111 - WARNING - Base CSV missing for PR 122584: elastic_elasticsearch_ed3669470e8a4335ca5be5001b6cdcb1a7f913cc.csv
2026-09-18 14:50:24,111 - WARNING - Target CSV missing for PR 122584: elastic_elasticsearch_a5345febe7610d9e573f2f1a4736621329a4c800.csv
2026-09-18 14:50:24,111 - WARNING - Base CSV missing for PR 6411: camunda_connectors_fa30d245030e06c3355ba6bdef37aef6ab535c17.csv
2026-09-18 14:50:24,111 - WARNING - Target CSV missing for PR 6411: camunda_connectors_a75941294b5c55128dd002648d334a6a3c122e0b.csv
2026-09-18 14:50:24,111 - WARNING - Base CSV missing for PR 133: amikos-tech_chromadb-java-client_05d04a8338376a044260baec80e35c03576e9597.csv
2026-09-18 14:50:24,111 - WARNING - Target CSV missing for PR 133: amikos-tech_chromadb-java-client_0a247ea1e5106ef1fcf3cd48c5244527a51e49d3.csv
2026-09-18 14:50:24,111 - WARNING - Base CSV missing for PR 556: ls1intum_Hephaestus_edaace5152a06298739b55e6c78d9ff6d3d85b64.csv
2026-09-18 14:50:24,111 - WARNING - Target CSV missing for PR 556: ls1intum_Hephaestus_c214766e3cc614f0b11340311237ee551f3af668.csv
2026-09-18 14:50:24,111 - WARNING - Base CSV missing for PR 6450: camunda_connectors_9ce5afd4dbf03fc25ac141605980b4008a157555.csv
2026-09-18 14:50:24,111 - WARNING - Target CSV missing for PR 6450: camunda_connectors_a6f985e80b568fd039458b0919a0699a72069785.csv
2026-09-18 14:50:24,111 - WARNING - Base CSV missing for PR 6495: camunda_connectors_6a2857b7c7df2e9ced14b45bb72c836ea74c39d5.csv
2026-09-18 14:50:24,111 - WARNING - Target CSV missing for PR 6495: camunda_connectors_5d4dd27074282e0086d64a8bcc6490867e9dccf9.csv
2026-09-18 14:50:24,111 - WARNING - Base CSV missing for PR 6466: camunda_connectors_40f79a0196c3176529a6a875d9847ccc37096c05.csv
2026-09-18 14:50:24,111 - WARNING - Target CSV missing for PR 6466: camunda_connectors_57fef5d7315a8096ed8939ea8614e9aa28721bb9.csv
2026-09-18 14:50:24,111 - WARNING - Base CSV missing for PR 6468: camunda_connectors_b1b72b0fec05c735cead168395007b8d3d91a542.csv
2026-09-18 14:50:24,111 - WARNING - Target CSV missing for PR 6468: camunda_connectors_64c91797d7128cd409fa35ce1f16c21cb887e212.csv
2026-09-18 14:50:24,111 - WARNING - Base CSV missing for PR 6529: camunda_connectors_f14668c1290eea1f9fd003b30f84cbf6227b437d.csv
2026-09-18 14:50:24,111 - WARNING - Target CSV missing for PR 6529: camunda_connectors_4bf3e71c8d4624d62b59623c4d6533bfddb62d5b.csv
2026-09-18 14:50:24,112 - WARNING - Base CSV missing for PR 127607: elastic_elasticsearch_1965d6c17d4a8441e2ee1c75b4ba8771b51f7e20.csv
2026-09-18 14:50:24,112 - WARNING - Target CSV missing for PR 127607: elastic_elasticsearch_476a31d3e01a5e06995382e1b44744fa15c68d7c.csv
2026-09-18 14:50:24,112 - WARNING - Base CSV missing for PR 127608: elastic_elasticsearch_64628f495e5c5179e1e2ca319d390f70325ee8f7.csv
2026-09-18 14:50:24,112 - WARNING - Target CSV missing for PR 127608: elastic_elasticsearch_8b87b0178724a347d2eba9a3f27bc44bc98a0227.csv
2026-09-18 14:50:24,112 - WARNING - Base CSV missing for PR 6646: camunda_connectors_f14668c1290eea1f9fd003b30f84cbf6227b437d.csv
2026-09-18 14:50:24,112 - WARNING - Target CSV missing for PR 6646: camunda_connectors_0ccaba67a578c58e7deaeb0d7acf3a8be65805ed.csv
2026-09-18 14:50:24,112 - WARNING - Base CSV missing for PR 6687: camunda_connectors_b12387287a44d41e50680f4ee2c9d0a9c2f25170.csv
2026-09-18 14:50:24,112 - WARNING - Target CSV missing for PR 6687: camunda_connectors_f13e35ca96666e329aef097d4b6a0d6fd75a61c2.csv
2026-09-18 14:50:24,112 - WARNING - Base CSV missing for PR 6685: camunda_connectors_c5a0533cb3e467f37010b71ee3322b551f6c5da4.csv
2026-09-18 14:50:24,112 - WARNING - Target CSV missing for PR 6685: camunda_connectors_7856111dbd08b2836ee058a34393b4ceef544e46.csv
2026-09-18 14:50:24,112 - WARNING - Base CSV missing for PR 6658: camunda_connectors_b1b72b0fec05c735cead168395007b8d3d91a542.csv
2026-09-18 14:50:24,112 - WARNING - Target CSV missing for PR 6658: camunda_connectors_b54b981c5a58147ed549fd874a95f0cfb9547db4.csv
2026-09-18 14:50:24,112 - WARNING - Base CSV missing for PR 125918: elastic_elasticsearch_360737b17632220b6db0b677ec191598e138f6a8.csv
2026-09-18 14:50:24,112 - WARNING - Target CSV missing for PR 125918: elastic_elasticsearch_e728d46a600a858a8c31623985295028e8257440.csv
2026-09-18 14:50:24,112 - WARNING - Base CSV missing for PR 6741: camunda_connectors_71ea64f9effbda40fbbffe1d94d599fb66b84588.csv
2026-09-18 14:50:24,112 - WARNING - Target CSV missing for PR 6741: camunda_connectors_605670d341f4ddab94b1a99517995011272f7af7.csv
2026-09-18 14:50:24,112 - WARNING - Base CSV missing for PR 35: foggy-projects_foggy-data-mcp-bridge_c861eb583528898727d336a0aad6d4a2d83e4064.csv
2026-09-18 14:50:24,112 - WARNING - Target CSV missing for PR 35: foggy-projects_foggy-data-mcp-bridge_48a6cd49af9bf66df2feb94cc120ff5233cbd952.csv
2026-09-18 14:50:24,112 - WARNING - Base CSV missing for PR 49: foggy-projects_foggy-data-mcp-bridge_c0deb9effce91a7c5a0224dcd6c24514862c7b5e.csv
2026-09-18 14:50:24,112 - WARNING - Target CSV missing for PR 49: foggy-projects_foggy-data-mcp-bridge_f5f4cf971c91f7d91820562a93cad8ddf8992603.csv
2026-09-18 14:50:24,112 - WARNING - Base CSV missing for PR 53: foggy-projects_foggy-data-mcp-bridge_971d66bd85f65eff16b6b92689c4197c9ea0bcab.csv
2026-09-18 14:50:24,112 - WARNING - Target CSV missing for PR 53: foggy-projects_foggy-data-mcp-bridge_2ee1a36dc0e2b81cf62d37587b6eebed46694307.csv
2026-09-18 14:50:24,112 - WARNING - Base CSV missing for PR 122595: elastic_elasticsearch_da33a03a84d0a3c54eae8b38920746ab0a1d035c.csv
2026-09-18 14:50:24,112 - WARNING - Target CSV missing for PR 122595: elastic_elasticsearch_34a39bafc9de9cb67f11a97212631e178ad0d713.csv
2026-09-18 14:50:24,112 - WARNING - Base CSV missing for PR 4598: openhab_openhab-core_a94908c305e5a095e547057cb9d9560c1497d7cc.csv
2026-09-18 14:50:24,112 - WARNING - Target CSV missing for PR 4598: openhab_openhab-core_b90e87367daf303aad5f10b053413948916291f0.csv
2026-09-18 14:50:24,112 - WARNING - Base CSV missing for PR 125919: elastic_elasticsearch_cfff9628c42301ffbb20b83e64e63f0f3c2e55c5.csv
2026-09-18 14:50:24,112 - WARNING - Target CSV missing for PR 125919: elastic_elasticsearch_b2e939f94fc3ec380e87a695562a7c496714315e.csv
2026-09-18 14:50:24,112 - WARNING - Base CSV missing for PR 6802: camunda_connectors_8f0ccad6891d45a569f8731fc2e74e4de26d4bd2.csv
2026-09-18 14:50:24,112 - WARNING - Target CSV missing for PR 6802: camunda_connectors_3f6ae949f63422bb4d9ee1b7ed1f6e57465e29a3.csv
2026-09-18 14:50:24,112 - WARNING - Base CSV missing for PR 6805: camunda_connectors_aa37d1bea77745387dee2c9fbaaea5c41fea0142.csv
2026-09-18 14:50:24,112 - WARNING - Target CSV missing for PR 6805: camunda_connectors_71ded6e3117389254fa1963e8a7af9a889e94429.csv
2026-09-18 14:50:24,112 - WARNING - Base CSV missing for PR 125921: elastic_elasticsearch_db04c200f0212f346dd8f2f34f58e1eccd600c98.csv
2026-09-18 14:50:24,112 - WARNING - Target CSV missing for PR 125921: elastic_elasticsearch_c5ada664107039a5713ff2da620e52bdf269214a.csv
2026-09-18 14:50:24,112 - WARNING - Base CSV missing for PR 6934: camunda_connectors_9f5ec04612ca98090340daa93f8ac12663893bb1.csv
2026-09-18 14:50:24,112 - WARNING - Target CSV missing for PR 6934: camunda_connectors_7126d9325f055755d187179c7942570e0111a626.csv
2026-09-18 14:50:24,112 - WARNING - Base CSV missing for PR 127166: elastic_elasticsearch_a5f935a352f379d7b68c996f8f33c4fee26e073a.csv
2026-09-18 14:50:24,112 - WARNING - Target CSV missing for PR 127166: elastic_elasticsearch_21813604b4e2f1328877b5dc3bb24f87597e2836.csv
2026-09-18 14:50:24,112 - WARNING - Base CSV missing for PR 6944: camunda_connectors_5bd3c99573031cf900525ba9a380361ba76f2d27.csv
2026-09-18 14:50:24,112 - WARNING - Target CSV missing for PR 6944: camunda_connectors_253b0df5e4de1b293beb88c3501e28a4517ab7e0.csv
2026-09-18 14:50:24,112 - WARNING - Base CSV missing for PR 6945: camunda_connectors_67844366b94c9f2401657e510ad198d11bf6b64d.csv
2026-09-18 14:50:24,112 - WARNING - Target CSV missing for PR 6945: camunda_connectors_472176afd612d4a1a38f34a52fec30fb3bf6a61a.csv
2026-09-18 14:50:24,112 - WARNING - Base CSV missing for PR 7050: camunda_connectors_b18dbbc3d3bf962e45e0e37b61940b9deddd733b.csv
2026-09-18 14:50:24,112 - WARNING - Target CSV missing for PR 7050: camunda_connectors_f3953e055d31384215c1344ef27681f52abc6b8c.csv
2026-09-18 14:50:24,112 - WARNING - Base CSV missing for PR 130946: elastic_elasticsearch_8c4eaf957dcf46a269dacf8b9be8d3aa0cb422f0.csv
2026-09-18 14:50:24,112 - WARNING - Target CSV missing for PR 130946: elastic_elasticsearch_3a5c74f04d039fae1777892cfad7a74184fd1a97.csv
2026-09-18 14:50:24,112 - WARNING - Base CSV missing for PR 397: ls1intum_Hephaestus_7e1e30c61f5737b840f24f4c08ef9118e4906eb9.csv
2026-09-18 14:50:24,112 - WARNING - Target CSV missing for PR 397: ls1intum_Hephaestus_59f1f418d1b78d53712de6360f180cfc175e50bd.csv
2026-09-18 14:50:24,112 - WARNING - Base CSV missing for PR 7070: camunda_connectors_7205fde9331f0eba2ecf4c7456f9c907f09f174d.csv
2026-09-18 14:50:24,112 - WARNING - Target CSV missing for PR 7070: camunda_connectors_c99eb1ffee2f98c850d08c26e1e59cd2878dc0e9.csv
2026-09-18 14:50:24,112 - WARNING - Base CSV missing for PR 125933: elastic_elasticsearch_40dd91b800006bc7717f1e9f08fc4a09a1350ffa.csv
2026-09-18 14:50:24,112 - WARNING - Target CSV missing for PR 125933: elastic_elasticsearch_52d68392d021369028a17fc7416642663106e4dd.csv
2026-09-18 14:50:24,112 - WARNING - Base CSV missing for PR 127169: elastic_elasticsearch_b2529edd509583e8b60afee47ce79e598728c77f.csv
2026-09-18 14:50:24,112 - WARNING - Target CSV missing for PR 127169: elastic_elasticsearch_65c6ea6ab1b686fbc2198230ee7462db76e07cc7.csv
2026-09-18 14:50:24,112 - WARNING - Base CSV missing for PR 4049: camunda_connectors_4ae6c4e3026768e2a94cc9e69eb18bc0acd0b2cd.csv
2026-09-18 14:50:24,112 - WARNING - Target CSV missing for PR 4049: camunda_connectors_634746884f5e1e3e489e3735cc023b9eb092e0e8.csv
2026-09-18 14:50:24,112 - WARNING - Base CSV missing for PR 4976: camunda_connectors_b8d50157398038856473a87af6483df6c05b42e8.csv
2026-09-18 14:50:24,112 - WARNING - Target CSV missing for PR 4976: camunda_connectors_99e00f131cc8c4613055b0bd56c91f62169ae31c.csv
2026-09-18 14:50:24,112 - WARNING - Base CSV missing for PR 129564: elastic_elasticsearch_d729fc1db9aabedbd662618c2bb13de3a31fd2fc.csv
2026-09-18 14:50:24,112 - WARNING - Target CSV missing for PR 129564: elastic_elasticsearch_90c24d06e7cb91a8df85873dabd175196e33135a.csv
2026-09-18 14:50:24,113 - WARNING - Base CSV missing for PR 35946: apache_shardingsphere_0d87ae51628587d26e4539feac9345bf6a12f655.csv
2026-09-18 14:50:24,113 - WARNING - Target CSV missing for PR 35946: apache_shardingsphere_7152eccf07e1b277aed596ca023db9d5b70d1c20.csv
2026-09-18 14:50:24,113 - WARNING - Base CSV missing for PR 53: Cloud-Solutions-International_antikythera_6401bd6092283a1a797e3b9aa03dac637f21d716.csv
2026-09-18 14:50:24,113 - WARNING - Target CSV missing for PR 53: Cloud-Solutions-International_antikythera_ceec7bb14382f024af1e38ba59288da24b7b90c8.csv
2026-09-18 14:50:24,113 - WARNING - Base CSV missing for PR 768: ls1intum_Hephaestus_7234af429a4efc36cefae47f2b6253404c13906e.csv
2026-09-18 14:50:24,113 - WARNING - Target CSV missing for PR 768: ls1intum_Hephaestus_354a010f3b7f088dde9d5ffe8b7d7d738019095b.csv
2026-09-18 14:50:24,113 - WARNING - Base CSV missing for PR 103: Cloud-Solutions-International_antikythera_624dfe727224e4026661fb0b3c0deda83c46f3da.csv
2026-09-18 14:50:24,113 - WARNING - Target CSV missing for PR 103: Cloud-Solutions-International_antikythera_9a65a67c03b3813e3a224a6fd72db4eba6a08963.csv
2026-09-18 14:50:24,113 - WARNING - Base CSV missing for PR 104: Cloud-Solutions-International_antikythera_0dc4831d3080790a5512f502f26eba81c5d2007b.csv
2026-09-18 14:50:24,113 - WARNING - Target CSV missing for PR 104: Cloud-Solutions-International_antikythera_d0d2dc1c63108c801e8735142385a30071a22777.csv
2026-09-18 14:50:24,113 - WARNING - Base CSV missing for PR 133: Cloud-Solutions-International_antikythera_b6262f57539c5ae695ace0cfce5a16c248b8483d.csv
2026-09-18 14:50:24,113 - WARNING - Target CSV missing for PR 133: Cloud-Solutions-International_antikythera_49e2e44efed01b7d3f3a7ab9e6ca7dccb2f7b940.csv
2026-09-18 14:50:24,113 - WARNING - Base CSV missing for PR 134: Cloud-Solutions-International_antikythera_49e2e44efed01b7d3f3a7ab9e6ca7dccb2f7b940.csv
2026-09-18 14:50:24,113 - WARNING - Target CSV missing for PR 134: Cloud-Solutions-International_antikythera_6c139aeeea5473f350305908546ca8c5719d47f0.csv
2026-09-18 14:50:24,113 - WARNING - Base CSV missing for PR 135: Cloud-Solutions-International_antikythera_6c139aeeea5473f350305908546ca8c5719d47f0.csv
2026-09-18 14:50:24,113 - WARNING - Target CSV missing for PR 135: Cloud-Solutions-International_antikythera_87190c93cd70b78a4e17a90b7eb84ed2a40efd64.csv
2026-09-18 14:50:24,113 - WARNING - Base CSV missing for PR 137: Cloud-Solutions-International_antikythera_87190c93cd70b78a4e17a90b7eb84ed2a40efd64.csv
2026-09-18 14:50:24,113 - WARNING - Target CSV missing for PR 137: Cloud-Solutions-International_antikythera_54241e42ccaed62b9bf75f346e9b0e8c250aeeda.csv
2026-09-18 14:50:24,113 - WARNING - Base CSV missing for PR 812: ls1intum_Hephaestus_7a2421a12b675a04bb0312b06578736b09bc7df5.csv
2026-09-18 14:50:24,113 - WARNING - Target CSV missing for PR 812: ls1intum_Hephaestus_3c5aaf1a7fa31b90d5685f4f59913bfefda1c3e7.csv
2026-09-18 14:50:24,113 - WARNING - Base CSV missing for PR 127186: elastic_elasticsearch_4f506d47a5c2b3148ec7bca851593708c6adb730.csv
2026-09-18 14:50:24,113 - WARNING - Target CSV missing for PR 127186: elastic_elasticsearch_76c2ab58c0a1f8c3a3b76244f1d979d4a6316ffa.csv
2026-09-18 14:50:24,113 - WARNING - Base CSV missing for PR 869: ls1intum_Hephaestus_eb1b810cbb84956a62f50bd33a85266e6f7951cf.csv
2026-09-18 14:50:24,113 - WARNING - Target CSV missing for PR 869: ls1intum_Hephaestus_5aacb3e0f5a058c6f78ffbea28019f3f2f28ae71.csv
2026-09-18 14:50:24,113 - WARNING - Base CSV missing for PR 910: ls1intum_Hephaestus_1399f58e09c9545dc59933bd1231bb82c12b95ad.csv
2026-09-18 14:50:24,113 - WARNING - Target CSV missing for PR 910: ls1intum_Hephaestus_1e46f86fafa71c0305425d5676c63243d8180d52.csv
2026-09-18 14:50:24,113 - WARNING - Base CSV missing for PR 917: ls1intum_Hephaestus_e5a15b299b9b925d6fe788f450e1d7c945682f0c.csv
2026-09-18 14:50:24,113 - WARNING - Target CSV missing for PR 917: ls1intum_Hephaestus_51d3ca065aa09d03623f759fe8c76904084c2429.csv
2026-09-18 14:50:24,113 - WARNING - Base CSV missing for PR 757: MetricsHub_metricshub-community_4302a87c1d0e66625d2d02081274ab3ebf2447ad.csv
2026-09-18 14:50:24,113 - WARNING - Target CSV missing for PR 757: MetricsHub_metricshub-community_4e4e965adc4fd2fba72c049e80c078a13e2eddd2.csv
2026-09-18 14:50:24,113 - WARNING - Base CSV missing for PR 38525: apache_shardingsphere_d9989c79e6952bfd582be9c29ed8251743f5fb80.csv
2026-09-18 14:50:24,113 - WARNING - Target CSV missing for PR 38525: apache_shardingsphere_ca8fb339aadf95307696dc1c7237e5de253de19c.csv
2026-09-18 14:50:24,113 - WARNING - Base CSV missing for PR 1065: MetricsHub_metricshub-community_cfb5b1a4f83c1b3b6b7c502244fe6806923bda8f.csv
2026-09-18 14:50:24,113 - WARNING - Target CSV missing for PR 1065: MetricsHub_metricshub-community_03ecc03de29d729a8450fb2c3d9417971b1e8d61.csv
2026-09-18 14:50:24,113 - WARNING - Base CSV missing for PR 955: MetricsHub_metricshub-community_22feef758637e501dd40eb9c9b471ff2d820ca6e.csv
2026-09-18 14:50:24,113 - WARNING - Target CSV missing for PR 955: MetricsHub_metricshub-community_3d40ec0ce34c9599cdaeb86cac9262a598092a5a.csv
2026-09-18 14:50:24,113 - WARNING - Base CSV missing for PR 124997: elastic_elasticsearch_0c7ccb6e157e38f7a7021d50390d6f7cbe3ca2b6.csv
2026-09-18 14:50:24,113 - WARNING - Target CSV missing for PR 124997: elastic_elasticsearch_adbcc1115fc060d9b2258c999b7e1c106cdd16d7.csv
2026-09-18 14:50:24,113 - WARNING - Base CSV missing for PR 46517: camunda_camunda_695c2f45d0b8c15e9a6767615dfb90eff8012ee9.csv
2026-09-18 14:50:24,113 - WARNING - Target CSV missing for PR 46517: camunda_camunda_df73d8c811cc3ead09147f59c4343d493d044855.csv
2026-09-18 14:50:24,113 - WARNING - Base CSV missing for PR 966: MetricsHub_metricshub-community_91eaa5d1ec853b8bbbdd72ab520aada67f597877.csv
2026-09-18 14:50:24,113 - WARNING - Target CSV missing for PR 966: MetricsHub_metricshub-community_9fc70be477a49a19ffe70119e3c235037e7cc6e2.csv
2026-09-18 14:50:24,113 - WARNING - Base CSV missing for PR 1022: MetricsHub_metricshub-community_a189c5cd755799db04a4266c94032725b633c806.csv
2026-09-18 14:50:24,113 - WARNING - Target CSV missing for PR 1022: MetricsHub_metricshub-community_6377b2f270b53a9d663a9756f74267a142d1ef38.csv
2026-09-18 14:50:24,113 - WARNING - Base CSV missing for PR 1023: MetricsHub_metricshub-community_9e56084585df20d18d89d3cddd33f5d283b40967.csv
2026-09-18 14:50:24,113 - WARNING - Target CSV missing for PR 1023: MetricsHub_metricshub-community_b3f24b72dcf4c7d7e4060b411a2691ebb28fcada.csv
2026-09-18 14:50:24,113 - WARNING - Base CSV missing for PR 1025: MetricsHub_metricshub-community_8b0dda9419b0753f4929fd55685604fb07896521.csv
2026-09-18 14:50:24,113 - WARNING - Target CSV missing for PR 1025: MetricsHub_metricshub-community_f314923937eaaa08fad8514ab1c1ccab0d21a29d.csv
2026-09-18 14:50:24,113 - WARNING - Base CSV missing for PR 1026: MetricsHub_metricshub-community_b3f24b72dcf4c7d7e4060b411a2691ebb28fcada.csv
2026-09-18 14:50:24,113 - WARNING - Target CSV missing for PR 1026: MetricsHub_metricshub-community_1ac6809ec153da0bd5f0057acb051ef5d9041af7.csv
2026-09-18 14:50:24,113 - WARNING - Base CSV missing for PR 125934: elastic_elasticsearch_fd6ae3dfae11e17fd679f37d3242824c08499920.csv
2026-09-18 14:50:24,113 - WARNING - Target CSV missing for PR 125934: elastic_elasticsearch_6048d26990c8f7576b82a03d52fca8b42195c01a.csv
2026-09-18 14:50:24,113 - WARNING - Base CSV missing for PR 568: MetricsHub_metricshub-community_0ad28a2f8c1b2b08d69359bee4124fb73ad4fdea.csv
2026-09-18 14:50:24,113 - WARNING - Target CSV missing for PR 568: MetricsHub_metricshub-community_d34e799451db1013ea6842bba0ce362df777f90e.csv
2026-09-18 14:50:24,113 - WARNING - Base CSV missing for PR 630: MetricsHub_metricshub-community_7ae812413ff8b602e4e74ff40a8dc14c761d170a.csv
2026-09-18 14:50:24,113 - WARNING - Target CSV missing for PR 630: MetricsHub_metricshub-community_7a2eeb54ff360be1b40094791a71a46406548f07.csv
2026-09-18 14:50:24,113 - WARNING - Base CSV missing for PR 132428: elastic_elasticsearch_eb4e1061bb9063721b226836b41ff39826a48afd.csv
2026-09-18 14:50:24,113 - WARNING - Target CSV missing for PR 132428: elastic_elasticsearch_6ab73a1541568d1f2f3604a2c1d1e3aa81b247bd.csv
2026-09-18 14:50:24,114 - WARNING - Base CSV missing for PR 125935: elastic_elasticsearch_dd192cb82e03a634293f15fc4cca82996df88cef.csv
2026-09-18 14:50:24,114 - WARNING - Target CSV missing for PR 125935: elastic_elasticsearch_265a3d1c0a74dab2eff8ee944b90038df67b44f5.csv
2026-09-18 14:50:24,114 - WARNING - Base CSV missing for PR 670: MetricsHub_metricshub-community_eac84f0996f6be7ac1cb047b5a9c006d0a52ae2b.csv
2026-09-18 14:50:24,114 - WARNING - Target CSV missing for PR 670: MetricsHub_metricshub-community_244875772ff733bd0cb866e69ed332a55fae5810.csv
2026-09-18 14:50:24,114 - WARNING - Base CSV missing for PR 681: MetricsHub_metricshub-community_62d2ec876f8ec6d34fc1a08e86a4a2c02a4dd965.csv
2026-09-18 14:50:24,114 - WARNING - Target CSV missing for PR 681: MetricsHub_metricshub-community_c42edbf37269eae28dd9eab31f95df389b1d09bd.csv
2026-09-18 14:50:24,114 - WARNING - Base CSV missing for PR 979: ls1intum_Hephaestus_512ba775b1e32f3c1804cc4bbfa929783b96f978.csv
2026-09-18 14:50:24,114 - WARNING - Target CSV missing for PR 979: ls1intum_Hephaestus_f45f605604d50ecae6b0b3dd8bb18337d992d106.csv
2026-09-18 14:50:24,114 - WARNING - Base CSV missing for PR 34: TashaKaslana_Zenflow_3c10c50886d92f7d0b95aa3e7b943d5e3365d05d.csv
2026-09-18 14:50:24,114 - WARNING - Target CSV missing for PR 34: TashaKaslana_Zenflow_53cd3652ba0f83f039e76c4f9f3c719196ad10a1.csv
2026-09-18 14:50:24,114 - WARNING - Base CSV missing for PR 540: ls1intum_Hephaestus_e55de12184b5d98097c2258a9f2cf12f1c952bbc.csv
2026-09-18 14:50:24,114 - WARNING - Target CSV missing for PR 540: ls1intum_Hephaestus_c5f7d24e6cfaa36db5b8094418b5ac1204dba401.csv
2026-09-18 14:50:24,114 - WARNING - Base CSV missing for PR 541: ls1intum_Hephaestus_e1ea8e0c0f76ad7166fb668aa41a80ae49178fad.csv
2026-09-18 14:50:24,114 - WARNING - Target CSV missing for PR 541: ls1intum_Hephaestus_93d0c7d99a85f63baa27d3815754d9a42fb8f684.csv
2026-09-18 14:50:24,114 - WARNING - Base CSV missing for PR 1258: micronaut-projects_micronaut-kafka_a5f6d1d37e4d854a32a2bdd765ac8873b9a4cd72.csv
2026-09-18 14:50:24,114 - WARNING - Target CSV missing for PR 1258: micronaut-projects_micronaut-kafka_e9b6f7d388d211bcb44f3552722fe9b4df323c54.csv
2026-09-18 14:50:24,114 - WARNING - Base CSV missing for PR 1308: micronaut-projects_micronaut-kafka_07ebfde4b0ad748200482d75c8ff6fe6e0b20d18.csv
2026-09-18 14:50:24,114 - WARNING - Target CSV missing for PR 1308: micronaut-projects_micronaut-kafka_58038b4ef145faba00c8a34d6f276a38425cf660.csv
2026-09-18 14:50:24,114 - WARNING - Base CSV missing for PR 679: ls1intum_Hephaestus_c6f3bfd15755fd085b45fc711942f40388247959.csv
2026-09-18 14:50:24,114 - WARNING - Target CSV missing for PR 679: ls1intum_Hephaestus_cdcabda76dfb6cb67e9f256a18486d4fb77350d6.csv
2026-09-18 14:50:24,114 - WARNING - Base CSV missing for PR 836: ls1intum_Hephaestus_61c13ac8bc7109a99f5f8e14f154be81891f297b.csv
2026-09-18 14:50:24,114 - WARNING - Target CSV missing for PR 836: ls1intum_Hephaestus_8fed311f3a767828e353ff195fe0e262e76e5665.csv
2026-09-18 14:50:24,114 - WARNING - Base CSV missing for PR 838: ls1intum_Hephaestus_b8c0e65f74cce00b202dcc5f3d33b418f3f127f7.csv
2026-09-18 14:50:24,114 - WARNING - Target CSV missing for PR 838: ls1intum_Hephaestus_8b15ac15257ed7574f1a3ec6dd7ccedc39b25a7b.csv
2026-09-18 14:50:24,114 - WARNING - Base CSV missing for PR 994: ls1intum_Hephaestus_fe0a5ff67dcc726f4ecd55905651246c27952f39.csv
2026-09-18 14:50:24,114 - WARNING - Target CSV missing for PR 994: ls1intum_Hephaestus_f85335fc9e72ab393e7369c019a293edcb748f03.csv
2026-09-18 14:50:24,114 - WARNING - Base CSV missing for PR 175: bright-room_feature-flag-spring-boot-starter_58fa753282710bb0daae00e695cc062dcf66f581.csv
2026-09-18 14:50:24,114 - WARNING - Target CSV missing for PR 175: bright-room_feature-flag-spring-boot-starter_81ee0b9a9a09d67a102adbaeb9100dab167b35d9.csv
2026-09-18 14:50:24,114 - WARNING - Base CSV missing for PR 15: bright-room_feature-flag-spring-boot-starter_31d8f5d37560d3de8e6db56e529c7f368417b910.csv
2026-09-18 14:50:24,114 - WARNING - Target CSV missing for PR 15: bright-room_feature-flag-spring-boot-starter_24fbfb6d1db52e268396cde309e52f4b0eb52aac.csv
2026-09-18 14:50:24,114 - WARNING - Base CSV missing for PR 7: bright-room_feature-flag-spring-boot-starter_07fdc8857c3dfce7954f73959bb8007e8c019915.csv
2026-09-18 14:50:24,114 - WARNING - Target CSV missing for PR 7: bright-room_feature-flag-spring-boot-starter_bc5ba386a0ff4ba715925a4e0fc807439754260b.csv
2026-09-18 14:50:24,114 - WARNING - Base CSV missing for PR 70: ddumaa_tracking_system_89b2c782197aa8b49c4349256496e8dab6f9b217.csv
2026-09-18 14:50:24,114 - WARNING - Target CSV missing for PR 70: ddumaa_tracking_system_4588930b78667c7f85b867859a97d441df203da6.csv
2026-09-18 14:50:24,114 - WARNING - Base CSV missing for PR 87: ddumaa_tracking_system_fae589dd8c70c37d5c7e87bf9286998921a7132d.csv
2026-09-18 14:50:24,114 - WARNING - Target CSV missing for PR 87: ddumaa_tracking_system_8dc3f8cc23b8c84f1fb8ebedbf565efdb911bc37.csv
2026-09-18 14:50:24,114 - WARNING - Base CSV missing for PR 122626: elastic_elasticsearch_370d0e425e30f1c2ec7d249d1cc69d2ae3d855c4.csv
2026-09-18 14:50:24,114 - WARNING - Target CSV missing for PR 122626: elastic_elasticsearch_5d6ed6fec7e321c2b182ed11b870cdad04604067.csv
2026-09-18 14:50:24,114 - WARNING - Base CSV missing for PR 173: bright-room_feature-flag-spring-boot-starter_146e2cd1208df362f41f58f514018eb3b3797470.csv
2026-09-18 14:50:24,114 - WARNING - Target CSV missing for PR 173: bright-room_feature-flag-spring-boot-starter_e86cc1749fcef121d2aa68dcda3bef82ffc9c558.csv
2026-09-18 14:50:24,114 - WARNING - Base CSV missing for PR 127623: elastic_elasticsearch_097f2fa831f847003fa3d0c9c3ff798be13e93e8.csv
2026-09-18 14:50:24,114 - WARNING - Target CSV missing for PR 127623: elastic_elasticsearch_8c1861998545de7ffa82f3cd49378da2d7b03361.csv
2026-09-18 14:50:24,114 - WARNING - Base CSV missing for PR 41666: camunda_camunda_c599f40a3d3a3f0bc082243bf01aa6b81c3d8823.csv
2026-09-18 14:50:24,114 - WARNING - Target CSV missing for PR 41666: camunda_camunda_4b23739d3ee943115a60e60253881a74cd2c4aeb.csv
2026-09-18 14:50:24,114 - WARNING - Base CSV missing for PR 707: MetricsHub_metricshub-community_bd4c3b549adf782aa1d1e55c23766f2c6122f642.csv
2026-09-18 14:50:24,114 - WARNING - Target CSV missing for PR 707: MetricsHub_metricshub-community_490f96a0ccc9e14aad8ab2290392d3cb03bc158e.csv
2026-09-18 14:50:24,114 - WARNING - Base CSV missing for PR 127627: elastic_elasticsearch_655e3ce1310196a95b154773106699d36d9fc8cb.csv
2026-09-18 14:50:24,114 - WARNING - Target CSV missing for PR 127627: elastic_elasticsearch_fb0f93cdece00d6452d56cca945c347bdda8a07f.csv
2026-09-18 14:50:24,114 - WARNING - Base CSV missing for PR 122627: elastic_elasticsearch_0668078e3eba2d0295ec1a3a35dc0d42c0ed1f6d.csv
2026-09-18 14:50:24,114 - WARNING - Target CSV missing for PR 122627: elastic_elasticsearch_eed39509b3f6113fe4f815d4cce7318aacea3dfa.csv
2026-09-18 14:50:24,114 - WARNING - Base CSV missing for PR 228: bright-room_feature-flag-spring-boot-starter_3f0b8c66f568ec2a0faab8a49c6f801e76e1bb5c.csv
2026-09-18 14:50:24,114 - WARNING - Target CSV missing for PR 228: bright-room_feature-flag-spring-boot-starter_5a256fc42d7c655d93c54540f4eacf2dff94b22c.csv
2026-09-18 14:50:24,114 - WARNING - Base CSV missing for PR 122628: elastic_elasticsearch_cc8404a6de46fbc5788101c34976efe2bcab9543.csv
2026-09-18 14:50:24,114 - WARNING - Target CSV missing for PR 122628: elastic_elasticsearch_3aca3c98f0662ccda0f48778dfddd9e3f6505625.csv
2026-09-18 14:50:24,114 - WARNING - Base CSV missing for PR 827: MetricsHub_metricshub-community_ed9e3c163c3f06e3f98334a58655332f3cd85662.csv
2026-09-18 14:50:24,114 - WARNING - Target CSV missing for PR 827: MetricsHub_metricshub-community_918d7b2132133eeb00d11d974e145a0787acbe96.csv
2026-09-18 14:50:24,114 - WARNING - Base CSV missing for PR 126: ddumaa_tracking_system_67be8d9929f72764a54b370e751f79a43d0544c2.csv
2026-09-18 14:50:24,114 - WARNING - Target CSV missing for PR 126: ddumaa_tracking_system_dfac09894c72fda7c7ac24b7e88ea9cbe0281606.csv
2026-09-18 14:50:24,115 - WARNING - Base CSV missing for PR 123: ddumaa_tracking_system_0ab31cfb8c9d31013e0d4b99b2f2d8a180963b5d.csv
2026-09-18 14:50:24,115 - WARNING - Target CSV missing for PR 123: ddumaa_tracking_system_a69d8241f41378e78fb3a3cf566d50145f177c07.csv
2026-09-18 14:50:24,115 - WARNING - Base CSV missing for PR 127175: elastic_elasticsearch_9f070146dd7b8ca71d612c16ce319991fd8251e2.csv
2026-09-18 14:50:24,115 - WARNING - Target CSV missing for PR 127175: elastic_elasticsearch_d5e24df35adf9af453e94807c43eee960a934cd2.csv
2026-09-18 14:50:24,115 - WARNING - Base CSV missing for PR 1109: MetricsHub_metricshub-community_41a90c3e84dbbd78f88e7b999d1afa01b79a22f8.csv
2026-09-18 14:50:24,115 - WARNING - Target CSV missing for PR 1109: MetricsHub_metricshub-community_61b97ced3cb78b7f90a0763a503a5f24df20a0c5.csv
2026-09-18 14:50:24,115 - WARNING - Base CSV missing for PR 127642: elastic_elasticsearch_4a46d6aa88ad342382ca19ab05c36fdc4e734fae.csv
2026-09-18 14:50:24,115 - WARNING - Target CSV missing for PR 127642: elastic_elasticsearch_ed052b044eb65d1fa90aeaed36e64fe90a4cfc76.csv
2026-09-18 14:50:24,115 - WARNING - Base CSV missing for PR 1111: MetricsHub_metricshub-community_5cb1edba3c60dc708a1758e57075bf4ad70ec33c.csv
2026-09-18 14:50:24,115 - WARNING - Target CSV missing for PR 1111: MetricsHub_metricshub-community_047d5a639a4a668c1342a190685fce6da6c74491.csv
2026-09-18 14:50:24,115 - WARNING - Base CSV missing for PR 122621: elastic_elasticsearch_e89017f58778280a07df389c163bf0465faa010f.csv
2026-09-18 14:50:24,115 - WARNING - Target CSV missing for PR 122621: elastic_elasticsearch_cb3840aa5934be13a5ccb3fbf54433e7b5e3f909.csv
2026-09-18 14:50:24,115 - WARNING - Base CSV missing for PR 1131: MetricsHub_metricshub-community_b731619380e6c56ad14660c2c3e5e0a3e9574244.csv
2026-09-18 14:50:24,115 - WARNING - Target CSV missing for PR 1131: MetricsHub_metricshub-community_eab618a2aadf5cc07d9d8b43594e412beb747dbf.csv
2026-09-18 14:50:24,115 - WARNING - Base CSV missing for PR 326: ddumaa_tracking_system_31a51e33832907316208548298ebd2b1418173c3.csv
2026-09-18 14:50:24,115 - WARNING - Target CSV missing for PR 326: ddumaa_tracking_system_3a100613e17e956c74ea1c15cacec8deb2acf3c1.csv
2026-09-18 14:50:24,115 - WARNING - Base CSV missing for PR 125004: elastic_elasticsearch_adbcc1115fc060d9b2258c999b7e1c106cdd16d7.csv
2026-09-18 14:50:24,115 - WARNING - Target CSV missing for PR 125004: elastic_elasticsearch_296c7f522533b4b4d04b1b6df07b7b4c690dadb4.csv
2026-09-18 14:50:24,115 - WARNING - Base CSV missing for PR 355: ddumaa_tracking_system_d04b3ec11442f259d769ada8c9652a206216de41.csv
2026-09-18 14:50:24,115 - WARNING - Target CSV missing for PR 355: ddumaa_tracking_system_e8fb5762c9b52ea3cd2bf3f436c0939861e39c09.csv
2026-09-18 14:50:24,115 - WARNING - Base CSV missing for PR 239: KirjaSwappi_kirjaswappi-backend_fe29e8072df3e89a4a808c3cde7248b3ea06a2b0.csv
2026-09-18 14:50:24,115 - WARNING - Target CSV missing for PR 239: KirjaSwappi_kirjaswappi-backend_510cdf5075781d1ab624a2d9804ba37ef7d87fc8.csv
2026-09-18 14:50:24,115 - WARNING - Base CSV missing for PR 243: KirjaSwappi_kirjaswappi-backend_6f99396a2f12da191a8e4386d133fcaf8e941f43.csv
2026-09-18 14:50:24,115 - WARNING - Target CSV missing for PR 243: KirjaSwappi_kirjaswappi-backend_de57da46c4ceb3174c085c9dbf2b7eba9c1645a3.csv
2026-09-18 14:50:24,115 - WARNING - Base CSV missing for PR 45058: Azure_azure-sdk-for-java_8a1f41e8c72c7f8b148cead74a2a6efeb8a614b5.csv
2026-09-18 14:50:24,115 - WARNING - Target CSV missing for PR 45058: Azure_azure-sdk-for-java_bae461686d5b26a99b1e001162af180714bc5175.csv
2026-09-18 14:50:24,115 - WARNING - Base CSV missing for PR 45099: Azure_azure-sdk-for-java_fb649c22db83de46ea1d7f0c50afd328d7570e56.csv
2026-09-18 14:50:24,115 - WARNING - Target CSV missing for PR 45099: Azure_azure-sdk-for-java_81e06f24b99250165fa0c2591ab9bc9a95a654c6.csv
2026-09-18 14:50:24,115 - WARNING - Base CSV missing for PR 153: KirjaSwappi_kirjaswappi-backend_4dea2785e0d410624b0f2efb2d189315178ad409.csv
2026-09-18 14:50:24,115 - WARNING - Target CSV missing for PR 153: KirjaSwappi_kirjaswappi-backend_eab08c331ec506ea1dc3993b296b9cd4f746d87f.csv
2026-09-18 14:50:24,115 - WARNING - Base CSV missing for PR 170: KirjaSwappi_kirjaswappi-backend_cc5b5aec61cbd5ee3af6cb5878dada8fdfdd23f8.csv
2026-09-18 14:50:24,115 - WARNING - Target CSV missing for PR 170: KirjaSwappi_kirjaswappi-backend_cc0a0ff9ae5afa79b55a55e6bc8b5d0a631ab30c.csv
2026-09-18 14:50:24,115 - WARNING - Base CSV missing for PR 122644: elastic_elasticsearch_9dedcf7ebc3ee5e9e4411b54d672c60c72e01386.csv
2026-09-18 14:50:24,115 - WARNING - Target CSV missing for PR 122644: elastic_elasticsearch_4de82448c857c2c02080c26c4ec1fc42b12e47cc.csv
2026-09-18 14:50:24,115 - WARNING - Base CSV missing for PR 45503: Azure_azure-sdk-for-java_ccb5f4b3a6890e565b897f592b0fbe04c708bc12.csv
2026-09-18 14:50:24,115 - WARNING - Target CSV missing for PR 45503: Azure_azure-sdk-for-java_19b3e4081e124d8e986b2a7f615e363213f1f2da.csv
2026-09-18 14:50:24,115 - WARNING - Base CSV missing for PR 436: ddumaa_tracking_system_670484a14d2a9abf7f0b2c01512bb9d81d62e65e.csv
2026-09-18 14:50:24,115 - WARNING - Target CSV missing for PR 436: ddumaa_tracking_system_bad5b629a2a884ea83843a97f8811205b5508c27.csv
2026-09-18 14:50:24,115 - WARNING - Base CSV missing for PR 127176: elastic_elasticsearch_c272dda9ed485aa6af872c3387e711d93c8268e2.csv
2026-09-18 14:50:24,115 - WARNING - Target CSV missing for PR 127176: elastic_elasticsearch_a86f070a03bddf44dc42e9eb99cc252284bc771f.csv
2026-09-18 14:50:24,115 - WARNING - Base CSV missing for PR 127177: elastic_elasticsearch_9f070146dd7b8ca71d612c16ce319991fd8251e2.csv
2026-09-18 14:50:24,115 - WARNING - Target CSV missing for PR 127177: elastic_elasticsearch_1698956e0c3aa614517f1aac4c2b3d5c2eef075f.csv
2026-09-18 14:50:24,115 - WARNING - Base CSV missing for PR 314: KirjaSwappi_kirjaswappi-backend_39f6838f3b3293737344dc746e3b8b9eafcb48fc.csv
2026-09-18 14:50:24,115 - WARNING - Target CSV missing for PR 314: KirjaSwappi_kirjaswappi-backend_30e1c51da3045711fd6fe766d697d530daa36cb3.csv
2026-09-18 14:50:24,115 - WARNING - Base CSV missing for PR 122631: elastic_elasticsearch_e15b32a39f10a702fc781325fb2edb1f0fe54a75.csv
2026-09-18 14:50:24,115 - WARNING - Target CSV missing for PR 122631: elastic_elasticsearch_953b3f0d95169645e23346dbdec371240b2c8e88.csv
2026-09-18 14:50:24,115 - WARNING - Base CSV missing for PR 122632: elastic_elasticsearch_13c511c7cd768d6a35d49820e1b22e797794217a.csv
2026-09-18 14:50:24,115 - WARNING - Target CSV missing for PR 122632: elastic_elasticsearch_55ac92975e6ec0d714cfaa80d2d4a883bed9b78e.csv
2026-09-18 14:50:24,115 - WARNING - Base CSV missing for PR 331: KirjaSwappi_kirjaswappi-backend_8436ca4afd822c1a316c44c005321d9e33ddfd52.csv
2026-09-18 14:50:24,115 - WARNING - Target CSV missing for PR 331: KirjaSwappi_kirjaswappi-backend_0530c52da44ffa372cd9ddfb83b6034b9ae98415.csv
2026-09-18 14:50:24,115 - WARNING - Base CSV missing for PR 329: KirjaSwappi_kirjaswappi-backend_b1d1e541a24cb29e7c57b1f42aa321ef73070283.csv
2026-09-18 14:50:24,115 - WARNING - Target CSV missing for PR 329: KirjaSwappi_kirjaswappi-backend_2821981c29540fab2a4af7c4c393bcf4c7c66dbf.csv
2026-09-18 14:50:24,115 - WARNING - Base CSV missing for PR 126543: elastic_elasticsearch_78ac5d58efa010ba45327fd2dea9179f971b24b8.csv
2026-09-18 14:50:24,115 - WARNING - Target CSV missing for PR 126543: elastic_elasticsearch_424a2572daa54c5328e3834cac0c7550f689f2cf.csv
2026-09-18 14:50:24,115 - WARNING - Base CSV missing for PR 642: ddumaa_tracking_system_fb36666f74de7b7a246af8dbcf737ce1ad2aaed0.csv
2026-09-18 14:50:24,115 - WARNING - Target CSV missing for PR 642: ddumaa_tracking_system_0bc75069bbf4048e119c6c727b97a8790161e4e9.csv
2026-09-18 14:50:24,115 - WARNING - Base CSV missing for PR 127178: elastic_elasticsearch_b2da02d6cd3a79bb1ed4134c6824cda617a58c2d.csv
2026-09-18 14:50:24,115 - WARNING - Target CSV missing for PR 127178: elastic_elasticsearch_5ab5426c8c36bfb1520430ae3a82495ca2ec719b.csv
2026-09-18 14:50:24,115 - WARNING - Base CSV missing for PR 665: ddumaa_tracking_system_cc5666a5abfcff1fae272620cd20b900b802750d.csv
2026-09-18 14:50:24,116 - WARNING - Target CSV missing for PR 665: ddumaa_tracking_system_9c1b13cec94da1cb6f93e1380e4568289cfb295a.csv
2026-09-18 14:50:24,116 - WARNING - Base CSV missing for PR 666: ddumaa_tracking_system_9c1b13cec94da1cb6f93e1380e4568289cfb295a.csv
2026-09-18 14:50:24,116 - WARNING - Target CSV missing for PR 666: ddumaa_tracking_system_3c3ec89f9273e58081225bcafa3b7157d4f15800.csv
2026-09-18 14:50:24,116 - WARNING - Base CSV missing for PR 1515: TulevaEE_onboarding-service_fdb72039441fcc6fe830c846d947a1e8b3ba7a6c.csv
2026-09-18 14:50:24,116 - WARNING - Target CSV missing for PR 1515: TulevaEE_onboarding-service_0e5c9ca2219568b44989f8ae93f434507cf61de6.csv
2026-09-18 14:50:24,116 - WARNING - Base CSV missing for PR 122633: elastic_elasticsearch_859c25b7988b9b6ce63a63f15b55bba32027c122.csv
2026-09-18 14:50:24,116 - WARNING - Target CSV missing for PR 122633: elastic_elasticsearch_4b338f88ae4a3b1a12e46f58970034fd368f8ba5.csv
2026-09-18 14:50:24,116 - WARNING - Base CSV missing for PR 1158: elastic_elasticsearch-java_1efb7f86534d28279f096e730861ea0c3bbeecee.csv
2026-09-18 14:50:24,116 - WARNING - Target CSV missing for PR 1158: elastic_elasticsearch-java_856c99d50634cac40e70f690cd4d5612a4636ca3.csv
2026-09-18 14:50:24,116 - WARNING - Base CSV missing for PR 1525: TulevaEE_onboarding-service_5175ef5849a0594b7689b2cb721deab93d62f8b2.csv
2026-09-18 14:50:24,116 - WARNING - Target CSV missing for PR 1525: TulevaEE_onboarding-service_84861b8e7220a355c9d6d046162fd3a10244fe8e.csv
2026-09-18 14:50:24,116 - WARNING - Base CSV missing for PR 127644: elastic_elasticsearch_fd19e89b789ef0c44a99c60e074f69c45b77781c.csv
2026-09-18 14:50:24,116 - WARNING - Target CSV missing for PR 127644: elastic_elasticsearch_ea83e41e4795b4c60bd7d95a61f6ba3b98f371e0.csv
2026-09-18 14:50:24,116 - WARNING - Base CSV missing for PR 127645: elastic_elasticsearch_476a31d3e01a5e06995382e1b44744fa15c68d7c.csv
2026-09-18 14:50:24,116 - WARNING - Target CSV missing for PR 127645: elastic_elasticsearch_479e9495ad02a7a4516b3452784a1662fb9c26f0.csv
2026-09-18 14:50:24,116 - WARNING - Base CSV missing for PR 127179: elastic_elasticsearch_45d321d91b905816e3ce289b2328883848b7559f.csv
2026-09-18 14:50:24,116 - WARNING - Target CSV missing for PR 127179: elastic_elasticsearch_677ab3545b950583e845697dc86720bec024041d.csv
2026-09-18 14:50:24,116 - WARNING - Base CSV missing for PR 1104: woowacourse-teams_2025-moment_e2e384cc379e10c004b12384bdf4c4bbefff477c.csv
2026-09-18 14:50:24,116 - WARNING - Target CSV missing for PR 1104: woowacourse-teams_2025-moment_91dcb93791e4bb53cbf73243a3a78439b588b2f4.csv
2026-09-18 14:50:24,116 - WARNING - Base CSV missing for PR 127646: elastic_elasticsearch_015b872c71285f3408f377b24be0eaed82e28b08.csv
2026-09-18 14:50:24,116 - WARNING - Target CSV missing for PR 127646: elastic_elasticsearch_64568ee59e9992d07b2bd84c425a51326dfb3409.csv
2026-09-18 14:50:24,116 - WARNING - Base CSV missing for PR 162: almostrealism_common_92459b62b088de7010a07733014a0dd16121c579.csv
2026-09-18 14:50:24,116 - WARNING - Target CSV missing for PR 162: almostrealism_common_0c829aff8d9c85ff3cffe1738c4f2c1ada709220.csv
2026-09-18 14:50:24,116 - WARNING - Base CSV missing for PR 40395: camunda_camunda_aa7658541a5b556063a3f934643bc6baa80647fb.csv
2026-09-18 14:50:24,116 - WARNING - Target CSV missing for PR 40395: camunda_camunda_8df8947b1620bfa12531c35b77631b1a525f54c8.csv
2026-09-18 14:50:24,116 - WARNING - Base CSV missing for PR 127199: elastic_elasticsearch_4f506d47a5c2b3148ec7bca851593708c6adb730.csv
2026-09-18 14:50:24,116 - WARNING - Target CSV missing for PR 127199: elastic_elasticsearch_ef0a177d3ac21f1aa9960c63b3c250ee5346319f.csv
2026-09-18 14:50:24,116 - WARNING - Base CSV missing for PR 704: ddumaa_tracking_system_521cd9a8c5b41bfc6d469b564f3754ab3009f177.csv
2026-09-18 14:50:24,116 - WARNING - Target CSV missing for PR 704: ddumaa_tracking_system_009addd642c6e8c2c9713bee352eaf64cb948679.csv
2026-09-18 14:50:24,116 - WARNING - Base CSV missing for PR 707: ddumaa_tracking_system_1a588a2e137a7cc9753337351b89e7a4379314a4.csv
2026-09-18 14:50:24,116 - WARNING - Target CSV missing for PR 707: ddumaa_tracking_system_40db9593edd7d7cf8a41aa4f75955635f0d41cf5.csv
2026-09-18 14:50:24,116 - WARNING - Base CSV missing for PR 713: ddumaa_tracking_system_9a09ce4209e2cc58abcbd4a10d483567fa159a02.csv
2026-09-18 14:50:24,116 - WARNING - Target CSV missing for PR 713: ddumaa_tracking_system_01180b114bde486b239e93cbe49b7b0d7bee6ca6.csv
2026-09-18 14:50:24,116 - WARNING - Base CSV missing for PR 717: ddumaa_tracking_system_cbaadff7a3a283750ac384ae24f366b63ded0b4a.csv
2026-09-18 14:50:24,116 - WARNING - Target CSV missing for PR 717: ddumaa_tracking_system_b3f6814c74368f54b65ad07c1f612954f36ab294.csv
2026-09-18 14:50:24,116 - WARNING - Base CSV missing for PR 721: ddumaa_tracking_system_248d57ab4b6a940c76a457daf5f5bdb040ae6083.csv
2026-09-18 14:50:24,116 - WARNING - Target CSV missing for PR 721: ddumaa_tracking_system_429a8267833b92de4b8ac5edff7e1b92512e20c1.csv
2026-09-18 14:50:24,116 - WARNING - Base CSV missing for PR 733: ddumaa_tracking_system_948e6c9ec9141ac08dfac9fac89150047717168f.csv
2026-09-18 14:50:24,116 - WARNING - Target CSV missing for PR 733: ddumaa_tracking_system_b8ea5e587d0af088bc8def1bb6ce47d4bb7710c6.csv
2026-09-18 14:50:24,116 - WARNING - Base CSV missing for PR 731: ddumaa_tracking_system_beedbe815e1b42aacabbbf40be5a09450ec7fce6.csv
2026-09-18 14:50:24,116 - WARNING - Target CSV missing for PR 731: ddumaa_tracking_system_948e6c9ec9141ac08dfac9fac89150047717168f.csv
2026-09-18 14:50:24,116 - WARNING - Base CSV missing for PR 750: ddumaa_tracking_system_21cf8d91a57bd6d339f0fdf760b0fab258059f45.csv
2026-09-18 14:50:24,116 - WARNING - Target CSV missing for PR 750: ddumaa_tracking_system_f21978d7dfd19e44a99dcb4e8105b4cfa3419f92.csv
2026-09-18 14:50:24,116 - WARNING - Base CSV missing for PR 751: ddumaa_tracking_system_f21978d7dfd19e44a99dcb4e8105b4cfa3419f92.csv
2026-09-18 14:50:24,116 - WARNING - Target CSV missing for PR 751: ddumaa_tracking_system_c0b2693e65a8be887e9c719cb2f827394d594d8f.csv
2026-09-18 14:50:24,116 - WARNING - Base CSV missing for PR 126485: elastic_elasticsearch_446dc03aee8e04dd9c50ef74c3d8256245f9a464.csv
2026-09-18 14:50:24,116 - WARNING - Target CSV missing for PR 126485: elastic_elasticsearch_6cd76fc2abdd82be0f2e6a5c92b260f36df95154.csv
2026-09-18 14:50:24,116 - WARNING - Base CSV missing for PR 753: ddumaa_tracking_system_347993b0badd7e49f7f1644e7f1749943732acfc.csv
2026-09-18 14:50:24,116 - WARNING - Target CSV missing for PR 753: ddumaa_tracking_system_c8d450709e9d1d37a8222ee8ebc352194fc441da.csv
2026-09-18 14:50:24,116 - WARNING - Base CSV missing for PR 755: ddumaa_tracking_system_97e4acb92aa6b12b2804981823669597f7db5e24.csv
2026-09-18 14:50:24,116 - WARNING - Target CSV missing for PR 755: ddumaa_tracking_system_84575b15e0ec5174fe2c0e62bfb7eda323d7c06a.csv
2026-09-18 14:50:24,116 - WARNING - Base CSV missing for PR 3125: alibaba_spring-ai-alibaba_f5bdc7d46126dd7d8ba7de6674d8b83cc5dda388.csv
2026-09-18 14:50:24,116 - WARNING - Target CSV missing for PR 3125: alibaba_spring-ai-alibaba_e9623d2138ccf384f48c0dd16d1f61e67739f9f2.csv
2026-09-18 14:50:24,116 - WARNING - Base CSV missing for PR 129568: elastic_elasticsearch_6ae9ada31dad66e1cf19940cba13ea4014417ff9.csv
2026-09-18 14:50:24,116 - WARNING - Target CSV missing for PR 129568: elastic_elasticsearch_bf8e14fed0396b7ae7e636b220644ff2873ded8e.csv
2026-09-18 14:50:24,116 - WARNING - Base CSV missing for PR 126501: elastic_elasticsearch_4ea4a298a48521968fafd2b3f0a7174d2099cf8c.csv
2026-09-18 14:50:24,116 - WARNING - Target CSV missing for PR 126501: elastic_elasticsearch_62636f958bbc2bdeb8ddae5dbbd9cbd4601ddf3c.csv
2026-09-18 14:50:24,116 - WARNING - Base CSV missing for PR 779: ddumaa_tracking_system_eaa5d6637088190c901a1ed739e7a0db86578223.csv
2026-09-18 14:50:24,116 - WARNING - Target CSV missing for PR 779: ddumaa_tracking_system_55b88ae67c592f9449694cce12c1c5b714e89657.csv
2026-09-18 14:50:24,116 - WARNING - Base CSV missing for PR 3114: alibaba_spring-ai-alibaba_6f1f9f9a17283d693d9a764f73d37ab5c7655c4d.csv
2026-09-18 14:50:24,116 - WARNING - Target CSV missing for PR 3114: alibaba_spring-ai-alibaba_f5bdc7d46126dd7d8ba7de6674d8b83cc5dda388.csv
2026-09-18 14:50:24,117 - WARNING - Base CSV missing for PR 840: ddumaa_tracking_system_a59c15b385fe31bb0f856475bd57f5be86395c34.csv
2026-09-18 14:50:24,117 - WARNING - Target CSV missing for PR 840: ddumaa_tracking_system_f24f9f7138b64d84e6f3436818fe3a51b00bf666.csv
2026-09-18 14:50:24,117 - WARNING - Base CSV missing for PR 872: ddumaa_tracking_system_31dde7872301464e34b0b6107aceeed9be788501.csv
2026-09-18 14:50:24,117 - WARNING - Target CSV missing for PR 872: ddumaa_tracking_system_90a6b3543526f8896624b1fb6286dedb52920c87.csv
2026-09-18 14:50:24,117 - WARNING - Base CSV missing for PR 885: ddumaa_tracking_system_3af1d3f68016b03bf60a679facdc7e221821856e.csv
2026-09-18 14:50:24,117 - WARNING - Target CSV missing for PR 885: ddumaa_tracking_system_acf80e21dae3446e1fef737ce3a1dfa772235841.csv
2026-09-18 14:50:24,117 - WARNING - Base CSV missing for PR 1173: TulevaEE_onboarding-service_68c0162f6672c32432331c031db8ac2e03a703fe.csv
2026-09-18 14:50:24,117 - WARNING - Target CSV missing for PR 1173: TulevaEE_onboarding-service_06e63f9039a00a44b809ae4c0996b3dd54e1b03e.csv
2026-09-18 14:50:24,117 - WARNING - Base CSV missing for PR 1317: TulevaEE_onboarding-service_418875bf6c2941fedb83b534a55a1a8ccba07382.csv
2026-09-18 14:50:24,117 - WARNING - Target CSV missing for PR 1317: TulevaEE_onboarding-service_28d75f5baf1a1c269275440c82a5cf35d31e8593.csv
2026-09-18 14:50:24,117 - WARNING - Base CSV missing for PR 1320: TulevaEE_onboarding-service_79b7baa538d514c0cb1de42b70b7913df1a32527.csv
2026-09-18 14:50:24,117 - WARNING - Target CSV missing for PR 1320: TulevaEE_onboarding-service_9e509e98cac296d9a35d96b71fe5ebdc27449d18.csv
2026-09-18 14:50:24,117 - WARNING - Base CSV missing for PR 3194: alibaba_spring-ai-alibaba_0b3d253c4b50816dd4e61feb3560ad0b65b6b857.csv
2026-09-18 14:50:24,117 - WARNING - Target CSV missing for PR 3194: alibaba_spring-ai-alibaba_9bdb3861bd3bd215221dc2425afc0ba5f5e4b6ae.csv
2026-09-18 14:50:24,117 - WARNING - Base CSV missing for PR 889: ddumaa_tracking_system_8079d81f571e4c9d31fa929776af2a294b56a187.csv
2026-09-18 14:50:24,117 - WARNING - Target CSV missing for PR 889: ddumaa_tracking_system_05d65c13521745dd3e9ce97d7ef5b935cc5239f3.csv
2026-09-18 14:50:24,117 - WARNING - Base CSV missing for PR 127205: elastic_elasticsearch_1698956e0c3aa614517f1aac4c2b3d5c2eef075f.csv
2026-09-18 14:50:24,117 - WARNING - Target CSV missing for PR 127205: elastic_elasticsearch_c2e1a3198afb2076c2f7c51a3aa478b9aaf7be16.csv
2026-09-18 14:50:24,117 - WARNING - Base CSV missing for PR 1028: ddumaa_tracking_system_4fc009ebf7d61e1e58d5799757c74ff03bf6a0f4.csv
2026-09-18 14:50:24,117 - WARNING - Target CSV missing for PR 1028: ddumaa_tracking_system_e4d106ed9543763c0fc4dfbeed7cc46d0bab7c2a.csv
2026-09-18 14:50:24,117 - WARNING - Base CSV missing for PR 3282: alibaba_spring-ai-alibaba_63638d85db9b8c1efd67771beb66fe30a92cdbca.csv
2026-09-18 14:50:24,117 - WARNING - Target CSV missing for PR 3282: alibaba_spring-ai-alibaba_45f5464048cc8067be4e6d96f2face9e8f19e0a0.csv
2026-09-18 14:50:24,117 - WARNING - Base CSV missing for PR 54310: apache_doris_d0e774cf3d9fdc0d86c1f49f17e0e2c26c21b5c2.csv
2026-09-18 14:50:24,117 - WARNING - Target CSV missing for PR 54310: apache_doris_ff698529a2e05436c8dc5668c0594d5c0adf0bcf.csv
2026-09-18 14:50:24,117 - WARNING - Base CSV missing for PR 48315: Azure_azure-sdk-for-java_8f40a062ad49c93128d62bf0df7c76da57bb4a31.csv
2026-09-18 14:50:24,117 - WARNING - Target CSV missing for PR 48315: Azure_azure-sdk-for-java_4c59db77cd72e15f2b327267c5f0f88b85a60e84.csv
2026-09-18 14:50:24,118 - WARNING - Base CSV missing for PR 47452: Azure_azure-sdk-for-java_f02b98fdd6a53c39c2df9479d85c3432ea4a1ddc.csv
2026-09-18 14:50:24,118 - WARNING - Target CSV missing for PR 47452: Azure_azure-sdk-for-java_7d6f2a15cbbae01a5c6685b2f98636a7b6e2102e.csv
2026-09-18 14:50:24,118 - WARNING - Base CSV missing for PR 127206: elastic_elasticsearch_5ab5426c8c36bfb1520430ae3a82495ca2ec719b.csv
2026-09-18 14:50:24,118 - WARNING - Target CSV missing for PR 127206: elastic_elasticsearch_96f32bc3ffe572783a2fc4501266d2df2d705f92.csv
2026-09-18 14:50:24,118 - WARNING - Base CSV missing for PR 3451: eclipse-platform_eclipse.platform.ui_87352d6f36616893588d151d72fc43f896e18634.csv
2026-09-18 14:50:24,118 - WARNING - Target CSV missing for PR 3451: eclipse-platform_eclipse.platform.ui_191a1c771f3a516d61f34d8921c679ede0713cfb.csv
2026-09-18 14:50:24,118 - WARNING - Base CSV missing for PR 957: ddumaa_tracking_system_11ee2b68e4c6d66870317673c020add66d14025d.csv
2026-09-18 14:50:24,118 - WARNING - Target CSV missing for PR 957: ddumaa_tracking_system_e5c289788973a16041cebea4bd9a81864d1edb47.csv
2026-09-18 14:50:24,118 - WARNING - Base CSV missing for PR 1008: ddumaa_tracking_system_8b86984a4c385f988698ef0c52e6d8d97f0ad840.csv
2026-09-18 14:50:24,118 - WARNING - Target CSV missing for PR 1008: ddumaa_tracking_system_92c211d2494c86dd5842623c0b68d61a09643e4b.csv
2026-09-18 14:50:24,118 - WARNING - Base CSV missing for PR 1091: ddumaa_tracking_system_93446260870ad8d3f18f47e5b4623fdf2ee060ca.csv
2026-09-18 14:50:24,118 - WARNING - Target CSV missing for PR 1091: ddumaa_tracking_system_c4fa74e06c5519a00bca374c947f0bc67d3ab29d.csv
2026-09-18 14:50:24,118 - WARNING - Base CSV missing for PR 132440: elastic_elasticsearch_1acccd8ae6b2a8703127d01cf1401aeec1c1b714.csv
2026-09-18 14:50:24,118 - WARNING - Target CSV missing for PR 132440: elastic_elasticsearch_078bfc555a8eb9c2c6d91439aa564dbc8c3bbecb.csv
2026-09-18 14:50:24,118 - WARNING - Base CSV missing for PR 1034: ddumaa_tracking_system_f30c8d3881845a918209f6d9f99248e7f0e6c308.csv
2026-09-18 14:50:24,119 - WARNING - Target CSV missing for PR 1034: ddumaa_tracking_system_f8e11fca8892931b0d40e83631cad48b8e12bb42.csv
2026-09-18 14:50:24,120 - WARNING - Base CSV missing for PR 1036: ddumaa_tracking_system_1ec8b7dcbc6bc940edecd380c656104f1d2a97f7.csv
2026-09-18 14:50:24,120 - WARNING - Target CSV missing for PR 1036: ddumaa_tracking_system_4c53c8792606d10bf2de89399e276c183664ecef.csv
2026-09-18 14:50:24,120 - WARNING - Base CSV missing for PR 1041: ddumaa_tracking_system_f55a90affb9f047e3a3c0450b42ee1e079ad240c.csv
2026-09-18 14:50:24,120 - WARNING - Target CSV missing for PR 1041: ddumaa_tracking_system_513f14ee9f031e6390060a7f4ff81cd4e7928644.csv
2026-09-18 14:50:24,120 - WARNING - Base CSV missing for PR 1050: ddumaa_tracking_system_f9e49c5888b3d7fbcf429249a9981c2293c0353b.csv
2026-09-18 14:50:24,120 - WARNING - Target CSV missing for PR 1050: ddumaa_tracking_system_0569bc8574c102048c75d820c924d29dda60de44.csv
2026-09-18 14:50:24,120 - WARNING - Base CSV missing for PR 1052: ddumaa_tracking_system_83421c60b04ffe67fc8bf1f5799eff488bcbdec7.csv
2026-09-18 14:50:24,120 - WARNING - Target CSV missing for PR 1052: ddumaa_tracking_system_9b091ffdcfe826ad9af28d70925f173148ac741d.csv
2026-09-18 14:50:24,120 - WARNING - Base CSV missing for PR 132441: elastic_elasticsearch_287a5879df2386a567dfccd50b99fec26a2d6131.csv
2026-09-18 14:50:24,120 - WARNING - Target CSV missing for PR 132441: elastic_elasticsearch_a93335f1f7302137ff3fa3dd6074aae03df56072.csv
2026-09-18 14:50:24,120 - WARNING - Base CSV missing for PR 1058: ddumaa_tracking_system_a51719e773ab6f7737840c33640aca2a9709f50a.csv
2026-09-18 14:50:24,120 - WARNING - Target CSV missing for PR 1058: ddumaa_tracking_system_3d50f71d874e60bb724abedf7d303f0252fd5843.csv
2026-09-18 14:50:24,120 - WARNING - Base CSV missing for PR 1062: ddumaa_tracking_system_85e318e19f59dde64dce007fcfd9c7fd4c73dbbb.csv
2026-09-18 14:50:24,120 - WARNING - Target CSV missing for PR 1062: ddumaa_tracking_system_6c41c033f6d3c1b261263b6e7709cdb72fd85d57.csv
2026-09-18 14:50:24,120 - WARNING - Base CSV missing for PR 1079: ddumaa_tracking_system_15892ca8cfe3227eebbc928b8e3de79b39c9df2e.csv
2026-09-18 14:50:24,120 - WARNING - Target CSV missing for PR 1079: ddumaa_tracking_system_421a165b30d7140da363679cd9603a6049c86eb1.csv
2026-09-18 14:50:24,120 - WARNING - Base CSV missing for PR 1087: ddumaa_tracking_system_b46c5e626883c72316eee0fabaac3c4ffbd1af57.csv
2026-09-18 14:50:24,120 - WARNING - Target CSV missing for PR 1087: ddumaa_tracking_system_b249e5207d00cf4a88ac6c4b3317e4166c07e95d.csv
2026-09-18 14:50:24,120 - WARNING - Base CSV missing for PR 1112: ddumaa_tracking_system_63f8169e7b42c42439ec4b10972c7384904837e4.csv
2026-09-18 14:50:24,120 - WARNING - Target CSV missing for PR 1112: ddumaa_tracking_system_7bc0f9e55eb90f745b481e7d99fab966b2360efa.csv
2026-09-18 14:50:24,120 - WARNING - Base CSV missing for PR 1097: ddumaa_tracking_system_00f169ef6ad0d0c40ad5b8634d1b97febefc8cc7.csv
2026-09-18 14:50:24,120 - WARNING - Target CSV missing for PR 1097: ddumaa_tracking_system_640a60d69cbf5cad6e6f54fbe77820b28d45f391.csv
2026-09-18 14:50:24,120 - WARNING - Base CSV missing for PR 59: roberto22palomar_pepenium_6944ae08a7902bee3ec9874ee9ba16066c5e776b.csv
2026-09-18 14:50:24,120 - WARNING - Target CSV missing for PR 59: roberto22palomar_pepenium_819877287162aa49c0e411a4ab2be752f5de18eb.csv
2026-09-18 14:50:24,120 - WARNING - Base CSV missing for PR 1099: ddumaa_tracking_system_6177f0d515efc2374037be573d6237b4e9716fb9.csv
2026-09-18 14:50:24,120 - WARNING - Target CSV missing for PR 1099: ddumaa_tracking_system_d998a4ad2d50ed76ad01277484b5723afd73e97d.csv
2026-09-18 14:50:24,120 - WARNING - Base CSV missing for PR 67: roberto22palomar_pepenium_8863b5ab085abfbf495e9f3c234fb1915fe012e8.csv
2026-09-18 14:50:24,120 - WARNING - Target CSV missing for PR 67: roberto22palomar_pepenium_648530b6c3bf4a1c1d4ae0118a72b4bc11a4852e.csv
2026-09-18 14:50:24,120 - WARNING - Base CSV missing for PR 1158: ddumaa_tracking_system_8d1502cd081bb5669e840e1ab11654eb0aaafb09.csv
2026-09-18 14:50:24,120 - WARNING - Target CSV missing for PR 1158: ddumaa_tracking_system_1696e40942276dad08730c6c65cd77aed4e8ea2e.csv
2026-09-18 14:50:24,120 - WARNING - Base CSV missing for PR 1150: ddumaa_tracking_system_1afc4e977c8bcfa28fa7bcec1b60614becc01498.csv
2026-09-18 14:50:24,120 - WARNING - Target CSV missing for PR 1150: ddumaa_tracking_system_0230b7aab3241d17304da22bf326e2dd0b350b2a.csv
2026-09-18 14:50:24,120 - WARNING - Base CSV missing for PR 69: roberto22palomar_pepenium_648530b6c3bf4a1c1d4ae0118a72b4bc11a4852e.csv
2026-09-18 14:50:24,120 - WARNING - Target CSV missing for PR 69: roberto22palomar_pepenium_365548667920df0c9da4cc81526311c49d7b3552.csv
2026-09-18 14:50:24,120 - WARNING - Base CSV missing for PR 126499: elastic_elasticsearch_4b05fed0d9ccd8d882851fb95fcc7614005dffad.csv
2026-09-18 14:50:24,120 - WARNING - Target CSV missing for PR 126499: elastic_elasticsearch_0d41e9a2a5154836ca9cc66369b4b7eee559feac.csv
2026-09-18 14:50:24,120 - WARNING - Base CSV missing for PR 72: roberto22palomar_pepenium_b2388f630e90e0676ef192a8095bd3eabc4773cb.csv
2026-09-18 14:50:24,120 - WARNING - Target CSV missing for PR 72: roberto22palomar_pepenium_9410516acbffc8362c284e8d476fa8b98c1cef1d.csv
2026-09-18 14:50:24,120 - WARNING - Base CSV missing for PR 105: roberto22palomar_pepenium_b81231752c8fa40a338c3e6c4063cf09d79edf62.csv
2026-09-18 14:50:24,120 - WARNING - Target CSV missing for PR 105: roberto22palomar_pepenium_535fd20fef292827202ce898adcce508cb4dded2.csv
2026-09-18 14:50:24,120 - WARNING - Base CSV missing for PR 126514: elastic_elasticsearch_5f871c5cf549f1b3bcd1d51e74cf08812b797744.csv
2026-09-18 14:50:24,120 - WARNING - Target CSV missing for PR 126514: elastic_elasticsearch_41297680c76f50cb13b4e71c3bf7d35393d3bd08.csv
2026-09-18 14:50:24,120 - WARNING - Base CSV missing for PR 2751: BentoBoxWorld_BentoBox_cc60d7f40b512444676d2ff60d78839269091f5d.csv
2026-09-18 14:50:24,120 - WARNING - Target CSV missing for PR 2751: BentoBoxWorld_BentoBox_135512252d1f8812e87bcf634c640a5a5656403a.csv
2026-09-18 14:50:24,120 - WARNING - Base CSV missing for PR 109: roberto22palomar_pepenium_67496bc95ffc6ffff00eb57aefc5c95b277e7345.csv
2026-09-18 14:50:24,120 - WARNING - Target CSV missing for PR 109: roberto22palomar_pepenium_df5edb15a98f190579eaccc14ea22cf4464c3d56.csv
2026-09-18 14:50:24,120 - WARNING - Base CSV missing for PR 118: roberto22palomar_pepenium_bfb18dc1063bc1657d1ebfdd40ddc285ed84b476.csv
2026-09-18 14:50:24,120 - WARNING - Target CSV missing for PR 118: roberto22palomar_pepenium_635ab5f4137e618170842a2d181f00a59ca631bc.csv
2026-09-18 14:50:24,120 - WARNING - Base CSV missing for PR 44304: Azure_azure-sdk-for-java_1ee3519629686cc6b5c73ebbbea90c581e87ab0d.csv
2026-09-18 14:50:24,120 - WARNING - Target CSV missing for PR 44304: Azure_azure-sdk-for-java_9eff0ce476c2d30db758e95bc5183bf704f72f9e.csv
2026-09-18 14:50:24,120 - WARNING - Base CSV missing for PR 44210: Azure_azure-sdk-for-java_14e032385aeed50d0863247f31832e48bb341176.csv
2026-09-18 14:50:24,120 - WARNING - Target CSV missing for PR 44210: Azure_azure-sdk-for-java_ec371ed57cc2ffb74cbfeafbe63dad14988a1758.csv
2026-09-18 14:50:24,120 - WARNING - Base CSV missing for PR 44730: Azure_azure-sdk-for-java_f3baa932e782c9fa59fda912459d71094dce208c.csv
2026-09-18 14:50:24,120 - WARNING - Target CSV missing for PR 44730: Azure_azure-sdk-for-java_d95e5973af66b314dbfea970874661f5866412e4.csv
2026-09-18 14:50:24,121 - WARNING - Base CSV missing for PR 44788: Azure_azure-sdk-for-java_19fec9226baa0e021137655053445ea15ab28309.csv
2026-09-18 14:50:24,121 - WARNING - Target CSV missing for PR 44788: Azure_azure-sdk-for-java_a20949cfa123f289e8cfc116ef4ddef51ea1c883.csv
2026-09-18 14:50:24,121 - WARNING - Base CSV missing for PR 46843: Azure_azure-sdk-for-java_229ad810043938f5b2d00df3abc1a6a643c78f0b.csv
2026-09-18 14:50:24,121 - WARNING - Target CSV missing for PR 46843: Azure_azure-sdk-for-java_86a598730854598a88f7365aae8e059954b65386.csv
2026-09-18 14:50:24,121 - WARNING - Base CSV missing for PR 1161: ddumaa_tracking_system_53d00505186611323e33651724150e5a0a96e216.csv
2026-09-18 14:50:24,121 - WARNING - Target CSV missing for PR 1161: ddumaa_tracking_system_9fbbebb4a9f8e412c0b0a6e275e9dd7eca897283.csv
2026-09-18 14:50:24,121 - WARNING - Base CSV missing for PR 1165: ddumaa_tracking_system_656ab7325916a8d4402851c2b5414b25104ede6c.csv
2026-09-18 14:50:24,121 - WARNING - Target CSV missing for PR 1165: ddumaa_tracking_system_da5e0d8c96011ca670def9cda03813ba96f21e5d.csv
2026-09-18 14:50:24,121 - WARNING - Base CSV missing for PR 1166: ddumaa_tracking_system_da5e0d8c96011ca670def9cda03813ba96f21e5d.csv
2026-09-18 14:50:24,121 - WARNING - Target CSV missing for PR 1166: ddumaa_tracking_system_3b34208991541cf6f56dc31100430cce187bb74c.csv
2026-09-18 14:50:24,121 - WARNING - Base CSV missing for PR 1167: ddumaa_tracking_system_3b34208991541cf6f56dc31100430cce187bb74c.csv
2026-09-18 14:50:24,121 - WARNING - Target CSV missing for PR 1167: ddumaa_tracking_system_3c12b28016bd45876260b224354bd3e9253e10bd.csv
2026-09-18 14:50:24,121 - WARNING - Base CSV missing for PR 1170: ddumaa_tracking_system_39285f938c8f4702563b87080b2c364622517a25.csv
2026-09-18 14:50:24,121 - WARNING - Target CSV missing for PR 1170: ddumaa_tracking_system_16295b5999a0c2baa58359171c642db88f935d2a.csv
2026-09-18 14:50:24,121 - WARNING - Base CSV missing for PR 122656: elastic_elasticsearch_9145ab73cf710d712af6d7f9075198944f474493.csv
2026-09-18 14:50:24,121 - WARNING - Target CSV missing for PR 122656: elastic_elasticsearch_cffbccbb498482536eaca3a964c14fcd98423b8a.csv
2026-09-18 14:50:24,121 - WARNING - Base CSV missing for PR 1171: ddumaa_tracking_system_16295b5999a0c2baa58359171c642db88f935d2a.csv
2026-09-18 14:50:24,121 - WARNING - Target CSV missing for PR 1171: ddumaa_tracking_system_7e8a30aefca221116c1b4d72797dbb0a5677ac34.csv
2026-09-18 14:50:24,121 - WARNING - Base CSV missing for PR 1172: ddumaa_tracking_system_7e8a30aefca221116c1b4d72797dbb0a5677ac34.csv
2026-09-18 14:50:24,121 - WARNING - Target CSV missing for PR 1172: ddumaa_tracking_system_5a665ae5699250d70fb5d1b169d30d8cf39f1b6d.csv
2026-09-18 14:50:24,121 - WARNING - Base CSV missing for PR 1173: ddumaa_tracking_system_5a665ae5699250d70fb5d1b169d30d8cf39f1b6d.csv
2026-09-18 14:50:24,121 - WARNING - Target CSV missing for PR 1173: ddumaa_tracking_system_ef8f9d3354a7a5ba4326b9ad4e1279962a6da1e5.csv
2026-09-18 14:50:24,121 - WARNING - Base CSV missing for PR 1181: ddumaa_tracking_system_c054052aa30d1530a53bba01c0b52ca6711083b8.csv
2026-09-18 14:50:24,121 - WARNING - Target CSV missing for PR 1181: ddumaa_tracking_system_685f6d28b0b2f5f538ef2da8b52596ea4fc5be1e.csv
2026-09-18 14:50:24,121 - WARNING - Base CSV missing for PR 131042: elastic_elasticsearch_2536d0fadf1a3c7f53eba1a317cbbaaf4549f080.csv
2026-09-18 14:50:24,121 - WARNING - Target CSV missing for PR 131042: elastic_elasticsearch_1972c526bf6f0fbb527a9e6d3034592911494d38.csv
2026-09-18 14:50:24,121 - WARNING - Base CSV missing for PR 1179: ddumaa_tracking_system_687b1074ed00260eddd9941a358e9d041b8b39d0.csv
2026-09-18 14:50:24,121 - WARNING - Target CSV missing for PR 1179: ddumaa_tracking_system_cd422b7a8eeb064e50b24e8103b0e1d726805072.csv
2026-09-18 14:50:24,121 - WARNING - Base CSV missing for PR 1174: ddumaa_tracking_system_ef8f9d3354a7a5ba4326b9ad4e1279962a6da1e5.csv
2026-09-18 14:50:24,121 - WARNING - Target CSV missing for PR 1174: ddumaa_tracking_system_c9eea97acfe0d19b0f4e392259a228e1cfd00634.csv
2026-09-18 14:50:24,121 - WARNING - Base CSV missing for PR 3884: alibaba_spring-ai-alibaba_1ee64f2f80f9a369e1de95d3dbbde7624a8191e9.csv
2026-09-18 14:50:24,121 - WARNING - Target CSV missing for PR 3884: alibaba_spring-ai-alibaba_52ab0a8e0018ea7d8d41da3c5233c8f20d6aacbc.csv
2026-09-18 14:50:24,121 - WARNING - Base CSV missing for PR 3941: alibaba_spring-ai-alibaba_2d466007d66f1ca7286ec64b29de96bed157c5fe.csv
2026-09-18 14:50:24,121 - WARNING - Target CSV missing for PR 3941: alibaba_spring-ai-alibaba_f1ce41fb4356d36a30ed30bee151e8b44fb4ad6f.csv
2026-09-18 14:50:24,121 - WARNING - Base CSV missing for PR 1184: ddumaa_tracking_system_c517df12cdc99fe0c11e5ce715ef6dad0f9cf693.csv
2026-09-18 14:50:24,121 - WARNING - Target CSV missing for PR 1184: ddumaa_tracking_system_df6202c6ecff29558add2feaa9c87e9d57cac3dc.csv
2026-09-18 14:50:24,121 - WARNING - Base CSV missing for PR 1186: ddumaa_tracking_system_86031a86644855d8c766e91e47a42b761fe601cf.csv
2026-09-18 14:50:24,121 - WARNING - Target CSV missing for PR 1186: ddumaa_tracking_system_27f72a9e5b495a0cb457a0767e845fec9757495f.csv
2026-09-18 14:50:24,121 - WARNING - Base CSV missing for PR 1191: ddumaa_tracking_system_da1b237e1bdde92bb48221ad7f0c7da7c5dbfe99.csv
2026-09-18 14:50:24,121 - WARNING - Target CSV missing for PR 1191: ddumaa_tracking_system_d74b1fd775362433b8c900902d50bb74db23ed94.csv
2026-09-18 14:50:24,121 - WARNING - Base CSV missing for PR 3994: alibaba_spring-ai-alibaba_a230bce4760d12f94b83076670326267ace3811b.csv
2026-09-18 14:50:24,121 - WARNING - Target CSV missing for PR 3994: alibaba_spring-ai-alibaba_4e35fb8bba3aac621bcab98dede0fb24fa340249.csv
2026-09-18 14:50:24,121 - WARNING - Base CSV missing for PR 1280: ddumaa_tracking_system_f58f48f6cc62d80136369cf3483069040296bd91.csv
2026-09-18 14:50:24,121 - WARNING - Target CSV missing for PR 1280: ddumaa_tracking_system_49afb1a62209f41934633cfb4b8f42b9faa22b68.csv
2026-09-18 14:50:24,121 - WARNING - Base CSV missing for PR 1309: ddumaa_tracking_system_67b36335efbebf2f3daecba78ba86f1593339947.csv
2026-09-18 14:50:24,121 - WARNING - Target CSV missing for PR 1309: ddumaa_tracking_system_8116cbc2b67885d1b5a98332397bf6cb7f91fe11.csv
2026-09-18 14:50:24,121 - WARNING - Base CSV missing for PR 1298: ddumaa_tracking_system_a4af4ea8b1c0474e049ab20d3158673ada45d088.csv
2026-09-18 14:50:24,121 - WARNING - Target CSV missing for PR 1298: ddumaa_tracking_system_891b790621051cfc6f26887590f55c413609a966.csv
2026-09-18 14:50:24,121 - WARNING - Base CSV missing for PR 1303: ddumaa_tracking_system_89a8d7cc98b7e4059687f14d34cd409cd117bbaf.csv
2026-09-18 14:50:24,121 - WARNING - Target CSV missing for PR 1303: ddumaa_tracking_system_31e48c0ce07e7bfaaa9f799113147d39d29e3222.csv
2026-09-18 14:50:24,121 - WARNING - Base CSV missing for PR 4027: alibaba_spring-ai-alibaba_36180d687538a0c0e1394b01653e9edce6fa7f2f.csv
2026-09-18 14:50:24,121 - WARNING - Target CSV missing for PR 4027: alibaba_spring-ai-alibaba_e2a8bc4380d641629ef9e3bd893f30462858e606.csv
2026-09-18 14:50:24,121 - WARNING - Base CSV missing for PR 132442: elastic_elasticsearch_fda953f7ebc0ad812891d51dd7f28601b9338001.csv
2026-09-18 14:50:24,121 - WARNING - Target CSV missing for PR 132442: elastic_elasticsearch_3ee0fd4626636a46d5f1587989a27ee5c84927cf.csv
2026-09-18 14:50:24,121 - WARNING - Base CSV missing for PR 4031: alibaba_spring-ai-alibaba_4377d88c4aa3ee51963731a62b88ad0151a884b8.csv
2026-09-18 14:50:24,121 - WARNING - Target CSV missing for PR 4031: alibaba_spring-ai-alibaba_2573e54d06a1d292873bd4c34ccd52d3ab9b6e63.csv
2026-09-18 14:50:24,121 - WARNING - Base CSV missing for PR 4081: alibaba_spring-ai-alibaba_83a6982cb0fa9b0f02ff8d74f69b96c666c50430.csv
2026-09-18 14:50:24,121 - WARNING - Target CSV missing for PR 4081: alibaba_spring-ai-alibaba_35ceb1e3cd93a4fb6b1ce21991b2d9480c76703d.csv
2026-09-18 14:50:24,121 - WARNING - Base CSV missing for PR 5445: eclipse-tycho_tycho_0514b03b1025e1e4ec824bfbdcb5ec470f556e04.csv
2026-09-18 14:50:24,122 - WARNING - Target CSV missing for PR 5445: eclipse-tycho_tycho_0ab8fd4421a5a2a7a6ef8fb5a411573b300c5c61.csv
2026-09-18 14:50:24,122 - WARNING - Base CSV missing for PR 355: alibaba_spring-ai-alibaba_b965603ae54a5a2060a57457b9b4d4557d7fa6a1.csv
2026-09-18 14:50:24,122 - WARNING - Target CSV missing for PR 355: alibaba_spring-ai-alibaba_6f3414284363593fd424215081b49c4ba4f36a91.csv
2026-09-18 14:50:24,122 - WARNING - Base CSV missing for PR 345: alibaba_spring-ai-alibaba_ba989c145c8141f76e8b356e98b24b7a475d9c5c.csv
2026-09-18 14:50:24,122 - WARNING - Target CSV missing for PR 345: alibaba_spring-ai-alibaba_bc93f2dfbbb177d8d9272bd9f914fa60d6c53916.csv
2026-09-18 14:50:24,122 - WARNING - Base CSV missing for PR 127211: elastic_elasticsearch_98a3719e4643f36cf33fa9c9243545fa7703ba5c.csv
2026-09-18 14:50:24,122 - WARNING - Target CSV missing for PR 127211: elastic_elasticsearch_04c57eae274a4b4b80a5dd9e48e8ecdfff974830.csv
2026-09-18 14:50:24,122 - WARNING - Base CSV missing for PR 348: alibaba_spring-ai-alibaba_94d02a4de588c72b77e6fddf50823b5bc95c8ca7.csv
2026-09-18 14:50:24,122 - WARNING - Target CSV missing for PR 348: alibaba_spring-ai-alibaba_49743df7e5418ddb6eaeb91ec870ef3ad8237564.csv
2026-09-18 14:50:24,122 - WARNING - Base CSV missing for PR 365: alibaba_spring-ai-alibaba_1209a8f311ace761284b377685f540dbd006088f.csv
2026-09-18 14:50:24,122 - WARNING - Target CSV missing for PR 365: alibaba_spring-ai-alibaba_b9cd1c099c11b992095bb7a3ec4454b95a8720e7.csv
2026-09-18 14:50:24,122 - WARNING - Base CSV missing for PR 126517: elastic_elasticsearch_1289a4ae0f1594de0d2e7c9db1a2d89a5129edb9.csv
2026-09-18 14:50:24,122 - WARNING - Target CSV missing for PR 126517: elastic_elasticsearch_4a8b1c4b0d37608e31d7864bdf5ff5bd539b7502.csv
2026-09-18 14:50:24,122 - WARNING - Base CSV missing for PR 386: alibaba_spring-ai-alibaba_13302e83a385b810ffaa8a386f73a5c44dcba445.csv
2026-09-18 14:50:24,122 - WARNING - Target CSV missing for PR 386: alibaba_spring-ai-alibaba_7faf194ae2a981c1145b97c206ae0efd7ed9e718.csv
2026-09-18 14:50:24,122 - WARNING - Base CSV missing for PR 451: alibaba_spring-ai-alibaba_55b8aea22a675e192ab440b4971791437f368677.csv
2026-09-18 14:50:24,122 - WARNING - Target CSV missing for PR 451: alibaba_spring-ai-alibaba_32692987f49465a4ae21cb0b73ccca9e05744132.csv
2026-09-18 14:50:24,122 - WARNING - Base CSV missing for PR 126519: elastic_elasticsearch_5f256ccb2d498e3c37005d5e03936724dfc4f89a.csv
2026-09-18 14:50:24,122 - WARNING - Target CSV missing for PR 126519: elastic_elasticsearch_a2e580fb60dead8d48af8c376a54406c7b13dec0.csv
2026-09-18 14:50:24,122 - WARNING - Base CSV missing for PR 561: 3211133_StreamConverter_679bf52ce1d918d2192616ac1433b7fe5407cc99.csv
2026-09-18 14:50:24,122 - WARNING - Target CSV missing for PR 561: 3211133_StreamConverter_1b220774bd23fbc24dc7a3e90dea8e7c202624a8.csv
2026-09-18 14:50:24,122 - WARNING - Base CSV missing for PR 563: 3211133_StreamConverter_1b220774bd23fbc24dc7a3e90dea8e7c202624a8.csv
2026-09-18 14:50:24,122 - WARNING - Target CSV missing for PR 563: 3211133_StreamConverter_eebeba527707fc0e2272e07fc81dbfa2af38db86.csv
2026-09-18 14:50:24,122 - WARNING - Base CSV missing for PR 564: 3211133_StreamConverter_b97968612b43299add15f8b1776af9b6a3cd1078.csv
2026-09-18 14:50:24,122 - WARNING - Target CSV missing for PR 564: 3211133_StreamConverter_e3f13d7fd977c5389e6a2b6df93f964bc1e05e18.csv
2026-09-18 14:50:24,122 - WARNING - Base CSV missing for PR 522: 3211133_StreamConverter_571ce9a86459180ca88bdfc50e46deb4c47ea948.csv
2026-09-18 14:50:24,122 - WARNING - Target CSV missing for PR 522: 3211133_StreamConverter_5621e39c545354e5ea26013bdb217184130345d6.csv
2026-09-18 14:50:24,122 - WARNING - Base CSV missing for PR 137: cuioss_OAuthSheriff_8c3ba04ac5e1a14ccc22a0304fd3e70c4c567004.csv
2026-09-18 14:50:24,122 - WARNING - Target CSV missing for PR 137: cuioss_OAuthSheriff_e2745a2d0348c70e43743d015840f2312dd4f18b.csv
2026-09-18 14:50:24,122 - WARNING - Base CSV missing for PR 590: 3211133_StreamConverter_f615cefd744136d42e8dc9136370ad11964c8eed.csv
2026-09-18 14:50:24,122 - WARNING - Target CSV missing for PR 590: 3211133_StreamConverter_babaaac8aea18f6f0f97fdc4c4f995988c0d58b6.csv
2026-09-18 14:50:24,122 - WARNING - Base CSV missing for PR 680: 3211133_StreamConverter_c3a933bf39c9fcd878f5176253a6ee846fafa945.csv
2026-09-18 14:50:24,122 - WARNING - Target CSV missing for PR 680: 3211133_StreamConverter_a32945794cba93178907436e9e851333e6a18990.csv
2026-09-18 14:50:24,122 - WARNING - Base CSV missing for PR 686: 3211133_StreamConverter_9ca5025f3326f3541f82cd1414b3919326d154ae.csv
2026-09-18 14:50:24,122 - WARNING - Target CSV missing for PR 686: 3211133_StreamConverter_d57da3c98527a46ee6f884b3211ea37fdd91bc8d.csv
2026-09-18 14:50:24,122 - WARNING - Base CSV missing for PR 131293: elastic_elasticsearch_5e8bab5a86abcbea48f23f7b6f1320a2c0c39223.csv
2026-09-18 14:50:24,122 - WARNING - Target CSV missing for PR 131293: elastic_elasticsearch_ea83a235e89561c39e26ce8911f5d746aa06e00a.csv
2026-09-18 14:50:24,122 - WARNING - Base CSV missing for PR 82: 3211133_StreamConverter_214c4cc30754728a28d2a97ec479128e418fd0b9.csv
2026-09-18 14:50:24,122 - WARNING - Target CSV missing for PR 82: 3211133_StreamConverter_51392888266fdd5be6153656f2bd939030e930c3.csv
2026-09-18 14:50:24,122 - WARNING - Base CSV missing for PR 259: yunusemreerkesikbas_Craftive_028592b257026457d429e36f25d247207e6b8cd9.csv
2026-09-18 14:50:24,122 - WARNING - Target CSV missing for PR 259: yunusemreerkesikbas_Craftive_62759bc58d5a7759e34c86cc1b0a4b52e177ad34.csv
2026-09-18 14:50:24,122 - WARNING - Base CSV missing for PR 186: 3211133_StreamConverter_f278a123039323d7968c2b3a3fd232ed76c97f95.csv
2026-09-18 14:50:24,122 - WARNING - Target CSV missing for PR 186: 3211133_StreamConverter_d70e4e40b2534d42bcdc12382183efceefb92cc9.csv
2026-09-18 14:50:24,122 - WARNING - Base CSV missing for PR 188: 3211133_StreamConverter_a18704126464671c9c8d83a93a813e3c73bfb6dc.csv
2026-09-18 14:50:24,122 - WARNING - Target CSV missing for PR 188: 3211133_StreamConverter_f471422007e35201dc2da00c6c88d1e4f0224855.csv
2026-09-18 14:50:24,122 - WARNING - Base CSV missing for PR 175: 3211133_StreamConverter_b20c8a6412fe488715b8cf87611f8c8c3533f875.csv
2026-09-18 14:50:24,122 - WARNING - Target CSV missing for PR 175: 3211133_StreamConverter_426a7215660356dbbf283589d4349a21992a878d.csv
2026-09-18 14:50:24,122 - WARNING - Base CSV missing for PR 179: 3211133_StreamConverter_7e9e9bdb6455eafc3b44c3a0991eafd7ebc61ef2.csv
2026-09-18 14:50:24,122 - WARNING - Target CSV missing for PR 179: 3211133_StreamConverter_4cbd8cafeeb46c92cdeee312197b90df51756bc2.csv
2026-09-18 14:50:24,122 - WARNING - Base CSV missing for PR 209: 3211133_StreamConverter_1986d90b4c4eec02c582cfa0ae7b8729d2383f81.csv
2026-09-18 14:50:24,122 - WARNING - Target CSV missing for PR 209: 3211133_StreamConverter_7c47331fd1ef75a0b788db90530c4dda9651164e.csv
2026-09-18 14:50:24,122 - WARNING - Base CSV missing for PR 213: 3211133_StreamConverter_0a8925078661e1e851470ebe8faf48b7e2f50c67.csv
2026-09-18 14:50:24,122 - WARNING - Target CSV missing for PR 213: 3211133_StreamConverter_61ba3c74500d3e5afdfd5c1cd12d689613dbf099.csv
2026-09-18 14:50:24,122 - WARNING - Base CSV missing for PR 221: 3211133_StreamConverter_75f76b206160a744361b9e6f5cf1db29bf569339.csv
2026-09-18 14:50:24,122 - WARNING - Target CSV missing for PR 221: 3211133_StreamConverter_600fb72b0e898bdae4082748dfcf81df9f4fb26f.csv
2026-09-18 14:50:24,122 - WARNING - Base CSV missing for PR 207: yunusemreerkesikbas_Craftive_438f44c2c954b0162d42f5256487fcad1d1d9d9e.csv
2026-09-18 14:50:24,122 - WARNING - Target CSV missing for PR 207: yunusemreerkesikbas_Craftive_979273f4e7ba84216763799f68dfc2c0ea3c25d2.csv
2026-09-18 14:50:24,122 - WARNING - Base CSV missing for PR 1545: equinor_neqsim_ac3f56861c05f0acc69719e9f8cafd0b20aa60f4.csv
2026-09-18 14:50:24,122 - WARNING - Target CSV missing for PR 1545: equinor_neqsim_10304b2cc7107d174093c231d8b890a71783b8c7.csv
2026-09-18 14:50:24,122 - WARNING - Base CSV missing for PR 259: 3211133_StreamConverter_5ea68d0ed7bf1d2b601af5d25c1db9ccce004044.csv
2026-09-18 14:50:24,123 - WARNING - Target CSV missing for PR 259: 3211133_StreamConverter_c1ce9ac5a4f9d1a072e8a72a43d5ee4af028edeb.csv
2026-09-18 14:50:24,123 - WARNING - Base CSV missing for PR 322: 3211133_StreamConverter_584f1f30db83d271c274cd5696f7180362bd5dbd.csv
2026-09-18 14:50:24,123 - WARNING - Target CSV missing for PR 322: 3211133_StreamConverter_8926bad2595fd1db17f567612ff96fbbfe93d802.csv
2026-09-18 14:50:24,123 - WARNING - Base CSV missing for PR 127213: elastic_elasticsearch_c72d00fd3976bb163f8354dbf0714555e5c76d6c.csv
2026-09-18 14:50:24,123 - WARNING - Target CSV missing for PR 127213: elastic_elasticsearch_7bd2b80043d3008e714fa5505115b6c5b3f44efa.csv
2026-09-18 14:50:24,123 - WARNING - Base CSV missing for PR 282: 3211133_StreamConverter_fb1b49b7075f1728b8984b1f6b81ac305d7cf993.csv
2026-09-18 14:50:24,123 - WARNING - Target CSV missing for PR 282: 3211133_StreamConverter_e9be8e283aee5bf73c721acbf21b79d93cec6be4.csv
2026-09-18 14:50:24,123 - WARNING - Base CSV missing for PR 284: 3211133_StreamConverter_6359c3bcf637cdfddb9c28ecc237c2efaa25efdb.csv
2026-09-18 14:50:24,123 - WARNING - Target CSV missing for PR 284: 3211133_StreamConverter_99509ec32419dacb6c11895ec1af3d4574fc6b11.csv
2026-09-18 14:50:24,123 - WARNING - Base CSV missing for PR 285: 3211133_StreamConverter_99509ec32419dacb6c11895ec1af3d4574fc6b11.csv
2026-09-18 14:50:24,123 - WARNING - Target CSV missing for PR 285: 3211133_StreamConverter_0b55845b4a748b233c725e01c7f6bf2021a55290.csv
2026-09-18 14:50:24,123 - WARNING - Base CSV missing for PR 301: 3211133_StreamConverter_09802835eb8146571633192ba97611d0a0742f29.csv
2026-09-18 14:50:24,123 - WARNING - Target CSV missing for PR 301: 3211133_StreamConverter_b751052c97797ee108e9e99f96b107a64598b4fc.csv
2026-09-18 14:50:24,123 - WARNING - Base CSV missing for PR 336: 3211133_StreamConverter_bdda78888b62b8469ff191f9668f9c20c34fc26d.csv
2026-09-18 14:50:24,123 - WARNING - Target CSV missing for PR 336: 3211133_StreamConverter_5a8c49b7afa3fbf3df813acb105d31bfd3fc1100.csv
2026-09-18 14:50:24,123 - WARNING - Base CSV missing for PR 435: 3211133_StreamConverter_a2e36a296e2c52fb602d82e41a9ce84b9766854b.csv
2026-09-18 14:50:24,123 - WARNING - Target CSV missing for PR 435: 3211133_StreamConverter_b82f7b734531353957b28ad3f72184301e94129c.csv
2026-09-18 14:50:24,123 - WARNING - Base CSV missing for PR 684: alibaba_spring-ai-alibaba_f2107216177f5f6a98b06107dc791438e5637241.csv
2026-09-18 14:50:24,123 - WARNING - Target CSV missing for PR 684: alibaba_spring-ai-alibaba_6a9d46fa7ef63331f29e2cecde45fb6a85a9ebd7.csv
2026-09-18 14:50:24,123 - WARNING - Base CSV missing for PR 681: alibaba_spring-ai-alibaba_f2107216177f5f6a98b06107dc791438e5637241.csv
2026-09-18 14:50:24,123 - WARNING - Target CSV missing for PR 681: alibaba_spring-ai-alibaba_c7719b3aa11f21e2de303abd29040f94b7de974b.csv
2026-09-18 14:50:24,123 - WARNING - Base CSV missing for PR 692: alibaba_spring-ai-alibaba_5c31aecbc69ac8ba716be038a7420f8399a562b1.csv
2026-09-18 14:50:24,123 - WARNING - Target CSV missing for PR 692: alibaba_spring-ai-alibaba_45f9cd6acd7adca296b633faf51e286530611fd7.csv
2026-09-18 14:50:24,123 - WARNING - Base CSV missing for PR 691: alibaba_spring-ai-alibaba_5c31aecbc69ac8ba716be038a7420f8399a562b1.csv
2026-09-18 14:50:24,123 - WARNING - Target CSV missing for PR 691: alibaba_spring-ai-alibaba_ee1bb887d72e7f4fc83df165baeb218b00e88071.csv
2026-09-18 14:50:24,123 - WARNING - Base CSV missing for PR 695: alibaba_spring-ai-alibaba_5c31aecbc69ac8ba716be038a7420f8399a562b1.csv
2026-09-18 14:50:24,123 - WARNING - Target CSV missing for PR 695: alibaba_spring-ai-alibaba_263561f2f2e57f6c6b3a8d27f20bec2a9cb20d07.csv
2026-09-18 14:51:06,263 - INFO - Fetching PR data from database...
2026-09-18 14:51:08,581 - INFO - Processing 69704 PR records...
2026-09-18 14:51:08,794 - WARNING - Target CSV missing for PR 4616 (codenameone/CodenameOne) at 9f2b86e126c0db38cc846f1340f4572bdba68be8
2026-09-18 14:51:16,571 - INFO - Fetching PR data from database...
2026-09-18 14:51:19,087 - INFO - Processing 69704 PR records...
2026-09-18 14:51:19,298 - WARNING - Target CSV missing for PR 4616 (codenameone/CodenameOne) at 9f2b86e126c0db38cc846f1340f4572bdba68be8
2026-09-18 14:51:19,427 - WARNING - Target CSV missing for PR 130253 (elastic/elasticsearch) at 547d4a4287c31354a814e1a80f2862b0580ed69d
2026-09-18 14:51:19,448 - WARNING - Base CSV missing for PR 130364 (elastic/elasticsearch) at 19708c1e9cc5429f5aa367b2bc5427e52c0ecc21
2026-09-18 14:51:19,483 - WARNING - Target CSV missing for PR 130399 (elastic/elasticsearch) at b38d5454ad6ed8ce2b87beeab628cfef3527bdcf
2026-09-18 14:51:19,504 - WARNING - Target CSV missing for PR 130396 (elastic/elasticsearch) at 3a69d45892fa221fb936a8991b77332418720b1b
2026-09-18 14:51:20,296 - WARNING - Target CSV missing for PR 396 (vega113/supawave) at 93b4a5de590fa7857e1388b1c90c29dd707e8954
2026-09-18 14:51:20,610 - INFO - Aggregation completed. Results saved to /home/frasal/Desktop/emse-analysis/aggregated_results.jsonl
2026-09-18 15:28:31,268 - INFO - Fetching PR data from database...
2026-09-18 15:28:33,149 - INFO - Processing 69704 PR records...
2026-09-18 15:28:33,150 - ERROR - Repo path /home/frasal/Desktop/emse-analysis/repositories/valkey-io_valkey-glide not found. Cannot resolve parents.
2026-09-18 15:28:33,150 - ERROR - Repo path /home/frasal/Desktop/emse-analysis/repositories/elastic_elasticsearch not found. Cannot resolve parents.
2026-09-18 15:28:33,150 - ERROR - Repo path /home/frasal/Desktop/emse-analysis/repositories/eclipse-platform_eclipse.platform.ui not found. Cannot resolve parents.
2026-09-18 15:28:33,150 - ERROR - Repo path /home/frasal/Desktop/emse-analysis/repositories/fortify_fcli not found. Cannot resolve parents.
2026-09-18 15:28:33,150 - ERROR - Repo path /home/frasal/Desktop/emse-analysis/repositories/fortify_fcli not found. Cannot resolve parents.
2026-09-18 15:28:33,150 - ERROR - Repo path /home/frasal/Desktop/emse-analysis/repositories/fortify_fcli not found. Cannot resolve parents.
2026-09-18 15:28:33,150 - ERROR - Repo path /home/frasal/Desktop/emse-analysis/repositories/eclipse-platform_eclipse.platform.ui not found. Cannot resolve parents.
2026-09-18 15:28:33,150 - ERROR - Repo path /home/frasal/Desktop/emse-analysis/repositories/elastic_elasticsearch not found. Cannot resolve parents.
2026-09-18 15:28:33,150 - ERROR - Repo path /home/frasal/Desktop/emse-analysis/repositories/eclipse-platform_eclipse.platform.ui not found. Cannot resolve parents.
2026-09-18 15:28:33,150 - ERROR - Repo path /home/frasal/Desktop/emse-analysis/repositories/eclipse-platform_eclipse.platform.ui not found. Cannot resolve parents.
2026-09-18 15:28:33,150 - ERROR - Repo path /home/frasal/Desktop/emse-analysis/repositories/elastic_elasticsearch not found. Cannot resolve parents.
2026-09-18 15:28:33,151 - ERROR - Repo path /home/frasal/Desktop/emse-analysis/repositories/elastic_elasticsearch not found. Cannot resolve parents.
2026-09-18 15:28:33,151 - ERROR - Repo path /home/frasal/Desktop/emse-analysis/repositories/eclipse-platform_eclipse.platform.ui not found. Cannot resolve parents.
2026-09-18 15:28:33,151 - ERROR - Repo path /home/frasal/Desktop/emse-analysis/repositories/elastic_elasticsearch not found. Cannot resolve parents.
2026-09-18 15:28:33,151 - ERROR - Repo path /home/frasal/Desktop/emse-analysis/repositories/eclipse-platform_eclipse.platform.ui not found. Cannot resolve parents.
2026-09-18 15:28:33,151 - ERROR - Repo path /home/frasal/Desktop/emse-analysis/repositories/eclipse-platform_eclipse.platform.ui not found. Cannot resolve parents.
2026-09-18 15:28:33,151 - ERROR - Repo path /home/frasal/Desktop/emse-analysis/repositories/eclipse-platform_eclipse.platform.ui not found. Cannot resolve parents.
2026-09-18 15:28:33,151 - ERROR - Repo path /home/frasal/Desktop/emse-analysis/repositories/elastic_elasticsearch not found. Cannot resolve parents.
2026-09-18 15:28:33,151 - ERROR - Repo path /home/frasal/Desktop/emse-analysis/repositories/eclipse-platform_eclipse.platform.ui not found. Cannot resolve parents.
2026-09-18 15:28:33,151 - ERROR - Repo path /home/frasal/Desktop/emse-analysis/repositories/eclipse-platform_eclipse.platform.ui not found. Cannot resolve parents.
2026-09-18 15:28:33,151 - ERROR - Repo path /home/frasal/Desktop/emse-analysis/repositories/eclipse-platform_eclipse.platform.ui not found. Cannot resolve parents.
2026-09-18 15:28:33,151 - ERROR - Repo path /home/frasal/Desktop/emse-analysis/repositories/eclipse-platform_eclipse.platform.ui not found. Cannot resolve parents.
2026-09-18 15:28:33,151 - ERROR - Repo path /home/frasal/Desktop/emse-analysis/repositories/eclipse-platform_eclipse.platform.ui not found. Cannot resolve parents.
2026-09-18 15:28:33,151 - ERROR - Repo path /home/frasal/Desktop/emse-analysis/repositories/eclipse-platform_eclipse.platform.ui not found. Cannot resolve parents.
2026-09-18 15:28:33,151 - ERROR - Repo path /home/frasal/Desktop/emse-analysis/repositories/eclipse-platform_eclipse.platform.ui not found. Cannot resolve parents.
2026-09-18 15:28:33,151 - ERROR - Repo path /home/frasal/Desktop/emse-analysis/repositories/eclipse-platform_eclipse.platform.ui not found. Cannot resolve parents.
2026-09-18 15:28:33,151 - ERROR - Repo path /home/frasal/Desktop/emse-analysis/repositories/eclipse-platform_eclipse.platform.ui not found. Cannot resolve parents.
2026-09-18 15:28:33,151 - ERROR - Repo path /home/frasal/Desktop/emse-analysis/repositories/eclipse-platform_eclipse.platform.ui not found. Cannot resolve parents.
2026-09-18 15:28:33,151 - ERROR - Repo path /home/frasal/Desktop/emse-analysis/repositories/eclipse-platform_eclipse.platform.ui not found. Cannot resolve parents.
2026-09-18 15:28:33,151 - ERROR - Repo path /home/frasal/Desktop/emse-analysis/repositories/eclipse-platform_eclipse.platform.ui not found. Cannot resolve parents.
2026-09-18 15:28:33,151 - ERROR - Repo path /home/frasal/Desktop/emse-analysis/repositories/elastic_elasticsearch not found. Cannot resolve parents.
2026-09-18 15:28:33,151 - ERROR - Repo path /home/frasal/Desktop/emse-analysis/repositories/eclipse-platform_eclipse.platform.ui not found. Cannot resolve parents.
2026-09-18 15:28:33,151 - ERROR - Repo path /home/frasal/Desktop/emse-analysis/repositories/eclipse-platform_eclipse.platform.ui not found. Cannot resolve parents.
2026-09-18 15:28:33,151 - ERROR - Repo path /home/frasal/Desktop/emse-analysis/repositories/kubernetes-client_java not found. Cannot resolve parents.
2026-09-18 15:28:33,152 - ERROR - Repo path /home/frasal/Desktop/emse-analysis/repositories/elastic_elasticsearch not found. Cannot resolve parents.
2026-09-18 15:28:33,152 - ERROR - Repo path /home/frasal/Desktop/emse-analysis/repositories/kubernetes-client_java not found. Cannot resolve parents.
2026-09-18 15:28:33,152 - ERROR - Repo path /home/frasal/Desktop/emse-analysis/repositories/kubernetes-client_java not found. Cannot resolve parents.
2026-09-18 15:28:33,152 - ERROR - Repo path /home/frasal/Desktop/emse-analysis/repositories/eclipse-platform_eclipse.platform.ui not found. Cannot resolve parents.
2026-09-18 15:28:33,152 - ERROR - Repo path /home/frasal/Desktop/emse-analysis/repositories/eclipse-platform_eclipse.platform.ui not found. Cannot resolve parents.
2026-09-18 15:28:33,152 - ERROR - Repo path /home/frasal/Desktop/emse-analysis/repositories/elastic_elasticsearch not found. Cannot resolve parents.
2026-09-18 15:28:33,152 - ERROR - Repo path /home/frasal/Desktop/emse-analysis/repositories/TulevaEE_onboarding-service not found. Cannot resolve parents.
2026-09-18 15:28:33,152 - ERROR - Repo path /home/frasal/Desktop/emse-analysis/repositories/eclipse-platform_eclipse.platform.ui not found. Cannot resolve parents.
2026-09-18 15:28:33,152 - ERROR - Repo path /home/frasal/Desktop/emse-analysis/repositories/eclipse-platform_eclipse.platform.ui not found. Cannot resolve parents.
2026-09-18 15:28:33,152 - ERROR - Repo path /home/frasal/Desktop/emse-analysis/repositories/eclipse-platform_eclipse.platform.ui not found. Cannot resolve parents.
2026-09-18 15:28:33,152 - ERROR - Repo path /home/frasal/Desktop/emse-analysis/repositories/eclipse-platform_eclipse.platform.ui not found. Cannot resolve parents.
2026-09-18 15:28:33,152 - ERROR - Repo path /home/frasal/Desktop/emse-analysis/repositories/eclipse-platform_eclipse.platform.ui not found. Cannot resolve parents.
2026-09-18 15:28:33,152 - ERROR - Repo path /home/frasal/Desktop/emse-analysis/repositories/camunda_camunda not found. Cannot resolve parents.
2026-09-18 15:28:33,152 - ERROR - Repo path /home/frasal/Desktop/emse-analysis/repositories/eclipse-platform_eclipse.platform.ui not found. Cannot resolve parents.
2026-09-18 15:28:33,152 - ERROR - Repo path /home/frasal/Desktop/emse-analysis/repositories/eclipse-platform_eclipse.platform.ui not found. Cannot resolve parents.
2026-09-18 15:28:33,152 - ERROR - Repo path /home/frasal/Desktop/emse-analysis/repositories/eclipse-platform_eclipse.platform.ui not found. Cannot resolve parents.
2026-09-18 15:28:33,152 - ERROR - Repo path /home/frasal/Desktop/emse-analysis/repositories/elastic_elasticsearch not found. Cannot resolve parents.
2026-09-18 15:28:33,152 - ERROR - Repo path /home/frasal/Desktop/emse-analysis/repositories/elastic_elasticsearch not found. Cannot resolve parents.
2026-09-18 15:28:33,152 - ERROR - Repo path /home/frasal/Desktop/emse-analysis/repositories/eclipse-platform_eclipse.platform.ui not found. Cannot resolve parents.
2026-09-18 15:28:33,152 - ERROR - Repo path /home/frasal/Desktop/emse-analysis/repositories/eclipse-platform_eclipse.platform.ui not found. Cannot resolve parents.
2026-09-18 15:28:33,152 - ERROR - Repo path /home/frasal/Desktop/emse-analysis/repositories/eclipse-platform_eclipse.platform.ui not found. Cannot resolve parents.
2026-09-18 15:28:33,152 - ERROR - Repo path /home/frasal/Desktop/emse-analysis/repositories/eclipse-platform_eclipse.platform.ui not found. Cannot resolve parents.
2026-09-18 15:28:33,152 - ERROR - Repo path /home/frasal/Desktop/emse-analysis/repositories/eclipse-platform_eclipse.platform.ui not found. Cannot resolve parents.
2026-09-18 15:28:33,152 - ERROR - Repo path /home/frasal/Desktop/emse-analysis/repositories/eclipse-platform_eclipse.platform.ui not found. Cannot resolve parents.
2026-09-18 15:28:33,153 - ERROR - Repo path /home/frasal/Desktop/emse-analysis/repositories/eclipse-platform_eclipse.platform.ui not found. Cannot resolve parents.
2026-09-18 15:28:33,153 - ERROR - Repo path /home/frasal/Desktop/emse-analysis/repositories/eclipse-platform_eclipse.platform.ui not found. Cannot resolve parents.
2026-09-18 15:28:33,153 - ERROR - Repo path /home/frasal/Desktop/emse-analysis/repositories/eclipse-platform_eclipse.platform.ui not found. Cannot resolve parents.
2026-09-18 15:28:33,153 - ERROR - Repo path /home/frasal/Desktop/emse-analysis/repositories/EduMIPS64_edumips64 not found. Cannot resolve parents.
2026-09-18 15:28:33,153 - ERROR - Repo path /home/frasal/Desktop/emse-analysis/repositories/Azure_azure-sdk-for-java not found. Cannot resolve parents.
2026-09-18 15:28:33,153 - ERROR - Repo path /home/frasal/Desktop/emse-analysis/repositories/eclipse-platform_eclipse.platform.ui not found. Cannot resolve parents.
2026-09-18 15:28:33,153 - ERROR - Repo path /home/frasal/Desktop/emse-analysis/repositories/Tailormap_tailormap-api not found. Cannot resolve parents.
2026-09-18 15:28:33,153 - ERROR - Repo path /home/frasal/Desktop/emse-analysis/repositories/Tailormap_tailormap-api not found. Cannot resolve parents.
2026-09-18 15:28:33,153 - ERROR - Repo path /home/frasal/Desktop/emse-analysis/repositories/Tailormap_tailormap-api not found. Cannot resolve parents.
2026-09-18 15:28:33,153 - ERROR - Repo path /home/frasal/Desktop/emse-analysis/repositories/Tailormap_tailormap-api not found. Cannot resolve parents.
2026-09-18 15:28:33,153 - ERROR - Repo path /home/frasal/Desktop/emse-analysis/repositories/Tailormap_tailormap-api not found. Cannot resolve parents.
2026-09-18 15:28:33,153 - ERROR - Repo path /home/frasal/Desktop/emse-analysis/repositories/elastic_elasticsearch not found. Cannot resolve parents.
2026-09-18 15:28:33,153 - ERROR - Repo path /home/frasal/Desktop/emse-analysis/repositories/elastic_elasticsearch not found. Cannot resolve parents.
2026-09-18 15:28:33,153 - ERROR - Repo path /home/frasal/Desktop/emse-analysis/repositories/deephaven_deephaven-core not found. Cannot resolve parents.
2026-09-18 15:28:33,153 - ERROR - Repo path /home/frasal/Desktop/emse-analysis/repositories/valkey-io_valkey-glide not found. Cannot resolve parents.
2026-09-18 15:28:33,153 - ERROR - Repo path /home/frasal/Desktop/emse-analysis/repositories/Tailormap_tailormap-api not found. Cannot resolve parents.
2026-09-18 15:28:33,153 - ERROR - Repo path /home/frasal/Desktop/emse-analysis/repositories/elastic_elasticsearch not found. Cannot resolve parents.
2026-09-18 15:28:33,153 - ERROR - Repo path /home/frasal/Desktop/emse-analysis/repositories/Tailormap_tailormap-api not found. Cannot resolve parents.
2026-09-18 15:28:33,153 - ERROR - Repo path /home/frasal/Desktop/emse-analysis/repositories/Tailormap_tailormap-api not found. Cannot resolve parents.
2026-09-18 15:28:33,153 - ERROR - Repo path /home/frasal/Desktop/emse-analysis/repositories/Tailormap_tailormap-api not found. Cannot resolve parents.
2026-09-18 15:28:33,153 - ERROR - Repo path /home/frasal/Desktop/emse-analysis/repositories/Tailormap_tailormap-api not found. Cannot resolve parents.
2026-09-18 15:28:33,153 - ERROR - Repo path /home/frasal/Desktop/emse-analysis/repositories/Tailormap_tailormap-api not found. Cannot resolve parents.
2026-09-18 15:28:33,153 - ERROR - Repo path /home/frasal/Desktop/emse-analysis/repositories/Tailormap_tailormap-api not found. Cannot resolve parents.
2026-09-18 15:28:33,153 - ERROR - Repo path /home/frasal/Desktop/emse-analysis/repositories/deephaven_deephaven-core not found. Cannot resolve parents.
2026-09-18 15:28:33,153 - ERROR - Repo path /home/frasal/Desktop/emse-analysis/repositories/Tailormap_tailormap-api not found. Cannot resolve parents.
2026-09-18 15:28:33,154 - ERROR - Repo path /home/frasal/Desktop/emse-analysis/repositories/Tailormap_tailormap-api not found. Cannot resolve parents.
2026-09-18 15:28:33,154 - ERROR - Repo path /home/frasal/Desktop/emse-analysis/repositories/Tailormap_tailormap-api not found. Cannot resolve parents.
2026-09-18 15:28:33,154 - ERROR - Repo path /home/frasal/Desktop/emse-analysis/repositories/Tailormap_tailormap-api not found. Cannot resolve parents.
2026-09-18 15:28:33,154 - ERROR - Repo path /home/frasal/Desktop/emse-analysis/repositories/Tailormap_tailormap-api not found. Cannot resolve parents.
2026-09-18 15:28:33,154 - ERROR - Repo path /home/frasal/Desktop/emse-analysis/repositories/Tailormap_tailormap-api not found. Cannot resolve parents.
2026-09-18 15:28:33,154 - ERROR - Repo path /home/frasal/Desktop/emse-analysis/repositories/micronaut-projects_micronaut-control-panel not found. Cannot resolve parents.
2026-09-18 15:28:33,154 - ERROR - Repo path /home/frasal/Desktop/emse-analysis/repositories/elastic_elasticsearch not found. Cannot resolve parents.
2026-09-18 15:28:33,154 - ERROR - Repo path /home/frasal/Desktop/emse-analysis/repositories/Tailormap_tailormap-api not found. Cannot resolve parents.
2026-09-18 15:28:33,154 - ERROR - Repo path /home/frasal/Desktop/emse-analysis/repositories/Tailormap_tailormap-api not found. Cannot resolve parents.
2026-09-18 15:28:33,154 - ERROR - Repo path /home/frasal/Desktop/emse-analysis/repositories/valkey-io_valkey-glide not found. Cannot resolve parents.
2026-09-18 15:28:33,154 - ERROR - Repo path /home/frasal/Desktop/emse-analysis/repositories/Tailormap_tailormap-api not found. Cannot resolve parents.
2026-09-18 15:28:33,154 - ERROR - Repo path /home/frasal/Desktop/emse-analysis/repositories/apache_paimon not found. Cannot resolve parents.
2026-09-18 15:28:33,154 - ERROR - Repo path /home/frasal/Desktop/emse-analysis/repositories/elastic_elasticsearch not found. Cannot resolve parents.
2026-09-18 15:28:33,154 - ERROR - Repo path /home/frasal/Desktop/emse-analysis/repositories/apache_paimon not found. Cannot resolve parents.
2026-09-18 15:28:33,154 - ERROR - Repo path /home/frasal/Desktop/emse-analysis/repositories/apache_paimon not found. Cannot resolve parents.
2026-09-18 15:28:33,154 - ERROR - Repo path /home/frasal/Desktop/emse-analysis/repositories/apache_paimon not found. Cannot resolve parents.
2026-09-18 15:28:33,154 - ERROR - Repo path /home/frasal/Desktop/emse-analysis/repositories/apache_paimon not found. Cannot resolve parents.
2026-09-18 15:28:33,154 - ERROR - Repo path /home/frasal/Desktop/emse-analysis/repositories/ArtifactForms_MeshLibCore not found. Cannot resolve parents.
2026-09-18 15:28:33,154 - ERROR - Repo path /home/frasal/Desktop/emse-analysis/repositories/apache_paimon not found. Cannot resolve parents.
2026-09-18 15:28:33,154 - ERROR - Repo path /home/frasal/Desktop/emse-analysis/repositories/ArtifactForms_MeshLibCore not found. Cannot resolve parents.
2026-09-18 15:28:33,154 - ERROR - Repo path /home/frasal/Desktop/emse-analysis/repositories/apache_shardingsphere not found. Cannot resolve parents.
2026-09-18 15:28:33,154 - ERROR - Repo path /home/frasal/Desktop/emse-analysis/repositories/apache_paimon not found. Cannot resolve parents.
2026-09-18 15:28:33,154 - ERROR - Repo path /home/frasal/Desktop/emse-analysis/repositories/apache_paimon not found. Cannot resolve parents.
2026-09-18 15:28:33,154 - ERROR - Repo path /home/frasal/Desktop/emse-analysis/repositories/apache_paimon not found. Cannot resolve parents.
2026-09-18 15:28:33,155 - ERROR - Repo path /home/frasal/Desktop/emse-analysis/repositories/elastic_elasticsearch not found. Cannot resolve parents.
2026-09-18 15:28:33,155 - ERROR - Repo path /home/frasal/Desktop/emse-analysis/repositories/apache_paimon not found. Cannot resolve parents.
2026-09-18 15:28:33,155 - ERROR - Repo path /home/frasal/Desktop/emse-analysis/repositories/elastic_elasticsearch not found. Cannot resolve parents.
2026-09-18 15:28:33,155 - ERROR - Repo path /home/frasal/Desktop/emse-analysis/repositories/apache_paimon not found. Cannot resolve parents.
2026-09-18 15:28:33,155 - ERROR - Repo path /home/frasal/Desktop/emse-analysis/repositories/apache_paimon not found. Cannot resolve parents.
2026-09-18 15:28:33,155 - ERROR - Repo path /home/frasal/Desktop/emse-analysis/repositories/deephaven_deephaven-core not found. Cannot resolve parents.
2026-09-18 15:28:33,155 - ERROR - Repo path /home/frasal/Desktop/emse-analysis/repositories/apache_paimon not found. Cannot resolve parents.
2026-09-18 15:28:33,155 - ERROR - Repo path /home/frasal/Desktop/emse-analysis/repositories/apache_paimon not found. Cannot resolve parents.
2026-09-18 15:28:33,155 - ERROR - Repo path /home/frasal/Desktop/emse-analysis/repositories/apache_paimon not found. Cannot resolve parents.
2026-09-18 15:28:33,155 - ERROR - Repo path /home/frasal/Desktop/emse-analysis/repositories/apache_paimon not found. Cannot resolve parents.
2026-09-18 15:28:33,155 - ERROR - Repo path /home/frasal/Desktop/emse-analysis/repositories/apache_paimon not found. Cannot resolve parents.
2026-09-18 15:28:33,155 - ERROR - Repo path /home/frasal/Desktop/emse-analysis/repositories/ArtifactForms_MeshLibCore not found. Cannot resolve parents.
2026-09-18 15:28:33,155 - ERROR - Repo path /home/frasal/Desktop/emse-analysis/repositories/apache_paimon not found. Cannot resolve parents.
2026-09-18 15:28:33,155 - ERROR - Repo path /home/frasal/Desktop/emse-analysis/repositories/apache_paimon not found. Cannot resolve parents.
2026-09-18 15:28:33,155 - ERROR - Repo path /home/frasal/Desktop/emse-analysis/repositories/elastic_elasticsearch not found. Cannot resolve parents.
2026-09-18 15:28:33,155 - ERROR - Repo path /home/frasal/Desktop/emse-analysis/repositories/apache_paimon not found. Cannot resolve parents.
2026-09-18 15:28:33,155 - ERROR - Repo path /home/frasal/Desktop/emse-analysis/repositories/apache_paimon not found. Cannot resolve parents.
2026-09-18 15:28:33,155 - ERROR - Repo path /home/frasal/Desktop/emse-analysis/repositories/apache_paimon not found. Cannot resolve parents.
2026-09-18 15:28:33,155 - ERROR - Repo path /home/frasal/Desktop/emse-analysis/repositories/elastic_elasticsearch not found. Cannot resolve parents.
2026-09-18 15:28:33,155 - ERROR - Repo path /home/frasal/Desktop/emse-analysis/repositories/Azure_azure-sdk-for-java not found. Cannot resolve parents.
2026-09-18 15:28:33,155 - ERROR - Repo path /home/frasal/Desktop/emse-analysis/repositories/cjmalloy_jasper not found. Cannot resolve parents.
2026-09-18 15:28:33,155 - ERROR - Repo path /home/frasal/Desktop/emse-analysis/repositories/cjmalloy_jasper not found. Cannot resolve parents.
2026-09-18 15:28:33,155 - ERROR - Repo path /home/frasal/Desktop/emse-analysis/repositories/elastic_elasticsearch not found. Cannot resolve parents.
2026-09-18 15:28:33,155 - ERROR - Repo path /home/frasal/Desktop/emse-analysis/repositories/cjmalloy_jasper not found. Cannot resolve parents.
2026-09-18 15:28:33,155 - ERROR - Repo path /home/frasal/Desktop/emse-analysis/repositories/apache_paimon not found. Cannot resolve parents.
2026-09-18 15:28:33,156 - ERROR - Repo path /home/frasal/Desktop/emse-analysis/repositories/apache_paimon not found. Cannot resolve parents.
2026-09-18 15:28:33,156 - ERROR - Repo path /home/frasal/Desktop/emse-analysis/repositories/elastic_elasticsearch not found. Cannot resolve parents.
2026-09-18 15:28:33,156 - ERROR - Repo path /home/frasal/Desktop/emse-analysis/repositories/Azure_azure-sdk-for-java not found. Cannot resolve parents.
2026-09-18 15:28:33,156 - ERROR - Repo path /home/frasal/Desktop/emse-analysis/repositories/elastic_elasticsearch not found. Cannot resolve parents.
2026-09-18 15:28:33,156 - ERROR - Repo path /home/frasal/Desktop/emse-analysis/repositories/apache_paimon not found. Cannot resolve parents.
2026-09-18 15:28:33,156 - ERROR - Repo path /home/frasal/Desktop/emse-analysis/repositories/cjmalloy_jasper not found. Cannot resolve parents.
2026-09-18 15:28:33,156 - ERROR - Repo path /home/frasal/Desktop/emse-analysis/repositories/cjmalloy_jasper not found. Cannot resolve parents.
2026-09-18 15:28:33,156 - ERROR - Repo path /home/frasal/Desktop/emse-analysis/repositories/cjmalloy_jasper not found. Cannot resolve parents.
2026-09-18 15:28:33,156 - ERROR - Repo path /home/frasal/Desktop/emse-analysis/repositories/cjmalloy_jasper not found. Cannot resolve parents.
2026-09-18 15:28:33,156 - ERROR - Repo path /home/frasal/Desktop/emse-analysis/repositories/elastic_elasticsearch not found. Cannot resolve parents.
2026-09-18 15:28:33,156 - ERROR - Repo path /home/frasal/Desktop/emse-analysis/repositories/cjmalloy_jasper not found. Cannot resolve parents.
2026-09-18 15:28:33,156 - ERROR - Repo path /home/frasal/Desktop/emse-analysis/repositories/cjmalloy_jasper not found. Cannot resolve parents.
2026-09-18 15:28:33,156 - ERROR - Repo path /home/frasal/Desktop/emse-analysis/repositories/cjmalloy_jasper not found. Cannot resolve parents.
2026-09-18 15:28:33,156 - ERROR - Repo path /home/frasal/Desktop/emse-analysis/repositories/elastic_elasticsearch not found. Cannot resolve parents.
2026-09-18 15:28:33,156 - ERROR - Repo path /home/frasal/Desktop/emse-analysis/repositories/cjmalloy_jasper not found. Cannot resolve parents.
2026-09-18 15:28:33,156 - ERROR - Repo path /home/frasal/Desktop/emse-analysis/repositories/openhab_openhab-core not found. Cannot resolve parents.
2026-09-18 15:28:33,156 - ERROR - Repo path /home/frasal/Desktop/emse-analysis/repositories/apache_paimon not found. Cannot resolve parents.
2026-09-18 15:28:33,156 - ERROR - Repo path /home/frasal/Desktop/emse-analysis/repositories/apache_paimon not found. Cannot resolve parents.
2026-09-18 15:28:33,156 - ERROR - Repo path /home/frasal/Desktop/emse-analysis/repositories/apache_paimon not found. Cannot resolve parents.
2026-09-18 15:28:33,156 - ERROR - Repo path /home/frasal/Desktop/emse-analysis/repositories/cjmalloy_jasper not found. Cannot resolve parents.
2026-09-18 15:28:33,156 - ERROR - Repo path /home/frasal/Desktop/emse-analysis/repositories/cjmalloy_jasper not found. Cannot resolve parents.
2026-09-18 15:28:33,156 - ERROR - Repo path /home/frasal/Desktop/emse-analysis/repositories/cjmalloy_jasper not found. Cannot resolve parents.
2026-09-18 15:28:33,156 - ERROR - Repo path /home/frasal/Desktop/emse-analysis/repositories/Azure_azure-sdk-for-java not found. Cannot resolve parents.
2026-09-18 15:28:33,156 - ERROR - Repo path /home/frasal/Desktop/emse-analysis/repositories/Azure_azure-sdk-for-java not found. Cannot resolve parents.
2026-09-18 15:28:33,156 - ERROR - Repo path /home/frasal/Desktop/emse-analysis/repositories/Azure_azure-sdk-for-java not found. Cannot resolve parents.
2026-09-18 15:28:33,157 - ERROR - Repo path /home/frasal/Desktop/emse-analysis/repositories/Azure_azure-sdk-for-java not found. Cannot resolve parents.
2026-09-18 15:28:33,157 - ERROR - Repo path /home/frasal/Desktop/emse-analysis/repositories/camunda_connectors not found. Cannot resolve parents.
2026-09-18 15:28:33,157 - ERROR - Repo path /home/frasal/Desktop/emse-analysis/repositories/elastic_elasticsearch not found. Cannot resolve parents.
2026-09-18 15:28:33,157 - ERROR - Repo path /home/frasal/Desktop/emse-analysis/repositories/deephaven_deephaven-core not found. Cannot resolve parents.
2026-09-18 15:28:33,157 - ERROR - Repo path /home/frasal/Desktop/emse-analysis/repositories/cjmalloy_jasper not found. Cannot resolve parents.
2026-09-18 15:28:33,157 - ERROR - Repo path /home/frasal/Desktop/emse-analysis/repositories/camunda_connectors not found. Cannot resolve parents.
2026-09-18 15:28:33,157 - ERROR - Repo path /home/frasal/Desktop/emse-analysis/repositories/apache_paimon not found. Cannot resolve parents.
2026-09-18 15:28:33,157 - ERROR - Repo path /home/frasal/Desktop/emse-analysis/repositories/apache_paimon not found. Cannot resolve parents.
2026-09-18 15:28:33,157 - ERROR - Repo path /home/frasal/Desktop/emse-analysis/repositories/elastic_elasticsearch not found. Cannot resolve parents.
2026-09-18 15:28:33,157 - ERROR - Repo path /home/frasal/Desktop/emse-analysis/repositories/apache_paimon not found. Cannot resolve parents.
2026-09-18 15:28:33,157 - ERROR - Repo path /home/frasal/Desktop/emse-analysis/repositories/apache_hertzbeat not found. Cannot resolve parents.
2026-09-18 15:28:33,157 - ERROR - Repo path /home/frasal/Desktop/emse-analysis/repositories/elastic_elasticsearch not found. Cannot resolve parents.
2026-09-18 15:28:33,157 - ERROR - Repo path /home/frasal/Desktop/emse-analysis/repositories/apache_paimon not found. Cannot resolve parents.
2026-09-18 15:28:33,157 - ERROR - Repo path /home/frasal/Desktop/emse-analysis/repositories/apache_paimon not found. Cannot resolve parents.
2026-09-18 15:28:33,157 - ERROR - Repo path /home/frasal/Desktop/emse-analysis/repositories/apache_paimon not found. Cannot resolve parents.
2026-09-18 15:28:33,157 - ERROR - Repo path /home/frasal/Desktop/emse-analysis/repositories/apache_paimon not found. Cannot resolve parents.
2026-09-18 15:28:33,157 - ERROR - Repo path /home/frasal/Desktop/emse-analysis/repositories/elastic_elasticsearch not found. Cannot resolve parents.
2026-09-18 15:28:33,157 - ERROR - Repo path /home/frasal/Desktop/emse-analysis/repositories/apache_paimon not found. Cannot resolve parents.
2026-09-18 15:28:33,157 - ERROR - Repo path /home/frasal/Desktop/emse-analysis/repositories/elastic_elasticsearch not found. Cannot resolve parents.
2026-09-18 15:28:33,157 - ERROR - Repo path /home/frasal/Desktop/emse-analysis/repositories/apache_paimon not found. Cannot resolve parents.
2026-09-18 15:28:33,157 - ERROR - Repo path /home/frasal/Desktop/emse-analysis/repositories/apache_paimon not found. Cannot resolve parents.
2026-09-18 15:28:33,157 - ERROR - Repo path /home/frasal/Desktop/emse-analysis/repositories/apache_paimon not found. Cannot resolve parents.
2026-09-18 15:28:33,157 - ERROR - Repo path /home/frasal/Desktop/emse-analysis/repositories/apache_paimon not found. Cannot resolve parents.
2026-09-18 15:28:33,157 - ERROR - Repo path /home/frasal/Desktop/emse-analysis/repositories/apache_paimon not found. Cannot resolve parents.
2026-09-18 15:28:33,158 - ERROR - Repo path /home/frasal/Desktop/emse-analysis/repositories/apache_paimon not found. Cannot resolve parents.
2026-09-18 15:28:33,158 - ERROR - Repo path /home/frasal/Desktop/emse-analysis/repositories/apache_paimon not found. Cannot resolve parents.
2026-09-18 15:28:33,158 - ERROR - Repo path /home/frasal/Desktop/emse-analysis/repositories/apache_paimon not found. Cannot resolve parents.
2026-09-18 15:28:33,158 - ERROR - Repo path /home/frasal/Desktop/emse-analysis/repositories/camunda_connectors not found. Cannot resolve parents.
2026-09-18 15:28:33,158 - ERROR - Repo path /home/frasal/Desktop/emse-analysis/repositories/apache_paimon not found. Cannot resolve parents.
2026-09-18 15:28:33,158 - ERROR - Repo path /home/frasal/Desktop/emse-analysis/repositories/apache_hertzbeat not found. Cannot resolve parents.
2026-09-18 15:28:33,158 - ERROR - Repo path /home/frasal/Desktop/emse-analysis/repositories/elastic_elasticsearch not found. Cannot resolve parents.
2026-09-18 15:28:33,158 - ERROR - Repo path /home/frasal/Desktop/emse-analysis/repositories/apache_paimon not found. Cannot resolve parents.
2026-09-18 15:28:33,158 - ERROR - Repo path /home/frasal/Desktop/emse-analysis/repositories/elastic_elasticsearch not found. Cannot resolve parents.
2026-09-18 15:28:33,158 - ERROR - Repo path /home/frasal/Desktop/emse-analysis/repositories/apache_paimon not found. Cannot resolve parents.
2026-09-18 15:28:33,158 - ERROR - Repo path /home/frasal/Desktop/emse-analysis/repositories/apache_hertzbeat not found. Cannot resolve parents.
2026-09-18 15:28:33,158 - ERROR - Repo path /home/frasal/Desktop/emse-analysis/repositories/apache_hertzbeat not found. Cannot resolve parents.
2026-09-18 15:28:33,158 - ERROR - Repo path /home/frasal/Desktop/emse-analysis/repositories/apache_paimon not found. Cannot resolve parents.
2026-09-18 15:28:33,158 - ERROR - Repo path /home/frasal/Desktop/emse-analysis/repositories/apache_paimon not found. Cannot resolve parents.
2026-09-18 15:28:33,158 - ERROR - Repo path /home/frasal/Desktop/emse-analysis/repositories/apache_paimon not found. Cannot resolve parents.
2026-09-18 15:28:33,158 - ERROR - Repo path /home/frasal/Desktop/emse-analysis/repositories/apache_paimon not found. Cannot resolve parents.
2026-09-18 15:28:33,158 - ERROR - Repo path /home/frasal/Desktop/emse-analysis/repositories/apache_paimon not found. Cannot resolve parents.
2026-09-18 15:28:33,158 - ERROR - Repo path /home/frasal/Desktop/emse-analysis/repositories/apache_hertzbeat not found. Cannot resolve parents.
2026-09-18 15:28:33,158 - ERROR - Repo path /home/frasal/Desktop/emse-analysis/repositories/apache_hertzbeat not found. Cannot resolve parents.
2026-09-18 15:28:33,158 - ERROR - Repo path /home/frasal/Desktop/emse-analysis/repositories/elastic_elasticsearch not found. Cannot resolve parents.
2026-09-18 15:28:33,158 - ERROR - Repo path /home/frasal/Desktop/emse-analysis/repositories/apache_paimon not found. Cannot resolve parents.
2026-09-18 15:28:33,158 - ERROR - Repo path /home/frasal/Desktop/emse-analysis/repositories/apache_paimon not found. Cannot resolve parents.
2026-09-18 15:28:33,158 - ERROR - Repo path /home/frasal/Desktop/emse-analysis/repositories/apache_hertzbeat not found. Cannot resolve parents.
2026-09-18 15:28:33,158 - ERROR - Repo path /home/frasal/Desktop/emse-analysis/repositories/apache_hertzbeat not found. Cannot resolve parents.
2026-09-18 15:28:33,158 - ERROR - Repo path /home/frasal/Desktop/emse-analysis/repositories/apache_hertzbeat not found. Cannot resolve parents.
2026-09-18 15:28:33,159 - ERROR - Repo path /home/frasal/Desktop/emse-analysis/repositories/apache_hertzbeat not found. Cannot resolve parents.
2026-09-18 15:28:33,159 - ERROR - Repo path /home/frasal/Desktop/emse-analysis/repositories/apache_hertzbeat not found. Cannot resolve parents.
2026-09-18 15:28:33,159 - ERROR - Repo path /home/frasal/Desktop/emse-analysis/repositories/apache_paimon not found. Cannot resolve parents.
2026-09-18 15:28:33,159 - ERROR - Repo path /home/frasal/Desktop/emse-analysis/repositories/apache_paimon not found. Cannot resolve parents.
2026-09-18 15:28:33,159 - ERROR - Repo path /home/frasal/Desktop/emse-analysis/repositories/elastic_elasticsearch not found. Cannot resolve parents.
2026-09-18 15:28:33,159 - ERROR - Repo path /home/frasal/Desktop/emse-analysis/repositories/apache_hertzbeat not found. Cannot resolve parents.
2026-09-18 15:28:33,159 - ERROR - Repo path /home/frasal/Desktop/emse-analysis/repositories/elastic_elasticsearch not found. Cannot resolve parents.
2026-09-18 15:28:33,159 - ERROR - Repo path /home/frasal/Desktop/emse-analysis/repositories/apache_paimon not found. Cannot resolve parents.
2026-09-18 15:28:33,159 - ERROR - Repo path /home/frasal/Desktop/emse-analysis/repositories/elastic_elasticsearch not found. Cannot resolve parents.
2026-09-18 15:28:33,159 - ERROR - Repo path /home/frasal/Desktop/emse-analysis/repositories/apache_paimon not found. Cannot resolve parents.
2026-09-18 15:28:33,159 - ERROR - Repo path /home/frasal/Desktop/emse-analysis/repositories/apache_hertzbeat not found. Cannot resolve parents.
2026-09-18 15:28:33,159 - ERROR - Repo path /home/frasal/Desktop/emse-analysis/repositories/apache_paimon not found. Cannot resolve parents.
2026-09-18 15:28:33,159 - ERROR - Repo path /home/frasal/Desktop/emse-analysis/repositories/apache_paimon not found. Cannot resolve parents.
2026-09-18 15:28:33,159 - ERROR - Repo path /home/frasal/Desktop/emse-analysis/repositories/apache_paimon not found. Cannot resolve parents.
2026-09-18 15:28:33,159 - ERROR - Repo path /home/frasal/Desktop/emse-analysis/repositories/apache_paimon not found. Cannot resolve parents.
2026-09-18 15:28:33,159 - ERROR - Repo path /home/frasal/Desktop/emse-analysis/repositories/BentoBoxWorld_BentoBox not found. Cannot resolve parents.
2026-09-18 15:28:33,159 - ERROR - Repo path /home/frasal/Desktop/emse-analysis/repositories/apache_paimon not found. Cannot resolve parents.
2026-09-18 15:28:33,159 - ERROR - Repo path /home/frasal/Desktop/emse-analysis/repositories/apache_paimon not found. Cannot resolve parents.
2026-09-18 15:28:33,159 - ERROR - Repo path /home/frasal/Desktop/emse-analysis/repositories/elastic_elasticsearch not found. Cannot resolve parents.
2026-09-18 15:28:33,159 - ERROR - Repo path /home/frasal/Desktop/emse-analysis/repositories/apache_paimon not found. Cannot resolve parents.
2026-09-18 15:28:33,159 - ERROR - Repo path /home/frasal/Desktop/emse-analysis/repositories/apache_hertzbeat not found. Cannot resolve parents.
2026-09-18 15:28:33,159 - ERROR - Repo path /home/frasal/Desktop/emse-analysis/repositories/apache_hertzbeat not found. Cannot resolve parents.
2026-09-18 15:28:33,159 - ERROR - Repo path /home/frasal/Desktop/emse-analysis/repositories/elastic_elasticsearch not found. Cannot resolve parents.
2026-09-18 15:28:33,159 - ERROR - Repo path /home/frasal/Desktop/emse-analysis/repositories/apache_hertzbeat not found. Cannot resolve parents.
2026-09-18 15:28:33,159 - ERROR - Repo path /home/frasal/Desktop/emse-analysis/repositories/apache_hertzbeat not found. Cannot resolve parents.
2026-09-18 15:28:33,160 - ERROR - Repo path /home/frasal/Desktop/emse-analysis/repositories/apache_paimon not found. Cannot resolve parents.
2026-09-18 15:28:33,160 - ERROR - Repo path /home/frasal/Desktop/emse-analysis/repositories/apache_paimon not found. Cannot resolve parents.
2026-09-18 15:28:33,160 - ERROR - Repo path /home/frasal/Desktop/emse-analysis/repositories/apache_paimon not found. Cannot resolve parents.
2026-09-18 15:28:33,160 - ERROR - Repo path /home/frasal/Desktop/emse-analysis/repositories/apache_paimon not found. Cannot resolve parents.
2026-09-18 15:28:33,160 - ERROR - Repo path /home/frasal/Desktop/emse-analysis/repositories/apache_paimon not found. Cannot resolve parents.
2026-09-18 15:28:33,160 - ERROR - Repo path /home/frasal/Desktop/emse-analysis/repositories/apache_paimon not found. Cannot resolve parents.
2026-09-18 15:28:33,160 - ERROR - Repo path /home/frasal/Desktop/emse-analysis/repositories/themancalledzac_edens.zac.backend not found. Cannot resolve parents.
2026-09-18 15:28:33,160 - ERROR - Repo path /home/frasal/Desktop/emse-analysis/repositories/themancalledzac_edens.zac.backend not found. Cannot resolve parents.
2026-09-18 15:28:33,160 - ERROR - Repo path /home/frasal/Desktop/emse-analysis/repositories/apache_paimon not found. Cannot resolve parents.
2026-09-18 15:28:33,160 - ERROR - Repo path /home/frasal/Desktop/emse-analysis/repositories/apache_paimon not found. Cannot resolve parents.
2026-09-18 15:28:33,160 - ERROR - Repo path /home/frasal/Desktop/emse-analysis/repositories/apache_paimon not found. Cannot resolve parents.
2026-09-18 15:28:33,160 - ERROR - Repo path /home/frasal/Desktop/emse-analysis/repositories/apache_paimon not found. Cannot resolve parents.
2026-09-18 15:28:33,160 - ERROR - Repo path /home/frasal/Desktop/emse-analysis/repositories/apache_paimon not found. Cannot resolve parents.
2026-09-18 15:28:33,160 - ERROR - Repo path /home/frasal/Desktop/emse-analysis/repositories/Azure_azure-sdk-for-java not found. Cannot resolve parents.
2026-09-18 15:28:33,160 - ERROR - Repo path /home/frasal/Desktop/emse-analysis/repositories/elastic_elasticsearch not found. Cannot resolve parents.
2026-09-18 15:28:33,160 - ERROR - Repo path /home/frasal/Desktop/emse-analysis/repositories/elastic_elasticsearch not found. Cannot resolve parents.
2026-09-18 15:28:33,160 - ERROR - Repo path /home/frasal/Desktop/emse-analysis/repositories/camunda_camunda not found. Cannot resolve parents.
2026-09-18 15:28:33,160 - ERROR - Repo path /home/frasal/Desktop/emse-analysis/repositories/apache_paimon not found. Cannot resolve parents.
2026-09-18 15:28:33,160 - ERROR - Repo path /home/frasal/Desktop/emse-analysis/repositories/apache_paimon not found. Cannot resolve parents.
2026-09-18 15:28:33,160 - ERROR - Repo path /home/frasal/Desktop/emse-analysis/repositories/apache_paimon not found. Cannot resolve parents.
2026-09-18 15:28:33,160 - ERROR - Repo path /home/frasal/Desktop/emse-analysis/repositories/apache_paimon not found. Cannot resolve parents.
2026-09-18 15:28:33,160 - ERROR - Repo path /home/frasal/Desktop/emse-analysis/repositories/apache_paimon not found. Cannot resolve parents.
2026-09-18 15:28:33,160 - ERROR - Repo path /home/frasal/Desktop/emse-analysis/repositories/apache_paimon not found. Cannot resolve parents.
2026-09-18 15:28:33,160 - ERROR - Repo path /home/frasal/Desktop/emse-analysis/repositories/Azure_azure-sdk-for-java not found. Cannot resolve parents.
2026-09-18 15:28:33,160 - ERROR - Repo path /home/frasal/Desktop/emse-analysis/repositories/Azure_azure-sdk-for-java not found. Cannot resolve parents.
2026-09-18 15:28:33,161 - ERROR - Repo path /home/frasal/Desktop/emse-analysis/repositories/elastic_elasticsearch not found. Cannot resolve parents.
2026-09-18 15:28:33,161 - ERROR - Repo path /home/frasal/Desktop/emse-analysis/repositories/apache_paimon not found. Cannot resolve parents.
2026-09-18 15:28:33,161 - ERROR - Repo path /home/frasal/Desktop/emse-analysis/repositories/apache_paimon not found. Cannot resolve parents.
2026-09-18 15:28:33,161 - ERROR - Repo path /home/frasal/Desktop/emse-analysis/repositories/elastic_elasticsearch not found. Cannot resolve parents.
2026-09-18 15:28:33,161 - ERROR - Repo path /home/frasal/Desktop/emse-analysis/repositories/apache_paimon not found. Cannot resolve parents.
2026-09-18 15:28:33,161 - ERROR - Repo path /home/frasal/Desktop/emse-analysis/repositories/apache_paimon not found. Cannot resolve parents.
2026-09-18 15:28:33,161 - ERROR - Repo path /home/frasal/Desktop/emse-analysis/repositories/elastic_elasticsearch not found. Cannot resolve parents.
2026-09-18 15:28:33,161 - ERROR - Repo path /home/frasal/Desktop/emse-analysis/repositories/Azure_azure-sdk-for-java not found. Cannot resolve parents.
2026-09-18 15:28:33,161 - ERROR - Repo path /home/frasal/Desktop/emse-analysis/repositories/eclipse-tycho_tycho not found. Cannot resolve parents.
2026-09-18 15:28:33,161 - ERROR - Repo path /home/frasal/Desktop/emse-analysis/repositories/apache_paimon not found. Cannot resolve parents.
2026-09-18 15:28:33,161 - ERROR - Repo path /home/frasal/Desktop/emse-analysis/repositories/apache_paimon not found. Cannot resolve parents.
2026-09-18 15:28:33,161 - ERROR - Repo path /home/frasal/Desktop/emse-analysis/repositories/apache_paimon not found. Cannot resolve parents.
2026-09-18 15:28:33,161 - ERROR - Repo path /home/frasal/Desktop/emse-analysis/repositories/elastic_elasticsearch not found. Cannot resolve parents.
2026-09-18 15:28:33,161 - ERROR - Repo path /home/frasal/Desktop/emse-analysis/repositories/apache_paimon not found. Cannot resolve parents.
2026-09-18 15:28:33,161 - ERROR - Repo path /home/frasal/Desktop/emse-analysis/repositories/apache_paimon not found. Cannot resolve parents.
2026-09-18 15:28:33,161 - ERROR - Repo path /home/frasal/Desktop/emse-analysis/repositories/apache_paimon not found. Cannot resolve parents.
2026-09-18 15:28:33,161 - ERROR - Repo path /home/frasal/Desktop/emse-analysis/repositories/vaadin_hilla not found. Cannot resolve parents.
2026-09-18 15:28:33,161 - ERROR - Repo path /home/frasal/Desktop/emse-analysis/repositories/apache_paimon not found. Cannot resolve parents.
2026-09-18 15:28:33,161 - ERROR - Repo path /home/frasal/Desktop/emse-analysis/repositories/apache_paimon not found. Cannot resolve parents.
2026-09-18 15:28:33,161 - ERROR - Repo path /home/frasal/Desktop/emse-analysis/repositories/apache_paimon not found. Cannot resolve parents.
2026-09-18 15:28:33,161 - ERROR - Repo path /home/frasal/Desktop/emse-analysis/repositories/apache_paimon not found. Cannot resolve parents.
2026-09-18 15:28:33,161 - ERROR - Repo path /home/frasal/Desktop/emse-analysis/repositories/themancalledzac_edens.zac.backend not found. Cannot resolve parents.
2026-09-18 15:28:33,161 - ERROR - Repo path /home/frasal/Desktop/emse-analysis/repositories/themancalledzac_edens.zac.backend not found. Cannot resolve parents.
2026-09-18 15:28:33,161 - ERROR - Repo path /home/frasal/Desktop/emse-analysis/repositories/themancalledzac_edens.zac.backend not found. Cannot resolve parents.
2026-09-18 15:28:33,161 - ERROR - Repo path /home/frasal/Desktop/emse-analysis/repositories/apache_paimon not found. Cannot resolve parents.
2026-09-18 15:28:33,162 - ERROR - Repo path /home/frasal/Desktop/emse-analysis/repositories/apache_paimon not found. Cannot resolve parents.
2026-09-18 15:28:33,162 - ERROR - Repo path /home/frasal/Desktop/emse-analysis/repositories/apache_paimon not found. Cannot resolve parents.
2026-09-18 15:28:33,162 - ERROR - Repo path /home/frasal/Desktop/emse-analysis/repositories/apache_paimon not found. Cannot resolve parents.
2026-09-18 15:28:33,162 - ERROR - Repo path /home/frasal/Desktop/emse-analysis/repositories/apache_paimon not found. Cannot resolve parents.
2026-09-18 15:28:33,162 - ERROR - Repo path /home/frasal/Desktop/emse-analysis/repositories/apache_paimon not found. Cannot resolve parents.
2026-09-18 15:28:33,162 - ERROR - Repo path /home/frasal/Desktop/emse-analysis/repositories/apache_shardingsphere not found. Cannot resolve parents.
2026-09-18 15:28:33,162 - ERROR - Repo path /home/frasal/Desktop/emse-analysis/repositories/apache_paimon not found. Cannot resolve parents.
2026-09-18 15:28:33,162 - ERROR - Repo path /home/frasal/Desktop/emse-analysis/repositories/apache_paimon not found. Cannot resolve parents.
2026-09-18 15:28:33,162 - ERROR - Repo path /home/frasal/Desktop/emse-analysis/repositories/apache_paimon not found. Cannot resolve parents.
2026-09-18 15:28:33,162 - ERROR - Repo path /home/frasal/Desktop/emse-analysis/repositories/vaadin_hilla not found. Cannot resolve parents.
2026-09-18 15:28:33,162 - ERROR - Repo path /home/frasal/Desktop/emse-analysis/repositories/elastic_elasticsearch not found. Cannot resolve parents.
2026-09-18 15:28:33,162 - ERROR - Repo path /home/frasal/Desktop/emse-analysis/repositories/apache_paimon not found. Cannot resolve parents.
2026-09-18 15:28:33,162 - ERROR - Repo path /home/frasal/Desktop/emse-analysis/repositories/apache_paimon not found. Cannot resolve parents.
2026-09-18 15:28:33,162 - ERROR - Repo path /home/frasal/Desktop/emse-analysis/repositories/apache_paimon not found. Cannot resolve parents.
2026-09-18 15:28:33,162 - ERROR - Repo path /home/frasal/Desktop/emse-analysis/repositories/apache_paimon not found. Cannot resolve parents.
2026-09-18 15:28:33,162 - ERROR - Repo path /home/frasal/Desktop/emse-analysis/repositories/elastic_elasticsearch not found. Cannot resolve parents.
2026-09-18 15:28:33,162 - ERROR - Repo path /home/frasal/Desktop/emse-analysis/repositories/elastic_elasticsearch not found. Cannot resolve parents.
2026-09-18 15:28:33,162 - ERROR - Repo path /home/frasal/Desktop/emse-analysis/repositories/elastic_elasticsearch not found. Cannot resolve parents.
2026-09-18 15:28:33,162 - ERROR - Repo path /home/frasal/Desktop/emse-analysis/repositories/apache_paimon not found. Cannot resolve parents.
2026-09-18 15:28:33,162 - ERROR - Repo path /home/frasal/Desktop/emse-analysis/repositories/apache_paimon not found. Cannot resolve parents.
2026-09-18 15:28:33,162 - ERROR - Repo path /home/frasal/Desktop/emse-analysis/repositories/elastic_elasticsearch not found. Cannot resolve parents.
2026-09-18 15:28:33,162 - ERROR - Repo path /home/frasal/Desktop/emse-analysis/repositories/elastic_elasticsearch not found. Cannot resolve parents.
2026-09-18 15:28:33,162 - ERROR - Repo path /home/frasal/Desktop/emse-analysis/repositories/apache_paimon not found. Cannot resolve parents.
2026-09-18 15:28:33,162 - ERROR - Repo path /home/frasal/Desktop/emse-analysis/repositories/elastic_elasticsearch not found. Cannot resolve parents.
2026-09-18 15:28:33,162 - ERROR - Repo path /home/frasal/Desktop/emse-analysis/repositories/BentoBoxWorld_BentoBox not found. Cannot resolve parents.
2026-09-18 15:28:33,163 - ERROR - Repo path /home/frasal/Desktop/emse-analysis/repositories/elastic_elasticsearch not found. Cannot resolve parents.
2026-09-18 15:28:33,163 - ERROR - Repo path /home/frasal/Desktop/emse-analysis/repositories/apache_paimon not found. Cannot resolve parents.
2026-09-18 15:28:33,163 - ERROR - Repo path /home/frasal/Desktop/emse-analysis/repositories/apache_paimon not found. Cannot resolve parents.
2026-09-18 15:28:33,163 - ERROR - Repo path /home/frasal/Desktop/emse-analysis/repositories/eclipse-platform_eclipse.platform.swt not found. Cannot resolve parents.
2026-09-18 15:28:33,163 - ERROR - Repo path /home/frasal/Desktop/emse-analysis/repositories/elastic_elasticsearch not found. Cannot resolve parents.
2026-09-18 15:28:33,163 - ERROR - Repo path /home/frasal/Desktop/emse-analysis/repositories/apache_paimon not found. Cannot resolve parents.
2026-09-18 15:28:33,163 - ERROR - Repo path /home/frasal/Desktop/emse-analysis/repositories/vaadin_hilla not found. Cannot resolve parents.
2026-09-18 15:28:33,163 - ERROR - Repo path /home/frasal/Desktop/emse-analysis/repositories/apache_paimon not found. Cannot resolve parents.
2026-09-18 15:28:33,163 - ERROR - Repo path /home/frasal/Desktop/emse-analysis/repositories/elastic_elasticsearch not found. Cannot resolve parents.
2026-09-18 15:28:33,163 - ERROR - Repo path /home/frasal/Desktop/emse-analysis/repositories/apache_paimon not found. Cannot resolve parents.
2026-09-18 15:28:33,163 - ERROR - Repo path /home/frasal/Desktop/emse-analysis/repositories/apache_paimon not found. Cannot resolve parents.
2026-09-18 15:28:33,163 - ERROR - Repo path /home/frasal/Desktop/emse-analysis/repositories/apache_paimon not found. Cannot resolve parents.
2026-09-18 15:28:33,163 - ERROR - Repo path /home/frasal/Desktop/emse-analysis/repositories/eclipse-platform_eclipse.platform.swt not found. Cannot resolve parents.
2026-09-18 15:28:33,163 - ERROR - Repo path /home/frasal/Desktop/emse-analysis/repositories/camunda_connectors not found. Cannot resolve parents.
2026-09-18 15:28:33,163 - ERROR - Repo path /home/frasal/Desktop/emse-analysis/repositories/apache_paimon not found. Cannot resolve parents.
2026-09-18 15:28:33,163 - ERROR - Repo path /home/frasal/Desktop/emse-analysis/repositories/elastic_elasticsearch not found. Cannot resolve parents.
2026-09-18 15:28:33,163 - ERROR - Repo path /home/frasal/Desktop/emse-analysis/repositories/eclipse-platform_eclipse.platform.swt not found. Cannot resolve parents.
2026-09-18 15:28:33,163 - ERROR - Repo path /home/frasal/Desktop/emse-analysis/repositories/eclipse-platform_eclipse.platform.swt not found. Cannot resolve parents.
2026-09-18 15:28:33,163 - ERROR - Repo path /home/frasal/Desktop/emse-analysis/repositories/apache_paimon not found. Cannot resolve parents.
2026-09-18 15:28:33,163 - ERROR - Repo path /home/frasal/Desktop/emse-analysis/repositories/apache_paimon not found. Cannot resolve parents.
2026-09-18 15:28:33,163 - ERROR - Repo path /home/frasal/Desktop/emse-analysis/repositories/elastic_elasticsearch not found. Cannot resolve parents.
2026-09-18 15:28:33,163 - ERROR - Repo path /home/frasal/Desktop/emse-analysis/repositories/elastic_elasticsearch not found. Cannot resolve parents.
2026-09-18 15:28:33,163 - ERROR - Repo path /home/frasal/Desktop/emse-analysis/repositories/elastic_elasticsearch not found. Cannot resolve parents.
2026-09-18 15:28:33,163 - ERROR - Repo path /home/frasal/Desktop/emse-analysis/repositories/apache_paimon not found. Cannot resolve parents.
2026-09-18 15:28:33,163 - ERROR - Repo path /home/frasal/Desktop/emse-analysis/repositories/eclipse-platform_eclipse.platform.swt not found. Cannot resolve parents.
2026-09-18 15:28:33,164 - ERROR - Repo path /home/frasal/Desktop/emse-analysis/repositories/elastic_elasticsearch not found. Cannot resolve parents.
2026-09-18 15:28:33,164 - ERROR - Repo path /home/frasal/Desktop/emse-analysis/repositories/eclipse-platform_eclipse.platform.swt not found. Cannot resolve parents.
2026-09-18 15:28:33,164 - ERROR - Repo path /home/frasal/Desktop/emse-analysis/repositories/eclipse-platform_eclipse.platform.swt not found. Cannot resolve parents.
2026-09-18 15:28:33,164 - ERROR - Repo path /home/frasal/Desktop/emse-analysis/repositories/elastic_elasticsearch not found. Cannot resolve parents.
2026-09-18 15:28:33,164 - ERROR - Repo path /home/frasal/Desktop/emse-analysis/repositories/apache_paimon not found. Cannot resolve parents.
2026-09-18 15:28:33,164 - ERROR - Repo path /home/frasal/Desktop/emse-analysis/repositories/apache_paimon not found. Cannot resolve parents.
2026-09-18 15:28:33,164 - ERROR - Repo path /home/frasal/Desktop/emse-analysis/repositories/apache_paimon not found. Cannot resolve parents.
2026-09-18 15:28:33,164 - ERROR - Repo path /home/frasal/Desktop/emse-analysis/repositories/apache_paimon not found. Cannot resolve parents.
2026-09-18 15:28:33,164 - ERROR - Repo path /home/frasal/Desktop/emse-analysis/repositories/elastic_elasticsearch not found. Cannot resolve parents.
2026-09-18 15:28:33,164 - ERROR - Repo path /home/frasal/Desktop/emse-analysis/repositories/eclipse-platform_eclipse.platform.swt not found. Cannot resolve parents.
2026-09-18 15:28:33,164 - ERROR - Repo path /home/frasal/Desktop/emse-analysis/repositories/apache_paimon not found. Cannot resolve parents.
2026-09-18 15:28:33,164 - ERROR - Repo path /home/frasal/Desktop/emse-analysis/repositories/apache_paimon not found. Cannot resolve parents.
2026-09-18 15:28:33,164 - ERROR - Repo path /home/frasal/Desktop/emse-analysis/repositories/eclipse-platform_eclipse.platform.swt not found. Cannot resolve parents.
2026-09-18 15:28:33,164 - ERROR - Repo path /home/frasal/Desktop/emse-analysis/repositories/elastic_elasticsearch not found. Cannot resolve parents.
2026-09-18 15:28:33,164 - ERROR - Repo path /home/frasal/Desktop/emse-analysis/repositories/elastic_elasticsearch not found. Cannot resolve parents.
2026-09-18 15:28:33,164 - ERROR - Repo path /home/frasal/Desktop/emse-analysis/repositories/elastic_elasticsearch not found. Cannot resolve parents.
2026-09-18 15:28:33,164 - ERROR - Repo path /home/frasal/Desktop/emse-analysis/repositories/camunda_connectors not found. Cannot resolve parents.
2026-09-18 15:28:33,164 - ERROR - Repo path /home/frasal/Desktop/emse-analysis/repositories/apache_paimon not found. Cannot resolve parents.
2026-09-18 15:28:33,164 - ERROR - Repo path /home/frasal/Desktop/emse-analysis/repositories/apache_paimon not found. Cannot resolve parents.
2026-09-18 15:28:33,164 - ERROR - Repo path /home/frasal/Desktop/emse-analysis/repositories/elastic_elasticsearch not found. Cannot resolve parents.
2026-09-18 15:28:33,164 - ERROR - Repo path /home/frasal/Desktop/emse-analysis/repositories/eclipse-platform_eclipse.platform.swt not found. Cannot resolve parents.
2026-09-18 15:28:33,164 - ERROR - Repo path /home/frasal/Desktop/emse-analysis/repositories/eclipse-platform_eclipse.platform.swt not found. Cannot resolve parents.
2026-09-18 15:28:33,164 - ERROR - Repo path /home/frasal/Desktop/emse-analysis/repositories/eclipse-platform_eclipse.platform.swt not found. Cannot resolve parents.
2026-09-18 15:28:33,164 - ERROR - Repo path /home/frasal/Desktop/emse-analysis/repositories/elastic_elasticsearch not found. Cannot resolve parents.
2026-09-18 15:28:33,165 - ERROR - Repo path /home/frasal/Desktop/emse-analysis/repositories/apache_paimon not found. Cannot resolve parents.
2026-09-18 15:28:33,165 - ERROR - Repo path /home/frasal/Desktop/emse-analysis/repositories/apache_paimon not found. Cannot resolve parents.
2026-09-18 15:28:33,165 - ERROR - Repo path /home/frasal/Desktop/emse-analysis/repositories/apache_paimon not found. Cannot resolve parents.
2026-09-18 15:28:33,165 - ERROR - Repo path /home/frasal/Desktop/emse-analysis/repositories/eclipse-platform_eclipse.platform.swt not found. Cannot resolve parents.
2026-09-18 15:28:33,165 - ERROR - Repo path /home/frasal/Desktop/emse-analysis/repositories/eclipse-platform_eclipse.platform.swt not found. Cannot resolve parents.
2026-09-18 15:28:33,165 - ERROR - Repo path /home/frasal/Desktop/emse-analysis/repositories/eclipse-platform_eclipse.platform.swt not found. Cannot resolve parents.
2026-09-18 15:28:33,165 - ERROR - Repo path /home/frasal/Desktop/emse-analysis/repositories/eclipse-platform_eclipse.platform.swt not found. Cannot resolve parents.
2026-09-18 15:28:33,165 - ERROR - Repo path /home/frasal/Desktop/emse-analysis/repositories/eclipse-platform_eclipse.platform.swt not found. Cannot resolve parents.
2026-09-18 15:28:33,165 - ERROR - Repo path /home/frasal/Desktop/emse-analysis/repositories/elastic_elasticsearch not found. Cannot resolve parents.
2026-09-18 15:28:33,165 - ERROR - Repo path /home/frasal/Desktop/emse-analysis/repositories/apache_paimon not found. Cannot resolve parents.
2026-09-18 15:28:33,165 - ERROR - Repo path /home/frasal/Desktop/emse-analysis/repositories/apache_paimon not found. Cannot resolve parents.
2026-09-18 15:28:33,165 - ERROR - Repo path /home/frasal/Desktop/emse-analysis/repositories/eclipse-platform_eclipse.platform.swt not found. Cannot resolve parents.
2026-09-18 15:28:33,165 - ERROR - Repo path /home/frasal/Desktop/emse-analysis/repositories/paulofor_marketing-hub not found. Cannot resolve parents.
2026-09-18 15:28:33,165 - ERROR - Repo path /home/frasal/Desktop/emse-analysis/repositories/elastic_elasticsearch not found. Cannot resolve parents.
2026-09-18 15:28:33,165 - ERROR - Repo path /home/frasal/Desktop/emse-analysis/repositories/elastic_elasticsearch not found. Cannot resolve parents.
2026-09-18 15:28:33,165 - ERROR - Repo path /home/frasal/Desktop/emse-analysis/repositories/elastic_elasticsearch not found. Cannot resolve parents.
2026-09-18 15:28:33,165 - ERROR - Repo path /home/frasal/Desktop/emse-analysis/repositories/apache_paimon not found. Cannot resolve parents.
2026-09-18 15:28:33,165 - ERROR - Repo path /home/frasal/Desktop/emse-analysis/repositories/apache_paimon not found. Cannot resolve parents.
2026-09-18 15:28:33,165 - ERROR - Repo path /home/frasal/Desktop/emse-analysis/repositories/elastic_elasticsearch not found. Cannot resolve parents.
2026-09-18 15:28:33,165 - ERROR - Repo path /home/frasal/Desktop/emse-analysis/repositories/eclipse-platform_eclipse.platform.swt not found. Cannot resolve parents.
2026-09-18 15:28:33,165 - ERROR - Repo path /home/frasal/Desktop/emse-analysis/repositories/camunda_connectors not found. Cannot resolve parents.
2026-09-18 15:28:33,165 - ERROR - Repo path /home/frasal/Desktop/emse-analysis/repositories/eclipse-platform_eclipse.platform.swt not found. Cannot resolve parents.
2026-09-18 15:28:33,165 - ERROR - Repo path /home/frasal/Desktop/emse-analysis/repositories/apache_shardingsphere not found. Cannot resolve parents.
2026-09-18 15:28:33,165 - ERROR - Repo path /home/frasal/Desktop/emse-analysis/repositories/apache_paimon not found. Cannot resolve parents.
2026-09-18 15:28:33,165 - ERROR - Repo path /home/frasal/Desktop/emse-analysis/repositories/elastic_elasticsearch not found. Cannot resolve parents.
2026-09-18 15:28:33,166 - ERROR - Repo path /home/frasal/Desktop/emse-analysis/repositories/eclipse-platform_eclipse.platform.swt not found. Cannot resolve parents.
2026-09-18 15:28:33,166 - ERROR - Repo path /home/frasal/Desktop/emse-analysis/repositories/apache_shardingsphere not found. Cannot resolve parents.
2026-09-18 15:28:33,166 - ERROR - Repo path /home/frasal/Desktop/emse-analysis/repositories/eclipse-platform_eclipse.platform.swt not found. Cannot resolve parents.
2026-09-18 15:28:33,166 - ERROR - Repo path /home/frasal/Desktop/emse-analysis/repositories/eclipse-platform_eclipse.platform.swt not found. Cannot resolve parents.
2026-09-18 15:28:33,166 - ERROR - Repo path /home/frasal/Desktop/emse-analysis/repositories/apache_paimon not found. Cannot resolve parents.
2026-09-18 15:28:33,166 - ERROR - Repo path /home/frasal/Desktop/emse-analysis/repositories/apache_paimon not found. Cannot resolve parents.
2026-09-18 15:28:33,166 - ERROR - Repo path /home/frasal/Desktop/emse-analysis/repositories/camunda_connectors not found. Cannot resolve parents.
2026-09-18 15:28:33,166 - ERROR - Repo path /home/frasal/Desktop/emse-analysis/repositories/apache_shardingsphere not found. Cannot resolve parents.
2026-09-18 15:28:33,166 - ERROR - Repo path /home/frasal/Desktop/emse-analysis/repositories/apache_paimon not found. Cannot resolve parents.
2026-09-18 15:28:33,166 - ERROR - Repo path /home/frasal/Desktop/emse-analysis/repositories/eclipse-platform_eclipse.platform.swt not found. Cannot resolve parents.
2026-09-18 15:28:33,166 - ERROR - Repo path /home/frasal/Desktop/emse-analysis/repositories/elastic_elasticsearch not found. Cannot resolve parents.
2026-09-18 15:28:33,166 - ERROR - Repo path /home/frasal/Desktop/emse-analysis/repositories/elastic_elasticsearch not found. Cannot resolve parents.
2026-09-18 15:28:33,166 - ERROR - Repo path /home/frasal/Desktop/emse-analysis/repositories/eclipse-platform_eclipse.platform.swt not found. Cannot resolve parents.
2026-09-18 15:28:33,166 - ERROR - Repo path /home/frasal/Desktop/emse-analysis/repositories/eclipse-platform_eclipse.platform.swt not found. Cannot resolve parents.
2026-09-18 15:28:33,166 - ERROR - Repo path /home/frasal/Desktop/emse-analysis/repositories/elastic_elasticsearch not found. Cannot resolve parents.
2026-09-18 15:28:33,166 - ERROR - Repo path /home/frasal/Desktop/emse-analysis/repositories/elastic_elasticsearch not found. Cannot resolve parents.
2026-09-18 15:28:33,166 - ERROR - Repo path /home/frasal/Desktop/emse-analysis/repositories/apache_paimon not found. Cannot resolve parents.
2026-09-18 15:28:33,166 - ERROR - Repo path /home/frasal/Desktop/emse-analysis/repositories/apache_paimon not found. Cannot resolve parents.
2026-09-18 15:28:33,166 - ERROR - Repo path /home/frasal/Desktop/emse-analysis/repositories/kubernetes-client_java not found. Cannot resolve parents.
2026-09-18 15:28:33,166 - ERROR - Repo path /home/frasal/Desktop/emse-analysis/repositories/elastic_elasticsearch not found. Cannot resolve parents.
2026-09-18 15:28:33,166 - ERROR - Repo path /home/frasal/Desktop/emse-analysis/repositories/elastic_elasticsearch not found. Cannot resolve parents.
2026-09-18 15:28:33,166 - ERROR - Repo path /home/frasal/Desktop/emse-analysis/repositories/eclipse-platform_eclipse.platform.swt not found. Cannot resolve parents.
2026-09-18 15:28:33,166 - ERROR - Repo path /home/frasal/Desktop/emse-analysis/repositories/eclipse-platform_eclipse.platform.swt not found. Cannot resolve parents.
2026-09-18 15:28:33,166 - ERROR - Repo path /home/frasal/Desktop/emse-analysis/repositories/eclipse-platform_eclipse.platform.swt not found. Cannot resolve parents.
2026-09-18 15:28:33,166 - ERROR - Repo path /home/frasal/Desktop/emse-analysis/repositories/eclipse-platform_eclipse.platform.swt not found. Cannot resolve parents.
2026-09-18 15:28:33,167 - ERROR - Repo path /home/frasal/Desktop/emse-analysis/repositories/eclipse-platform_eclipse.platform.swt not found. Cannot resolve parents.
2026-09-18 15:28:33,167 - ERROR - Repo path /home/frasal/Desktop/emse-analysis/repositories/eclipse-platform_eclipse.platform.swt not found. Cannot resolve parents.
2026-09-18 15:28:33,167 - ERROR - Repo path /home/frasal/Desktop/emse-analysis/repositories/eclipse-platform_eclipse.platform.swt not found. Cannot resolve parents.
2026-09-18 15:28:33,167 - ERROR - Repo path /home/frasal/Desktop/emse-analysis/repositories/apache_paimon not found. Cannot resolve parents.
2026-09-18 15:28:33,167 - ERROR - Repo path /home/frasal/Desktop/emse-analysis/repositories/apache_shardingsphere not found. Cannot resolve parents.
2026-09-18 15:28:33,167 - ERROR - Repo path /home/frasal/Desktop/emse-analysis/repositories/apache_paimon not found. Cannot resolve parents.
2026-09-18 15:28:33,167 - ERROR - Repo path /home/frasal/Desktop/emse-analysis/repositories/eclipse-platform_eclipse.platform.swt not found. Cannot resolve parents.
2026-09-18 15:28:33,167 - ERROR - Repo path /home/frasal/Desktop/emse-analysis/repositories/eclipse-platform_eclipse.platform.swt not found. Cannot resolve parents.
2026-09-18 15:28:33,167 - ERROR - Repo path /home/frasal/Desktop/emse-analysis/repositories/camunda_camunda not found. Cannot resolve parents.
2026-09-18 15:28:33,167 - ERROR - Repo path /home/frasal/Desktop/emse-analysis/repositories/apache_paimon not found. Cannot resolve parents.
2026-09-18 15:28:33,167 - ERROR - Repo path /home/frasal/Desktop/emse-analysis/repositories/apache_paimon not found. Cannot resolve parents.
2026-09-18 15:28:33,167 - ERROR - Repo path /home/frasal/Desktop/emse-analysis/repositories/elastic_elasticsearch not found. Cannot resolve parents.
2026-09-18 15:28:33,167 - ERROR - Repo path /home/frasal/Desktop/emse-analysis/repositories/apache_paimon not found. Cannot resolve parents.
2026-09-18 15:28:33,167 - ERROR - Repo path /home/frasal/Desktop/emse-analysis/repositories/eclipse-platform_eclipse.platform.swt not found. Cannot resolve parents.
2026-09-18 15:28:33,167 - ERROR - Repo path /home/frasal/Desktop/emse-analysis/repositories/eclipse-platform_eclipse.platform.swt not found. Cannot resolve parents.
2026-09-18 15:28:33,167 - ERROR - Repo path /home/frasal/Desktop/emse-analysis/repositories/apache_paimon not found. Cannot resolve parents.
2026-09-18 15:28:33,167 - ERROR - Repo path /home/frasal/Desktop/emse-analysis/repositories/apache_paimon not found. Cannot resolve parents.
2026-09-18 15:28:33,167 - ERROR - Repo path /home/frasal/Desktop/emse-analysis/repositories/apache_paimon not found. Cannot resolve parents.
2026-09-18 15:28:33,167 - ERROR - Repo path /home/frasal/Desktop/emse-analysis/repositories/apache_paimon not found. Cannot resolve parents.
2026-09-18 15:28:33,167 - ERROR - Repo path /home/frasal/Desktop/emse-analysis/repositories/vaadin_hilla not found. Cannot resolve parents.
2026-09-18 15:28:33,167 - ERROR - Repo path /home/frasal/Desktop/emse-analysis/repositories/eclipse-platform_eclipse.platform.swt not found. Cannot resolve parents.
2026-09-18 15:28:33,167 - ERROR - Repo path /home/frasal/Desktop/emse-analysis/repositories/apache_paimon not found. Cannot resolve parents.
2026-09-18 15:28:33,167 - ERROR - Repo path /home/frasal/Desktop/emse-analysis/repositories/apache_paimon not found. Cannot resolve parents.
2026-09-18 15:28:33,167 - ERROR - Repo path /home/frasal/Desktop/emse-analysis/repositories/apache_paimon not found. Cannot resolve parents.
2026-09-18 15:28:33,167 - ERROR - Repo path /home/frasal/Desktop/emse-analysis/repositories/elastic_elasticsearch not found. Cannot resolve parents.
2026-09-18 15:28:33,168 - ERROR - Repo path /home/frasal/Desktop/emse-analysis/repositories/elastic_elasticsearch not found. Cannot resolve parents.
2026-09-18 15:28:33,168 - ERROR - Repo path /home/frasal/Desktop/emse-analysis/repositories/apache_paimon not found. Cannot resolve parents.
2026-09-18 15:28:33,168 - ERROR - Repo path /home/frasal/Desktop/emse-analysis/repositories/apache_paimon not found. Cannot resolve parents.
2026-09-18 15:28:33,168 - ERROR - Repo path /home/frasal/Desktop/emse-analysis/repositories/apache_paimon not found. Cannot resolve parents.
2026-09-18 15:28:33,168 - ERROR - Repo path /home/frasal/Desktop/emse-analysis/repositories/apache_paimon not found. Cannot resolve parents.
2026-09-18 15:28:33,168 - ERROR - Repo path /home/frasal/Desktop/emse-analysis/repositories/apache_paimon not found. Cannot resolve parents.
2026-09-18 15:28:33,168 - ERROR - Repo path /home/frasal/Desktop/emse-analysis/repositories/apache_paimon not found. Cannot resolve parents.
2026-09-18 15:28:33,168 - ERROR - Repo path /home/frasal/Desktop/emse-analysis/repositories/elastic_elasticsearch not found. Cannot resolve parents.
2026-09-18 15:28:33,168 - ERROR - Repo path /home/frasal/Desktop/emse-analysis/repositories/elastic_elasticsearch not found. Cannot resolve parents.
2026-09-18 15:28:33,168 - ERROR - Repo path /home/frasal/Desktop/emse-analysis/repositories/eclipse-platform_eclipse.platform.swt not found. Cannot resolve parents.
2026-09-18 15:28:33,168 - ERROR - Repo path /home/frasal/Desktop/emse-analysis/repositories/eclipse-platform_eclipse.platform.swt not found. Cannot resolve parents.
2026-09-18 15:28:33,168 - ERROR - Repo path /home/frasal/Desktop/emse-analysis/repositories/eclipse-platform_eclipse.platform.swt not found. Cannot resolve parents.
2026-09-18 15:28:33,168 - ERROR - Repo path /home/frasal/Desktop/emse-analysis/repositories/apache_paimon not found. Cannot resolve parents.
2026-09-18 15:28:33,168 - ERROR - Repo path /home/frasal/Desktop/emse-analysis/repositories/apache_paimon not found. Cannot resolve parents.
2026-09-18 15:28:33,168 - ERROR - Repo path /home/frasal/Desktop/emse-analysis/repositories/apache_paimon not found. Cannot resolve parents.
2026-09-18 15:28:33,168 - ERROR - Repo path /home/frasal/Desktop/emse-analysis/repositories/elastic_elasticsearch not found. Cannot resolve parents.
2026-09-18 15:28:33,168 - ERROR - Repo path /home/frasal/Desktop/emse-analysis/repositories/Hack23_cia not found. Cannot resolve parents.
2026-09-18 15:28:33,168 - ERROR - Repo path /home/frasal/Desktop/emse-analysis/repositories/elastic_elasticsearch not found. Cannot resolve parents.
2026-09-18 15:28:33,168 - ERROR - Repo path /home/frasal/Desktop/emse-analysis/repositories/elastic_elasticsearch not found. Cannot resolve parents.
2026-09-18 15:28:33,168 - ERROR - Repo path /home/frasal/Desktop/emse-analysis/repositories/apache_paimon not found. Cannot resolve parents.
2026-09-18 15:28:33,168 - ERROR - Repo path /home/frasal/Desktop/emse-analysis/repositories/apache_paimon not found. Cannot resolve parents.
2026-09-18 15:28:33,168 - ERROR - Repo path /home/frasal/Desktop/emse-analysis/repositories/apache_paimon not found. Cannot resolve parents.
2026-09-18 15:28:33,168 - ERROR - Repo path /home/frasal/Desktop/emse-analysis/repositories/apache_paimon not found. Cannot resolve parents.
2026-09-18 15:28:33,168 - ERROR - Repo path /home/frasal/Desktop/emse-analysis/repositories/magx2_openhab-supla not found. Cannot resolve parents.
2026-09-18 15:28:33,169 - ERROR - Repo path /home/frasal/Desktop/emse-analysis/repositories/magx2_openhab-supla not found. Cannot resolve parents.
2026-09-18 15:28:33,169 - ERROR - Repo path /home/frasal/Desktop/emse-analysis/repositories/magx2_openhab-supla not found. Cannot resolve parents.
2026-09-18 15:28:33,169 - ERROR - Repo path /home/frasal/Desktop/emse-analysis/repositories/magx2_openhab-supla not found. Cannot resolve parents.
2026-09-18 15:28:33,169 - ERROR - Repo path /home/frasal/Desktop/emse-analysis/repositories/magx2_openhab-supla not found. Cannot resolve parents.
2026-09-18 15:28:33,169 - ERROR - Repo path /home/frasal/Desktop/emse-analysis/repositories/magx2_openhab-supla not found. Cannot resolve parents.
2026-09-18 15:28:33,169 - ERROR - Repo path /home/frasal/Desktop/emse-analysis/repositories/magx2_openhab-supla not found. Cannot resolve parents.
2026-09-18 15:28:33,169 - ERROR - Repo path /home/frasal/Desktop/emse-analysis/repositories/magx2_openhab-supla not found. Cannot resolve parents.
2026-09-18 15:28:33,169 - ERROR - Repo path /home/frasal/Desktop/emse-analysis/repositories/camunda_connectors not found. Cannot resolve parents.
2026-09-18 15:28:33,169 - ERROR - Repo path /home/frasal/Desktop/emse-analysis/repositories/camunda_connectors not found. Cannot resolve parents.
2026-09-18 15:28:33,169 - ERROR - Repo path /home/frasal/Desktop/emse-analysis/repositories/magx2_openhab-supla not found. Cannot resolve parents.
2026-09-18 15:28:33,169 - ERROR - Repo path /home/frasal/Desktop/emse-analysis/repositories/eclipse-platform_eclipse.platform.swt not found. Cannot resolve parents.
2026-09-18 15:28:33,169 - ERROR - Repo path /home/frasal/Desktop/emse-analysis/repositories/almostrealism_common not found. Cannot resolve parents.
2026-09-18 15:28:33,169 - ERROR - Repo path /home/frasal/Desktop/emse-analysis/repositories/almostrealism_common not found. Cannot resolve parents.
2026-09-18 15:28:33,169 - ERROR - Repo path /home/frasal/Desktop/emse-analysis/repositories/almostrealism_common not found. Cannot resolve parents.
2026-09-18 15:28:33,169 - ERROR - Repo path /home/frasal/Desktop/emse-analysis/repositories/eclipse-platform_eclipse.platform.swt not found. Cannot resolve parents.
2026-09-18 15:28:33,169 - ERROR - Repo path /home/frasal/Desktop/emse-analysis/repositories/remsfal_remsfal-backend not found. Cannot resolve parents.
2026-09-18 15:28:33,169 - ERROR - Repo path /home/frasal/Desktop/emse-analysis/repositories/elastic_elasticsearch not found. Cannot resolve parents.
2026-09-18 15:28:33,169 - ERROR - Repo path /home/frasal/Desktop/emse-analysis/repositories/remsfal_remsfal-backend not found. Cannot resolve parents.
2026-09-18 15:28:33,169 - ERROR - Repo path /home/frasal/Desktop/emse-analysis/repositories/BentoBoxWorld_BentoBox not found. Cannot resolve parents.
2026-09-18 15:28:33,169 - ERROR - Repo path /home/frasal/Desktop/emse-analysis/repositories/remsfal_remsfal-backend not found. Cannot resolve parents.
2026-09-18 15:28:33,169 - ERROR - Repo path /home/frasal/Desktop/emse-analysis/repositories/camunda_connectors not found. Cannot resolve parents.
2026-09-18 15:28:33,169 - ERROR - Repo path /home/frasal/Desktop/emse-analysis/repositories/camunda_connectors not found. Cannot resolve parents.
2026-09-18 15:28:33,169 - ERROR - Repo path /home/frasal/Desktop/emse-analysis/repositories/camunda_connectors not found. Cannot resolve parents.
2026-09-18 15:28:33,169 - ERROR - Repo path /home/frasal/Desktop/emse-analysis/repositories/woowacourse-teams_2025-moment not found. Cannot resolve parents.
2026-09-18 15:28:33,170 - ERROR - Repo path /home/frasal/Desktop/emse-analysis/repositories/remsfal_remsfal-backend not found. Cannot resolve parents.
2026-09-18 15:28:33,170 - ERROR - Repo path /home/frasal/Desktop/emse-analysis/repositories/elastic_elasticsearch not found. Cannot resolve parents.
2026-09-18 15:28:33,170 - ERROR - Repo path /home/frasal/Desktop/emse-analysis/repositories/apache_doris not found. Cannot resolve parents.
2026-09-18 15:28:33,170 - ERROR - Repo path /home/frasal/Desktop/emse-analysis/repositories/valkey-io_valkey-glide not found. Cannot resolve parents.
2026-09-18 15:28:33,170 - ERROR - Repo path /home/frasal/Desktop/emse-analysis/repositories/Azure_azure-sdk-for-java not found. Cannot resolve parents.
2026-09-18 15:28:33,170 - ERROR - Repo path /home/frasal/Desktop/emse-analysis/repositories/valkey-io_valkey-glide not found. Cannot resolve parents.
2026-09-18 15:28:33,170 - ERROR - Repo path /home/frasal/Desktop/emse-analysis/repositories/camunda_connectors not found. Cannot resolve parents.
2026-09-18 15:28:33,170 - ERROR - Repo path /home/frasal/Desktop/emse-analysis/repositories/camunda_connectors not found. Cannot resolve parents.
2026-09-18 15:28:33,170 - ERROR - Repo path /home/frasal/Desktop/emse-analysis/repositories/camunda_connectors not found. Cannot resolve parents.
2026-09-18 15:28:33,170 - ERROR - Repo path /home/frasal/Desktop/emse-analysis/repositories/valkey-io_valkey-glide not found. Cannot resolve parents.
2026-09-18 15:28:33,170 - ERROR - Repo path /home/frasal/Desktop/emse-analysis/repositories/valkey-io_valkey-glide not found. Cannot resolve parents.
2026-09-18 15:28:33,170 - ERROR - Repo path /home/frasal/Desktop/emse-analysis/repositories/valkey-io_valkey-glide not found. Cannot resolve parents.
2026-09-18 15:28:33,170 - ERROR - Repo path /home/frasal/Desktop/emse-analysis/repositories/valkey-io_valkey-glide not found. Cannot resolve parents.
2026-09-18 15:28:33,170 - ERROR - Repo path /home/frasal/Desktop/emse-analysis/repositories/valkey-io_valkey-glide not found. Cannot resolve parents.
2026-09-18 15:28:33,170 - ERROR - Repo path /home/frasal/Desktop/emse-analysis/repositories/valkey-io_valkey-glide not found. Cannot resolve parents.
2026-09-18 15:28:33,170 - ERROR - Repo path /home/frasal/Desktop/emse-analysis/repositories/valkey-io_valkey-glide not found. Cannot resolve parents.
2026-09-18 15:28:33,170 - ERROR - Repo path /home/frasal/Desktop/emse-analysis/repositories/valkey-io_valkey-glide not found. Cannot resolve parents.
2026-09-18 15:28:33,170 - ERROR - Repo path /home/frasal/Desktop/emse-analysis/repositories/valkey-io_valkey-glide not found. Cannot resolve parents.
2026-09-18 15:28:33,170 - ERROR - Repo path /home/frasal/Desktop/emse-analysis/repositories/camunda_connectors not found. Cannot resolve parents.
2026-09-18 15:28:33,170 - ERROR - Repo path /home/frasal/Desktop/emse-analysis/repositories/camunda_connectors not found. Cannot resolve parents.
2026-09-18 15:28:33,170 - ERROR - Repo path /home/frasal/Desktop/emse-analysis/repositories/valkey-io_valkey-glide not found. Cannot resolve parents.
2026-09-18 15:28:33,170 - ERROR - Repo path /home/frasal/Desktop/emse-analysis/repositories/gudwns1812_coin-zzickmock not found. Cannot resolve parents.
2026-09-18 15:28:33,170 - ERROR - Repo path /home/frasal/Desktop/emse-analysis/repositories/gudwns1812_coin-zzickmock not found. Cannot resolve parents.
2026-09-18 15:28:33,170 - ERROR - Repo path /home/frasal/Desktop/emse-analysis/repositories/BentoBoxWorld_BentoBox not found. Cannot resolve parents.
2026-09-18 15:28:33,170 - ERROR - Repo path /home/frasal/Desktop/emse-analysis/repositories/DIGI-UW_OpenELIS-Global-2 not found. Cannot resolve parents.
2026-09-18 15:28:33,171 - ERROR - Repo path /home/frasal/Desktop/emse-analysis/repositories/gudwns1812_coin-zzickmock not found. Cannot resolve parents.
2026-09-18 15:28:33,171 - ERROR - Repo path /home/frasal/Desktop/emse-analysis/repositories/gudwns1812_coin-zzickmock not found. Cannot resolve parents.
2026-09-18 15:28:33,171 - ERROR - Repo path /home/frasal/Desktop/emse-analysis/repositories/gudwns1812_coin-zzickmock not found. Cannot resolve parents.
2026-09-18 15:28:33,171 - ERROR - Repo path /home/frasal/Desktop/emse-analysis/repositories/gudwns1812_coin-zzickmock not found. Cannot resolve parents.
2026-09-18 15:28:33,171 - ERROR - Repo path /home/frasal/Desktop/emse-analysis/repositories/gudwns1812_coin-zzickmock not found. Cannot resolve parents.
2026-09-18 15:28:33,171 - ERROR - Repo path /home/frasal/Desktop/emse-analysis/repositories/almostrealism_common not found. Cannot resolve parents.
2026-09-18 15:28:33,171 - ERROR - Repo path /home/frasal/Desktop/emse-analysis/repositories/almostrealism_common not found. Cannot resolve parents.
2026-09-18 15:28:33,171 - ERROR - Repo path /home/frasal/Desktop/emse-analysis/repositories/almostrealism_common not found. Cannot resolve parents.
2026-09-18 15:28:33,171 - ERROR - Repo path /home/frasal/Desktop/emse-analysis/repositories/gudwns1812_coin-zzickmock not found. Cannot resolve parents.
2026-09-18 15:28:33,171 - ERROR - Repo path /home/frasal/Desktop/emse-analysis/repositories/gudwns1812_coin-zzickmock not found. Cannot resolve parents.
2026-09-18 15:28:33,171 - ERROR - Repo path /home/frasal/Desktop/emse-analysis/repositories/elastic_elasticsearch not found. Cannot resolve parents.
2026-09-18 15:28:33,171 - ERROR - Repo path /home/frasal/Desktop/emse-analysis/repositories/camunda_connectors not found. Cannot resolve parents.
2026-09-18 15:28:33,171 - ERROR - Repo path /home/frasal/Desktop/emse-analysis/repositories/elastic_elasticsearch not found. Cannot resolve parents.
2026-09-18 15:28:33,171 - ERROR - Repo path /home/frasal/Desktop/emse-analysis/repositories/elastic_elasticsearch not found. Cannot resolve parents.
2026-09-18 15:28:33,171 - ERROR - Repo path /home/frasal/Desktop/emse-analysis/repositories/apache_shardingsphere not found. Cannot resolve parents.
2026-09-18 15:28:33,171 - ERROR - Repo path /home/frasal/Desktop/emse-analysis/repositories/camunda_connectors not found. Cannot resolve parents.
2026-09-18 15:28:33,171 - ERROR - Repo path /home/frasal/Desktop/emse-analysis/repositories/camunda_connectors not found. Cannot resolve parents.
2026-09-18 15:28:33,171 - ERROR - Repo path /home/frasal/Desktop/emse-analysis/repositories/camunda_connectors not found. Cannot resolve parents.
2026-09-18 15:28:33,171 - ERROR - Repo path /home/frasal/Desktop/emse-analysis/repositories/camunda_connectors not found. Cannot resolve parents.
2026-09-18 15:28:33,171 - ERROR - Repo path /home/frasal/Desktop/emse-analysis/repositories/camunda_connectors not found. Cannot resolve parents.
2026-09-18 15:28:33,171 - ERROR - Repo path /home/frasal/Desktop/emse-analysis/repositories/elastic_elasticsearch not found. Cannot resolve parents.
2026-09-18 15:28:33,171 - ERROR - Repo path /home/frasal/Desktop/emse-analysis/repositories/camunda_connectors not found. Cannot resolve parents.
2026-09-18 15:28:33,171 - ERROR - Repo path /home/frasal/Desktop/emse-analysis/repositories/elastic_elasticsearch not found. Cannot resolve parents.
2026-09-18 15:28:33,171 - ERROR - Repo path /home/frasal/Desktop/emse-analysis/repositories/camunda_connectors not found. Cannot resolve parents.
2026-09-18 15:28:33,171 - ERROR - Repo path /home/frasal/Desktop/emse-analysis/repositories/tcheeric_nostr-java not found. Cannot resolve parents.
2026-09-18 15:28:33,172 - ERROR - Repo path /home/frasal/Desktop/emse-analysis/repositories/tcheeric_nostr-java not found. Cannot resolve parents.
2026-09-18 15:28:33,172 - ERROR - Repo path /home/frasal/Desktop/emse-analysis/repositories/tcheeric_nostr-java not found. Cannot resolve parents.
2026-09-18 15:28:33,172 - ERROR - Repo path /home/frasal/Desktop/emse-analysis/repositories/elastic_elasticsearch not found. Cannot resolve parents.
2026-09-18 15:28:33,172 - ERROR - Repo path /home/frasal/Desktop/emse-analysis/repositories/tcheeric_nostr-java not found. Cannot resolve parents.
2026-09-18 15:28:33,172 - ERROR - Repo path /home/frasal/Desktop/emse-analysis/repositories/tcheeric_nostr-java not found. Cannot resolve parents.
2026-09-18 15:28:33,172 - ERROR - Repo path /home/frasal/Desktop/emse-analysis/repositories/ls1intum_Artemis not found. Cannot resolve parents.
2026-09-18 15:28:33,172 - ERROR - Repo path /home/frasal/Desktop/emse-analysis/repositories/camunda_connectors not found. Cannot resolve parents.
2026-09-18 15:28:33,172 - ERROR - Repo path /home/frasal/Desktop/emse-analysis/repositories/camunda_connectors not found. Cannot resolve parents.
2026-09-18 15:28:33,172 - ERROR - Repo path /home/frasal/Desktop/emse-analysis/repositories/camunda_connectors not found. Cannot resolve parents.
2026-09-18 15:28:33,172 - ERROR - Repo path /home/frasal/Desktop/emse-analysis/repositories/camunda_connectors not found. Cannot resolve parents.
2026-09-18 15:28:33,172 - ERROR - Repo path /home/frasal/Desktop/emse-analysis/repositories/camunda_connectors not found. Cannot resolve parents.
2026-09-18 15:28:33,172 - ERROR - Repo path /home/frasal/Desktop/emse-analysis/repositories/camunda_connectors not found. Cannot resolve parents.
2026-09-18 15:28:33,172 - ERROR - Repo path /home/frasal/Desktop/emse-analysis/repositories/camunda_connectors not found. Cannot resolve parents.
2026-09-18 15:28:33,172 - ERROR - Repo path /home/frasal/Desktop/emse-analysis/repositories/elastic_elasticsearch not found. Cannot resolve parents.
2026-09-18 15:28:33,172 - ERROR - Repo path /home/frasal/Desktop/emse-analysis/repositories/camunda_connectors not found. Cannot resolve parents.
2026-09-18 15:28:33,172 - ERROR - Repo path /home/frasal/Desktop/emse-analysis/repositories/camunda_connectors not found. Cannot resolve parents.
2026-09-18 15:28:33,172 - ERROR - Repo path /home/frasal/Desktop/emse-analysis/repositories/camunda_camunda not found. Cannot resolve parents.
2026-09-18 15:28:33,172 - ERROR - Repo path /home/frasal/Desktop/emse-analysis/repositories/camunda_connectors not found. Cannot resolve parents.
2026-09-18 15:28:33,172 - ERROR - Repo path /home/frasal/Desktop/emse-analysis/repositories/camunda_connectors not found. Cannot resolve parents.
2026-09-18 15:28:33,172 - ERROR - Repo path /home/frasal/Desktop/emse-analysis/repositories/camunda_connectors not found. Cannot resolve parents.
2026-09-18 15:28:33,172 - ERROR - Repo path /home/frasal/Desktop/emse-analysis/repositories/Azure_azure-sdk-for-java not found. Cannot resolve parents.
2026-09-18 15:28:33,172 - ERROR - Repo path /home/frasal/Desktop/emse-analysis/repositories/Azure_azure-sdk-for-java not found. Cannot resolve parents.
2026-09-18 15:28:33,172 - ERROR - Repo path /home/frasal/Desktop/emse-analysis/repositories/camunda_connectors not found. Cannot resolve parents.
2026-09-18 15:28:33,172 - ERROR - Repo path /home/frasal/Desktop/emse-analysis/repositories/camunda_connectors not found. Cannot resolve parents.
2026-09-18 15:28:33,172 - ERROR - Repo path /home/frasal/Desktop/emse-analysis/repositories/camunda_connectors not found. Cannot resolve parents.
2026-09-18 15:28:33,173 - ERROR - Repo path /home/frasal/Desktop/emse-analysis/repositories/camunda_connectors not found. Cannot resolve parents.
2026-09-18 15:28:33,173 - ERROR - Repo path /home/frasal/Desktop/emse-analysis/repositories/elastic_elasticsearch not found. Cannot resolve parents.
2026-09-18 15:28:33,173 - ERROR - Repo path /home/frasal/Desktop/emse-analysis/repositories/camunda_connectors not found. Cannot resolve parents.
2026-09-18 15:28:33,173 - ERROR - Repo path /home/frasal/Desktop/emse-analysis/repositories/benhook1013_FireMUD not found. Cannot resolve parents.
2026-09-18 15:28:33,173 - ERROR - Repo path /home/frasal/Desktop/emse-analysis/repositories/tcheeric_nostr-java not found. Cannot resolve parents.
2026-09-18 15:28:33,173 - ERROR - Repo path /home/frasal/Desktop/emse-analysis/repositories/tcheeric_nostr-java not found. Cannot resolve parents.
2026-09-18 15:28:33,173 - ERROR - Repo path /home/frasal/Desktop/emse-analysis/repositories/camunda_connectors not found. Cannot resolve parents.
2026-09-18 15:28:33,173 - ERROR - Repo path /home/frasal/Desktop/emse-analysis/repositories/camunda_connectors not found. Cannot resolve parents.
2026-09-18 15:28:33,173 - ERROR - Repo path /home/frasal/Desktop/emse-analysis/repositories/camunda_connectors not found. Cannot resolve parents.
2026-09-18 15:28:33,173 - ERROR - Repo path /home/frasal/Desktop/emse-analysis/repositories/camunda_connectors not found. Cannot resolve parents.
2026-09-18 15:28:33,173 - ERROR - Repo path /home/frasal/Desktop/emse-analysis/repositories/camunda_connectors not found. Cannot resolve parents.
2026-09-18 15:28:33,173 - ERROR - Repo path /home/frasal/Desktop/emse-analysis/repositories/camunda_connectors not found. Cannot resolve parents.
2026-09-18 15:28:33,173 - ERROR - Repo path /home/frasal/Desktop/emse-analysis/repositories/camunda_connectors not found. Cannot resolve parents.
2026-09-18 15:28:33,173 - ERROR - Repo path /home/frasal/Desktop/emse-analysis/repositories/camunda_connectors not found. Cannot resolve parents.
2026-09-18 15:28:33,173 - ERROR - Repo path /home/frasal/Desktop/emse-analysis/repositories/camunda_connectors not found. Cannot resolve parents.
2026-09-18 15:28:33,173 - ERROR - Repo path /home/frasal/Desktop/emse-analysis/repositories/camunda_connectors not found. Cannot resolve parents.
2026-09-18 15:28:33,173 - ERROR - Repo path /home/frasal/Desktop/emse-analysis/repositories/camunda_connectors not found. Cannot resolve parents.
2026-09-18 15:28:33,173 - ERROR - Repo path /home/frasal/Desktop/emse-analysis/repositories/Azure_azure-sdk-for-java not found. Cannot resolve parents.
2026-09-18 15:28:33,173 - ERROR - Repo path /home/frasal/Desktop/emse-analysis/repositories/openhab_openhab-core not found. Cannot resolve parents.
2026-09-18 15:28:33,173 - ERROR - Repo path /home/frasal/Desktop/emse-analysis/repositories/camunda_connectors not found. Cannot resolve parents.
2026-09-18 15:28:33,173 - ERROR - Repo path /home/frasal/Desktop/emse-analysis/repositories/camunda_connectors not found. Cannot resolve parents.
2026-09-18 15:28:33,173 - ERROR - Repo path /home/frasal/Desktop/emse-analysis/repositories/camunda_connectors not found. Cannot resolve parents.
2026-09-18 15:28:33,173 - ERROR - Repo path /home/frasal/Desktop/emse-analysis/repositories/camunda_connectors not found. Cannot resolve parents.
2026-09-18 15:28:33,173 - ERROR - Repo path /home/frasal/Desktop/emse-analysis/repositories/openhab_openhab-core not found. Cannot resolve parents.
2026-09-18 15:28:33,173 - ERROR - Repo path /home/frasal/Desktop/emse-analysis/repositories/camunda_connectors not found. Cannot resolve parents.
2026-09-18 15:28:33,174 - ERROR - Repo path /home/frasal/Desktop/emse-analysis/repositories/entur_cloud-logging not found. Cannot resolve parents.
2026-09-18 15:28:33,174 - ERROR - Repo path /home/frasal/Desktop/emse-analysis/repositories/entur_cloud-logging not found. Cannot resolve parents.
2026-09-18 15:28:33,174 - ERROR - Repo path /home/frasal/Desktop/emse-analysis/repositories/entur_cloud-logging not found. Cannot resolve parents.
2026-09-18 15:28:33,174 - ERROR - Repo path /home/frasal/Desktop/emse-analysis/repositories/entur_cloud-logging not found. Cannot resolve parents.
2026-09-18 15:28:33,174 - ERROR - Repo path /home/frasal/Desktop/emse-analysis/repositories/entur_cloud-logging not found. Cannot resolve parents.
2026-09-18 15:28:33,174 - ERROR - Repo path /home/frasal/Desktop/emse-analysis/repositories/apache_shardingsphere not found. Cannot resolve parents.
2026-09-18 15:28:33,174 - ERROR - Repo path /home/frasal/Desktop/emse-analysis/repositories/camunda_connectors not found. Cannot resolve parents.
2026-09-18 15:28:33,174 - ERROR - Repo path /home/frasal/Desktop/emse-analysis/repositories/camunda_connectors not found. Cannot resolve parents.
2026-09-18 15:28:33,174 - ERROR - Repo path /home/frasal/Desktop/emse-analysis/repositories/camunda_connectors not found. Cannot resolve parents.
2026-09-18 15:28:33,174 - ERROR - Repo path /home/frasal/Desktop/emse-analysis/repositories/camunda_connectors not found. Cannot resolve parents.
2026-09-18 15:28:33,174 - ERROR - Repo path /home/frasal/Desktop/emse-analysis/repositories/camunda_connectors not found. Cannot resolve parents.
2026-09-18 15:28:33,174 - ERROR - Repo path /home/frasal/Desktop/emse-analysis/repositories/elastic_elasticsearch not found. Cannot resolve parents.
2026-09-18 15:28:33,174 - ERROR - Repo path /home/frasal/Desktop/emse-analysis/repositories/cyberkaida_reverse-engineering-assistant not found. Cannot resolve parents.
2026-09-18 15:28:33,174 - ERROR - Repo path /home/frasal/Desktop/emse-analysis/repositories/cyberkaida_reverse-engineering-assistant not found. Cannot resolve parents.
2026-09-18 15:28:33,174 - ERROR - Repo path /home/frasal/Desktop/emse-analysis/repositories/Azure_azure-sdk-for-java not found. Cannot resolve parents.
2026-09-18 15:28:33,174 - ERROR - Repo path /home/frasal/Desktop/emse-analysis/repositories/Azure_azure-sdk-for-java not found. Cannot resolve parents.
2026-09-18 15:28:33,174 - ERROR - Repo path /home/frasal/Desktop/emse-analysis/repositories/Azure_azure-sdk-for-java not found. Cannot resolve parents.
2026-09-18 15:28:33,174 - ERROR - Repo path /home/frasal/Desktop/emse-analysis/repositories/Azure_azure-sdk-for-java not found. Cannot resolve parents.
2026-09-18 15:28:33,174 - ERROR - Repo path /home/frasal/Desktop/emse-analysis/repositories/elastic_elasticsearch not found. Cannot resolve parents.
2026-09-18 15:28:33,174 - ERROR - Repo path /home/frasal/Desktop/emse-analysis/repositories/amikos-tech_chromadb-java-client not found. Cannot resolve parents.
2026-09-18 15:28:33,174 - ERROR - Repo path /home/frasal/Desktop/emse-analysis/repositories/amikos-tech_chromadb-java-client not found. Cannot resolve parents.
2026-09-18 15:28:33,174 - ERROR - Repo path /home/frasal/Desktop/emse-analysis/repositories/openhab_openhab-core not found. Cannot resolve parents.
2026-09-18 15:28:33,174 - ERROR - Repo path /home/frasal/Desktop/emse-analysis/repositories/camunda_connectors not found. Cannot resolve parents.
2026-09-18 15:28:33,174 - ERROR - Repo path /home/frasal/Desktop/emse-analysis/repositories/amikos-tech_chromadb-java-client not found. Cannot resolve parents.
2026-09-18 15:28:33,174 - ERROR - Repo path /home/frasal/Desktop/emse-analysis/repositories/elastic_elasticsearch not found. Cannot resolve parents.
2026-09-18 15:28:33,175 - ERROR - Repo path /home/frasal/Desktop/emse-analysis/repositories/camunda_connectors not found. Cannot resolve parents.
2026-09-18 15:28:33,175 - ERROR - Repo path /home/frasal/Desktop/emse-analysis/repositories/amikos-tech_chromadb-java-client not found. Cannot resolve parents.
2026-09-18 15:28:33,175 - ERROR - Repo path /home/frasal/Desktop/emse-analysis/repositories/ls1intum_Hephaestus not found. Cannot resolve parents.
2026-09-18 15:28:33,175 - ERROR - Repo path /home/frasal/Desktop/emse-analysis/repositories/camunda_connectors not found. Cannot resolve parents.
2026-09-18 15:28:33,175 - ERROR - Repo path /home/frasal/Desktop/emse-analysis/repositories/camunda_connectors not found. Cannot resolve parents.
2026-09-18 15:28:33,175 - ERROR - Repo path /home/frasal/Desktop/emse-analysis/repositories/camunda_connectors not found. Cannot resolve parents.
2026-09-18 15:28:33,175 - ERROR - Repo path /home/frasal/Desktop/emse-analysis/repositories/camunda_connectors not found. Cannot resolve parents.
2026-09-18 15:28:33,175 - ERROR - Repo path /home/frasal/Desktop/emse-analysis/repositories/camunda_connectors not found. Cannot resolve parents.
2026-09-18 15:28:33,175 - ERROR - Repo path /home/frasal/Desktop/emse-analysis/repositories/elastic_elasticsearch not found. Cannot resolve parents.
2026-09-18 15:28:33,175 - ERROR - Repo path /home/frasal/Desktop/emse-analysis/repositories/elastic_elasticsearch not found. Cannot resolve parents.
2026-09-18 15:28:33,175 - ERROR - Repo path /home/frasal/Desktop/emse-analysis/repositories/camunda_connectors not found. Cannot resolve parents.
2026-09-18 15:28:33,175 - ERROR - Repo path /home/frasal/Desktop/emse-analysis/repositories/camunda_connectors not found. Cannot resolve parents.
2026-09-18 15:28:33,175 - ERROR - Repo path /home/frasal/Desktop/emse-analysis/repositories/camunda_connectors not found. Cannot resolve parents.
2026-09-18 15:28:33,175 - ERROR - Repo path /home/frasal/Desktop/emse-analysis/repositories/camunda_connectors not found. Cannot resolve parents.
2026-09-18 15:28:33,175 - ERROR - Repo path /home/frasal/Desktop/emse-analysis/repositories/elastic_elasticsearch not found. Cannot resolve parents.
2026-09-18 15:28:33,175 - ERROR - Repo path /home/frasal/Desktop/emse-analysis/repositories/camunda_connectors not found. Cannot resolve parents.
2026-09-18 15:28:33,175 - ERROR - Repo path /home/frasal/Desktop/emse-analysis/repositories/foggy-projects_foggy-data-mcp-bridge not found. Cannot resolve parents.
2026-09-18 15:28:33,175 - ERROR - Repo path /home/frasal/Desktop/emse-analysis/repositories/foggy-projects_foggy-data-mcp-bridge not found. Cannot resolve parents.
2026-09-18 15:28:33,175 - ERROR - Repo path /home/frasal/Desktop/emse-analysis/repositories/foggy-projects_foggy-data-mcp-bridge not found. Cannot resolve parents.
2026-09-18 15:28:33,175 - ERROR - Repo path /home/frasal/Desktop/emse-analysis/repositories/elastic_elasticsearch not found. Cannot resolve parents.
2026-09-18 15:28:33,175 - ERROR - Repo path /home/frasal/Desktop/emse-analysis/repositories/openhab_openhab-core not found. Cannot resolve parents.
2026-09-18 15:28:33,175 - ERROR - Repo path /home/frasal/Desktop/emse-analysis/repositories/elastic_elasticsearch not found. Cannot resolve parents.
2026-09-18 15:28:33,175 - ERROR - Repo path /home/frasal/Desktop/emse-analysis/repositories/camunda_connectors not found. Cannot resolve parents.
2026-09-18 15:28:33,175 - ERROR - Repo path /home/frasal/Desktop/emse-analysis/repositories/camunda_connectors not found. Cannot resolve parents.
2026-09-18 15:28:33,175 - ERROR - Repo path /home/frasal/Desktop/emse-analysis/repositories/elastic_elasticsearch not found. Cannot resolve parents.
2026-09-18 15:28:33,176 - ERROR - Repo path /home/frasal/Desktop/emse-analysis/repositories/camunda_connectors not found. Cannot resolve parents.
2026-09-18 15:28:33,176 - ERROR - Repo path /home/frasal/Desktop/emse-analysis/repositories/elastic_elasticsearch not found. Cannot resolve parents.
2026-09-18 15:28:33,176 - ERROR - Repo path /home/frasal/Desktop/emse-analysis/repositories/camunda_connectors not found. Cannot resolve parents.
2026-09-18 15:28:33,176 - ERROR - Repo path /home/frasal/Desktop/emse-analysis/repositories/camunda_connectors not found. Cannot resolve parents.
2026-09-18 15:28:33,176 - ERROR - Repo path /home/frasal/Desktop/emse-analysis/repositories/camunda_connectors not found. Cannot resolve parents.
2026-09-18 15:28:33,176 - ERROR - Repo path /home/frasal/Desktop/emse-analysis/repositories/elastic_elasticsearch not found. Cannot resolve parents.
2026-09-18 15:28:33,176 - ERROR - Repo path /home/frasal/Desktop/emse-analysis/repositories/ls1intum_Hephaestus not found. Cannot resolve parents.
2026-09-18 15:28:33,176 - ERROR - Repo path /home/frasal/Desktop/emse-analysis/repositories/camunda_connectors not found. Cannot resolve parents.
2026-09-18 15:28:33,176 - ERROR - Repo path /home/frasal/Desktop/emse-analysis/repositories/elastic_elasticsearch not found. Cannot resolve parents.
2026-09-18 15:28:33,176 - ERROR - Repo path /home/frasal/Desktop/emse-analysis/repositories/elastic_elasticsearch not found. Cannot resolve parents.
2026-09-18 15:28:33,176 - ERROR - Repo path /home/frasal/Desktop/emse-analysis/repositories/camunda_connectors not found. Cannot resolve parents.
2026-09-18 15:28:33,176 - ERROR - Repo path /home/frasal/Desktop/emse-analysis/repositories/camunda_connectors not found. Cannot resolve parents.
2026-09-18 15:28:33,176 - ERROR - Repo path /home/frasal/Desktop/emse-analysis/repositories/elastic_elasticsearch not found. Cannot resolve parents.
2026-09-18 15:28:33,176 - ERROR - Repo path /home/frasal/Desktop/emse-analysis/repositories/apache_shardingsphere not found. Cannot resolve parents.
2026-09-18 15:28:33,176 - ERROR - Repo path /home/frasal/Desktop/emse-analysis/repositories/Cloud-Solutions-International_antikythera not found. Cannot resolve parents.
2026-09-18 15:28:33,176 - ERROR - Repo path /home/frasal/Desktop/emse-analysis/repositories/ls1intum_Hephaestus not found. Cannot resolve parents.
2026-09-18 15:28:33,176 - ERROR - Repo path /home/frasal/Desktop/emse-analysis/repositories/Cloud-Solutions-International_antikythera not found. Cannot resolve parents.
2026-09-18 15:28:33,176 - ERROR - Repo path /home/frasal/Desktop/emse-analysis/repositories/Cloud-Solutions-International_antikythera not found. Cannot resolve parents.
2026-09-18 15:28:33,176 - ERROR - Repo path /home/frasal/Desktop/emse-analysis/repositories/Cloud-Solutions-International_antikythera not found. Cannot resolve parents.
2026-09-18 15:28:33,176 - ERROR - Repo path /home/frasal/Desktop/emse-analysis/repositories/Cloud-Solutions-International_antikythera not found. Cannot resolve parents.
2026-09-18 15:28:33,176 - ERROR - Repo path /home/frasal/Desktop/emse-analysis/repositories/Cloud-Solutions-International_antikythera not found. Cannot resolve parents.
2026-09-18 15:28:33,176 - ERROR - Repo path /home/frasal/Desktop/emse-analysis/repositories/Cloud-Solutions-International_antikythera not found. Cannot resolve parents.
2026-09-18 15:28:33,176 - ERROR - Repo path /home/frasal/Desktop/emse-analysis/repositories/ls1intum_Hephaestus not found. Cannot resolve parents.
2026-09-18 15:28:33,176 - ERROR - Repo path /home/frasal/Desktop/emse-analysis/repositories/elastic_elasticsearch not found. Cannot resolve parents.
2026-09-18 15:28:33,176 - ERROR - Repo path /home/frasal/Desktop/emse-analysis/repositories/ls1intum_Hephaestus not found. Cannot resolve parents.
2026-09-18 15:28:33,177 - ERROR - Repo path /home/frasal/Desktop/emse-analysis/repositories/ls1intum_Hephaestus not found. Cannot resolve parents.
2026-09-18 15:28:33,177 - ERROR - Repo path /home/frasal/Desktop/emse-analysis/repositories/ls1intum_Hephaestus not found. Cannot resolve parents.
2026-09-18 15:28:33,177 - ERROR - Repo path /home/frasal/Desktop/emse-analysis/repositories/MetricsHub_metricshub-community not found. Cannot resolve parents.
2026-09-18 15:28:33,177 - ERROR - Repo path /home/frasal/Desktop/emse-analysis/repositories/apache_shardingsphere not found. Cannot resolve parents.
2026-09-18 15:28:33,177 - ERROR - Repo path /home/frasal/Desktop/emse-analysis/repositories/MetricsHub_metricshub-community not found. Cannot resolve parents.
2026-09-18 15:28:33,177 - ERROR - Repo path /home/frasal/Desktop/emse-analysis/repositories/MetricsHub_metricshub-community not found. Cannot resolve parents.
2026-09-18 15:28:33,177 - ERROR - Repo path /home/frasal/Desktop/emse-analysis/repositories/elastic_elasticsearch not found. Cannot resolve parents.
2026-09-18 15:28:33,177 - ERROR - Repo path /home/frasal/Desktop/emse-analysis/repositories/camunda_camunda not found. Cannot resolve parents.
2026-09-18 15:28:33,177 - ERROR - Repo path /home/frasal/Desktop/emse-analysis/repositories/MetricsHub_metricshub-community not found. Cannot resolve parents.
2026-09-18 15:28:33,177 - ERROR - Repo path /home/frasal/Desktop/emse-analysis/repositories/MetricsHub_metricshub-community not found. Cannot resolve parents.
2026-09-18 15:28:33,177 - ERROR - Repo path /home/frasal/Desktop/emse-analysis/repositories/MetricsHub_metricshub-community not found. Cannot resolve parents.
2026-09-18 15:28:33,177 - ERROR - Repo path /home/frasal/Desktop/emse-analysis/repositories/MetricsHub_metricshub-community not found. Cannot resolve parents.
2026-09-18 15:28:33,177 - ERROR - Repo path /home/frasal/Desktop/emse-analysis/repositories/MetricsHub_metricshub-community not found. Cannot resolve parents.
2026-09-18 15:28:33,177 - ERROR - Repo path /home/frasal/Desktop/emse-analysis/repositories/elastic_elasticsearch not found. Cannot resolve parents.
2026-09-18 15:28:33,177 - ERROR - Repo path /home/frasal/Desktop/emse-analysis/repositories/MetricsHub_metricshub-community not found. Cannot resolve parents.
2026-09-18 15:28:33,177 - ERROR - Repo path /home/frasal/Desktop/emse-analysis/repositories/MetricsHub_metricshub-community not found. Cannot resolve parents.
2026-09-18 15:28:33,177 - ERROR - Repo path /home/frasal/Desktop/emse-analysis/repositories/elastic_elasticsearch not found. Cannot resolve parents.
2026-09-18 15:28:33,177 - ERROR - Repo path /home/frasal/Desktop/emse-analysis/repositories/elastic_elasticsearch not found. Cannot resolve parents.
2026-09-18 15:28:33,177 - ERROR - Repo path /home/frasal/Desktop/emse-analysis/repositories/MetricsHub_metricshub-community not found. Cannot resolve parents.
2026-09-18 15:28:33,177 - ERROR - Repo path /home/frasal/Desktop/emse-analysis/repositories/MetricsHub_metricshub-community not found. Cannot resolve parents.
2026-09-18 15:28:33,177 - ERROR - Repo path /home/frasal/Desktop/emse-analysis/repositories/ls1intum_Hephaestus not found. Cannot resolve parents.
2026-09-18 15:28:33,177 - ERROR - Repo path /home/frasal/Desktop/emse-analysis/repositories/TashaKaslana_Zenflow not found. Cannot resolve parents.
2026-09-18 15:28:33,177 - ERROR - Repo path /home/frasal/Desktop/emse-analysis/repositories/ls1intum_Hephaestus not found. Cannot resolve parents.
2026-09-18 15:28:33,177 - ERROR - Repo path /home/frasal/Desktop/emse-analysis/repositories/ls1intum_Hephaestus not found. Cannot resolve parents.
2026-09-18 15:28:33,177 - ERROR - Repo path /home/frasal/Desktop/emse-analysis/repositories/micronaut-projects_micronaut-kafka not found. Cannot resolve parents.
2026-09-18 15:28:33,178 - ERROR - Repo path /home/frasal/Desktop/emse-analysis/repositories/micronaut-projects_micronaut-kafka not found. Cannot resolve parents.
2026-09-18 15:28:33,178 - ERROR - Repo path /home/frasal/Desktop/emse-analysis/repositories/ls1intum_Hephaestus not found. Cannot resolve parents.
2026-09-18 15:28:33,178 - ERROR - Repo path /home/frasal/Desktop/emse-analysis/repositories/ls1intum_Hephaestus not found. Cannot resolve parents.
2026-09-18 15:28:33,178 - ERROR - Repo path /home/frasal/Desktop/emse-analysis/repositories/ls1intum_Hephaestus not found. Cannot resolve parents.
2026-09-18 15:28:33,178 - ERROR - Repo path /home/frasal/Desktop/emse-analysis/repositories/ls1intum_Hephaestus not found. Cannot resolve parents.
2026-09-18 15:28:33,178 - ERROR - Repo path /home/frasal/Desktop/emse-analysis/repositories/bright-room_feature-flag-spring-boot-starter not found. Cannot resolve parents.
2026-09-18 15:28:33,178 - ERROR - Repo path /home/frasal/Desktop/emse-analysis/repositories/bright-room_feature-flag-spring-boot-starter not found. Cannot resolve parents.
2026-09-18 15:28:33,178 - ERROR - Repo path /home/frasal/Desktop/emse-analysis/repositories/bright-room_feature-flag-spring-boot-starter not found. Cannot resolve parents.
2026-09-18 15:28:33,178 - ERROR - Repo path /home/frasal/Desktop/emse-analysis/repositories/ddumaa_tracking_system not found. Cannot resolve parents.
2026-09-18 15:28:33,178 - ERROR - Repo path /home/frasal/Desktop/emse-analysis/repositories/ddumaa_tracking_system not found. Cannot resolve parents.
2026-09-18 15:28:33,178 - ERROR - Repo path /home/frasal/Desktop/emse-analysis/repositories/elastic_elasticsearch not found. Cannot resolve parents.
2026-09-18 15:28:33,178 - ERROR - Repo path /home/frasal/Desktop/emse-analysis/repositories/bright-room_feature-flag-spring-boot-starter not found. Cannot resolve parents.
2026-09-18 15:28:33,178 - ERROR - Repo path /home/frasal/Desktop/emse-analysis/repositories/elastic_elasticsearch not found. Cannot resolve parents.
2026-09-18 15:28:33,178 - ERROR - Repo path /home/frasal/Desktop/emse-analysis/repositories/camunda_camunda not found. Cannot resolve parents.
2026-09-18 15:28:33,178 - ERROR - Repo path /home/frasal/Desktop/emse-analysis/repositories/MetricsHub_metricshub-community not found. Cannot resolve parents.
2026-09-18 15:28:33,178 - ERROR - Repo path /home/frasal/Desktop/emse-analysis/repositories/elastic_elasticsearch not found. Cannot resolve parents.
2026-09-18 15:28:33,178 - ERROR - Repo path /home/frasal/Desktop/emse-analysis/repositories/elastic_elasticsearch not found. Cannot resolve parents.
2026-09-18 15:28:33,178 - ERROR - Repo path /home/frasal/Desktop/emse-analysis/repositories/bright-room_feature-flag-spring-boot-starter not found. Cannot resolve parents.
2026-09-18 15:28:33,178 - ERROR - Repo path /home/frasal/Desktop/emse-analysis/repositories/elastic_elasticsearch not found. Cannot resolve parents.
2026-09-18 15:28:33,178 - ERROR - Repo path /home/frasal/Desktop/emse-analysis/repositories/MetricsHub_metricshub-community not found. Cannot resolve parents.
2026-09-18 15:28:33,178 - ERROR - Repo path /home/frasal/Desktop/emse-analysis/repositories/ddumaa_tracking_system not found. Cannot resolve parents.
2026-09-18 15:28:33,178 - ERROR - Repo path /home/frasal/Desktop/emse-analysis/repositories/ddumaa_tracking_system not found. Cannot resolve parents.
2026-09-18 15:28:33,178 - ERROR - Repo path /home/frasal/Desktop/emse-analysis/repositories/elastic_elasticsearch not found. Cannot resolve parents.
2026-09-18 15:28:33,178 - ERROR - Repo path /home/frasal/Desktop/emse-analysis/repositories/MetricsHub_metricshub-community not found. Cannot resolve parents.
2026-09-18 15:28:33,178 - ERROR - Repo path /home/frasal/Desktop/emse-analysis/repositories/elastic_elasticsearch not found. Cannot resolve parents.
2026-09-18 15:28:33,179 - ERROR - Repo path /home/frasal/Desktop/emse-analysis/repositories/MetricsHub_metricshub-community not found. Cannot resolve parents.
2026-09-18 15:28:33,179 - ERROR - Repo path /home/frasal/Desktop/emse-analysis/repositories/elastic_elasticsearch not found. Cannot resolve parents.
2026-09-18 15:28:33,179 - ERROR - Repo path /home/frasal/Desktop/emse-analysis/repositories/MetricsHub_metricshub-community not found. Cannot resolve parents.
2026-09-18 15:28:33,179 - ERROR - Repo path /home/frasal/Desktop/emse-analysis/repositories/ddumaa_tracking_system not found. Cannot resolve parents.
2026-09-18 15:28:33,179 - ERROR - Repo path /home/frasal/Desktop/emse-analysis/repositories/elastic_elasticsearch not found. Cannot resolve parents.
2026-09-18 15:28:33,179 - ERROR - Repo path /home/frasal/Desktop/emse-analysis/repositories/ddumaa_tracking_system not found. Cannot resolve parents.
2026-09-18 15:28:33,179 - ERROR - Repo path /home/frasal/Desktop/emse-analysis/repositories/KirjaSwappi_kirjaswappi-backend not found. Cannot resolve parents.
2026-09-18 15:28:33,179 - ERROR - Repo path /home/frasal/Desktop/emse-analysis/repositories/KirjaSwappi_kirjaswappi-backend not found. Cannot resolve parents.
2026-09-18 15:28:33,179 - ERROR - Repo path /home/frasal/Desktop/emse-analysis/repositories/Azure_azure-sdk-for-java not found. Cannot resolve parents.
2026-09-18 15:28:33,179 - ERROR - Repo path /home/frasal/Desktop/emse-analysis/repositories/Azure_azure-sdk-for-java not found. Cannot resolve parents.
2026-09-18 15:28:33,179 - ERROR - Repo path /home/frasal/Desktop/emse-analysis/repositories/KirjaSwappi_kirjaswappi-backend not found. Cannot resolve parents.
2026-09-18 15:28:33,179 - ERROR - Repo path /home/frasal/Desktop/emse-analysis/repositories/KirjaSwappi_kirjaswappi-backend not found. Cannot resolve parents.
2026-09-18 15:28:33,179 - ERROR - Repo path /home/frasal/Desktop/emse-analysis/repositories/elastic_elasticsearch not found. Cannot resolve parents.
2026-09-18 15:28:33,179 - ERROR - Repo path /home/frasal/Desktop/emse-analysis/repositories/Azure_azure-sdk-for-java not found. Cannot resolve parents.
2026-09-18 15:28:33,179 - ERROR - Repo path /home/frasal/Desktop/emse-analysis/repositories/ddumaa_tracking_system not found. Cannot resolve parents.
2026-09-18 15:28:33,179 - ERROR - Repo path /home/frasal/Desktop/emse-analysis/repositories/elastic_elasticsearch not found. Cannot resolve parents.
2026-09-18 15:28:33,179 - ERROR - Repo path /home/frasal/Desktop/emse-analysis/repositories/elastic_elasticsearch not found. Cannot resolve parents.
2026-09-18 15:28:33,179 - ERROR - Repo path /home/frasal/Desktop/emse-analysis/repositories/KirjaSwappi_kirjaswappi-backend not found. Cannot resolve parents.
2026-09-18 15:28:33,179 - ERROR - Repo path /home/frasal/Desktop/emse-analysis/repositories/elastic_elasticsearch not found. Cannot resolve parents.
2026-09-18 15:28:33,179 - ERROR - Repo path /home/frasal/Desktop/emse-analysis/repositories/elastic_elasticsearch not found. Cannot resolve parents.
2026-09-18 15:28:33,179 - ERROR - Repo path /home/frasal/Desktop/emse-analysis/repositories/KirjaSwappi_kirjaswappi-backend not found. Cannot resolve parents.
2026-09-18 15:28:33,179 - ERROR - Repo path /home/frasal/Desktop/emse-analysis/repositories/KirjaSwappi_kirjaswappi-backend not found. Cannot resolve parents.
2026-09-18 15:28:33,179 - ERROR - Repo path /home/frasal/Desktop/emse-analysis/repositories/elastic_elasticsearch not found. Cannot resolve parents.
2026-09-18 15:28:33,179 - ERROR - Repo path /home/frasal/Desktop/emse-analysis/repositories/ddumaa_tracking_system not found. Cannot resolve parents.
2026-09-18 15:28:33,180 - ERROR - Repo path /home/frasal/Desktop/emse-analysis/repositories/elastic_elasticsearch not found. Cannot resolve parents.
2026-09-18 15:28:33,180 - ERROR - Repo path /home/frasal/Desktop/emse-analysis/repositories/ddumaa_tracking_system not found. Cannot resolve parents.
2026-09-18 15:28:33,180 - ERROR - Repo path /home/frasal/Desktop/emse-analysis/repositories/ddumaa_tracking_system not found. Cannot resolve parents.
2026-09-18 15:28:33,180 - ERROR - Repo path /home/frasal/Desktop/emse-analysis/repositories/TulevaEE_onboarding-service not found. Cannot resolve parents.
2026-09-18 15:28:33,180 - ERROR - Repo path /home/frasal/Desktop/emse-analysis/repositories/elastic_elasticsearch not found. Cannot resolve parents.
2026-09-18 15:28:33,180 - ERROR - Repo path /home/frasal/Desktop/emse-analysis/repositories/elastic_elasticsearch-java not found. Cannot resolve parents.
2026-09-18 15:28:33,180 - ERROR - Repo path /home/frasal/Desktop/emse-analysis/repositories/TulevaEE_onboarding-service not found. Cannot resolve parents.
2026-09-18 15:28:33,180 - ERROR - Repo path /home/frasal/Desktop/emse-analysis/repositories/elastic_elasticsearch not found. Cannot resolve parents.
2026-09-18 15:28:33,180 - ERROR - Repo path /home/frasal/Desktop/emse-analysis/repositories/elastic_elasticsearch not found. Cannot resolve parents.
2026-09-18 15:28:33,180 - ERROR - Repo path /home/frasal/Desktop/emse-analysis/repositories/elastic_elasticsearch not found. Cannot resolve parents.
2026-09-18 15:28:33,180 - ERROR - Repo path /home/frasal/Desktop/emse-analysis/repositories/woowacourse-teams_2025-moment not found. Cannot resolve parents.
2026-09-18 15:28:33,180 - ERROR - Repo path /home/frasal/Desktop/emse-analysis/repositories/elastic_elasticsearch not found. Cannot resolve parents.
2026-09-18 15:28:33,180 - ERROR - Repo path /home/frasal/Desktop/emse-analysis/repositories/almostrealism_common not found. Cannot resolve parents.
2026-09-18 15:28:33,180 - ERROR - Repo path /home/frasal/Desktop/emse-analysis/repositories/camunda_camunda not found. Cannot resolve parents.
2026-09-18 15:28:33,180 - ERROR - Repo path /home/frasal/Desktop/emse-analysis/repositories/elastic_elasticsearch not found. Cannot resolve parents.
2026-09-18 15:28:33,180 - ERROR - Repo path /home/frasal/Desktop/emse-analysis/repositories/ddumaa_tracking_system not found. Cannot resolve parents.
2026-09-18 15:28:33,180 - ERROR - Repo path /home/frasal/Desktop/emse-analysis/repositories/ddumaa_tracking_system not found. Cannot resolve parents.
2026-09-18 15:28:33,180 - ERROR - Repo path /home/frasal/Desktop/emse-analysis/repositories/ddumaa_tracking_system not found. Cannot resolve parents.
2026-09-18 15:28:33,180 - ERROR - Repo path /home/frasal/Desktop/emse-analysis/repositories/ddumaa_tracking_system not found. Cannot resolve parents.
2026-09-18 15:28:33,180 - ERROR - Repo path /home/frasal/Desktop/emse-analysis/repositories/ddumaa_tracking_system not found. Cannot resolve parents.
2026-09-18 15:28:33,180 - ERROR - Repo path /home/frasal/Desktop/emse-analysis/repositories/ddumaa_tracking_system not found. Cannot resolve parents.
2026-09-18 15:28:33,180 - ERROR - Repo path /home/frasal/Desktop/emse-analysis/repositories/ddumaa_tracking_system not found. Cannot resolve parents.
2026-09-18 15:28:33,180 - ERROR - Repo path /home/frasal/Desktop/emse-analysis/repositories/ddumaa_tracking_system not found. Cannot resolve parents.
2026-09-18 15:28:33,180 - ERROR - Repo path /home/frasal/Desktop/emse-analysis/repositories/ddumaa_tracking_system not found. Cannot resolve parents.
2026-09-18 15:28:33,180 - ERROR - Repo path /home/frasal/Desktop/emse-analysis/repositories/elastic_elasticsearch not found. Cannot resolve parents.
2026-09-18 15:28:33,181 - ERROR - Repo path /home/frasal/Desktop/emse-analysis/repositories/ddumaa_tracking_system not found. Cannot resolve parents.
2026-09-18 15:28:33,181 - ERROR - Repo path /home/frasal/Desktop/emse-analysis/repositories/ddumaa_tracking_system not found. Cannot resolve parents.
2026-09-18 15:28:33,181 - ERROR - Repo path /home/frasal/Desktop/emse-analysis/repositories/alibaba_spring-ai-alibaba not found. Cannot resolve parents.
2026-09-18 15:28:33,181 - ERROR - Repo path /home/frasal/Desktop/emse-analysis/repositories/elastic_elasticsearch not found. Cannot resolve parents.
2026-09-18 15:28:33,181 - ERROR - Repo path /home/frasal/Desktop/emse-analysis/repositories/elastic_elasticsearch not found. Cannot resolve parents.
2026-09-18 15:28:33,181 - ERROR - Repo path /home/frasal/Desktop/emse-analysis/repositories/ddumaa_tracking_system not found. Cannot resolve parents.
2026-09-18 15:28:33,181 - ERROR - Repo path /home/frasal/Desktop/emse-analysis/repositories/alibaba_spring-ai-alibaba not found. Cannot resolve parents.
2026-09-18 15:28:33,181 - ERROR - Repo path /home/frasal/Desktop/emse-analysis/repositories/ddumaa_tracking_system not found. Cannot resolve parents.
2026-09-18 15:28:33,181 - ERROR - Repo path /home/frasal/Desktop/emse-analysis/repositories/ddumaa_tracking_system not found. Cannot resolve parents.
2026-09-18 15:28:33,181 - ERROR - Repo path /home/frasal/Desktop/emse-analysis/repositories/ddumaa_tracking_system not found. Cannot resolve parents.
2026-09-18 15:28:33,181 - ERROR - Repo path /home/frasal/Desktop/emse-analysis/repositories/TulevaEE_onboarding-service not found. Cannot resolve parents.
2026-09-18 15:28:33,181 - ERROR - Repo path /home/frasal/Desktop/emse-analysis/repositories/TulevaEE_onboarding-service not found. Cannot resolve parents.
2026-09-18 15:28:33,181 - ERROR - Repo path /home/frasal/Desktop/emse-analysis/repositories/TulevaEE_onboarding-service not found. Cannot resolve parents.
2026-09-18 15:28:33,181 - ERROR - Repo path /home/frasal/Desktop/emse-analysis/repositories/alibaba_spring-ai-alibaba not found. Cannot resolve parents.
2026-09-18 15:28:33,181 - ERROR - Repo path /home/frasal/Desktop/emse-analysis/repositories/ddumaa_tracking_system not found. Cannot resolve parents.
2026-09-18 15:28:33,181 - ERROR - Repo path /home/frasal/Desktop/emse-analysis/repositories/elastic_elasticsearch not found. Cannot resolve parents.
2026-09-18 15:28:33,181 - ERROR - Repo path /home/frasal/Desktop/emse-analysis/repositories/ddumaa_tracking_system not found. Cannot resolve parents.
2026-09-18 15:28:33,181 - ERROR - Repo path /home/frasal/Desktop/emse-analysis/repositories/alibaba_spring-ai-alibaba not found. Cannot resolve parents.
2026-09-18 15:28:33,181 - ERROR - Repo path /home/frasal/Desktop/emse-analysis/repositories/apache_doris not found. Cannot resolve parents.
2026-09-18 15:28:33,181 - ERROR - Repo path /home/frasal/Desktop/emse-analysis/repositories/Azure_azure-sdk-for-java not found. Cannot resolve parents.
2026-09-18 15:28:33,181 - ERROR - Repo path /home/frasal/Desktop/emse-analysis/repositories/Azure_azure-sdk-for-java not found. Cannot resolve parents.
2026-09-18 15:28:33,181 - ERROR - Repo path /home/frasal/Desktop/emse-analysis/repositories/elastic_elasticsearch not found. Cannot resolve parents.
2026-09-18 15:28:33,181 - ERROR - Repo path /home/frasal/Desktop/emse-analysis/repositories/eclipse-platform_eclipse.platform.ui not found. Cannot resolve parents.
2026-09-18 15:28:33,181 - ERROR - Repo path /home/frasal/Desktop/emse-analysis/repositories/ddumaa_tracking_system not found. Cannot resolve parents.
2026-09-18 15:28:33,181 - ERROR - Repo path /home/frasal/Desktop/emse-analysis/repositories/ddumaa_tracking_system not found. Cannot resolve parents.
2026-09-18 15:28:33,182 - ERROR - Repo path /home/frasal/Desktop/emse-analysis/repositories/ddumaa_tracking_system not found. Cannot resolve parents.
2026-09-18 15:28:33,182 - ERROR - Repo path /home/frasal/Desktop/emse-analysis/repositories/elastic_elasticsearch not found. Cannot resolve parents.
2026-09-18 15:28:33,182 - ERROR - Repo path /home/frasal/Desktop/emse-analysis/repositories/ddumaa_tracking_system not found. Cannot resolve parents.
2026-09-18 15:28:33,182 - ERROR - Repo path /home/frasal/Desktop/emse-analysis/repositories/ddumaa_tracking_system not found. Cannot resolve parents.
2026-09-18 15:28:33,182 - ERROR - Repo path /home/frasal/Desktop/emse-analysis/repositories/ddumaa_tracking_system not found. Cannot resolve parents.
2026-09-18 15:28:33,182 - ERROR - Repo path /home/frasal/Desktop/emse-analysis/repositories/ddumaa_tracking_system not found. Cannot resolve parents.
2026-09-18 15:28:33,182 - ERROR - Repo path /home/frasal/Desktop/emse-analysis/repositories/ddumaa_tracking_system not found. Cannot resolve parents.
2026-09-18 15:28:33,182 - ERROR - Repo path /home/frasal/Desktop/emse-analysis/repositories/elastic_elasticsearch not found. Cannot resolve parents.
2026-09-18 15:28:33,182 - ERROR - Repo path /home/frasal/Desktop/emse-analysis/repositories/ddumaa_tracking_system not found. Cannot resolve parents.
2026-09-18 15:28:33,182 - ERROR - Repo path /home/frasal/Desktop/emse-analysis/repositories/ddumaa_tracking_system not found. Cannot resolve parents.
2026-09-18 15:28:33,182 - ERROR - Repo path /home/frasal/Desktop/emse-analysis/repositories/ddumaa_tracking_system not found. Cannot resolve parents.
2026-09-18 15:28:33,182 - ERROR - Repo path /home/frasal/Desktop/emse-analysis/repositories/ddumaa_tracking_system not found. Cannot resolve parents.
2026-09-18 15:28:33,182 - ERROR - Repo path /home/frasal/Desktop/emse-analysis/repositories/ddumaa_tracking_system not found. Cannot resolve parents.
2026-09-18 15:28:33,182 - ERROR - Repo path /home/frasal/Desktop/emse-analysis/repositories/ddumaa_tracking_system not found. Cannot resolve parents.
2026-09-18 15:28:33,182 - ERROR - Repo path /home/frasal/Desktop/emse-analysis/repositories/roberto22palomar_pepenium not found. Cannot resolve parents.
2026-09-18 15:28:33,182 - ERROR - Repo path /home/frasal/Desktop/emse-analysis/repositories/ddumaa_tracking_system not found. Cannot resolve parents.
2026-09-18 15:28:33,182 - ERROR - Repo path /home/frasal/Desktop/emse-analysis/repositories/roberto22palomar_pepenium not found. Cannot resolve parents.
2026-09-18 15:28:33,182 - ERROR - Repo path /home/frasal/Desktop/emse-analysis/repositories/ddumaa_tracking_system not found. Cannot resolve parents.
2026-09-18 15:28:33,182 - ERROR - Repo path /home/frasal/Desktop/emse-analysis/repositories/ddumaa_tracking_system not found. Cannot resolve parents.
2026-09-18 15:28:33,182 - ERROR - Repo path /home/frasal/Desktop/emse-analysis/repositories/roberto22palomar_pepenium not found. Cannot resolve parents.
2026-09-18 15:28:33,182 - ERROR - Repo path /home/frasal/Desktop/emse-analysis/repositories/elastic_elasticsearch not found. Cannot resolve parents.
2026-09-18 15:28:33,182 - ERROR - Repo path /home/frasal/Desktop/emse-analysis/repositories/roberto22palomar_pepenium not found. Cannot resolve parents.
2026-09-18 15:28:33,182 - ERROR - Repo path /home/frasal/Desktop/emse-analysis/repositories/roberto22palomar_pepenium not found. Cannot resolve parents.
2026-09-18 15:28:33,182 - ERROR - Repo path /home/frasal/Desktop/emse-analysis/repositories/elastic_elasticsearch not found. Cannot resolve parents.
2026-09-18 15:28:33,182 - ERROR - Repo path /home/frasal/Desktop/emse-analysis/repositories/BentoBoxWorld_BentoBox not found. Cannot resolve parents.
2026-09-18 15:28:33,183 - ERROR - Repo path /home/frasal/Desktop/emse-analysis/repositories/roberto22palomar_pepenium not found. Cannot resolve parents.
2026-09-18 15:28:33,183 - ERROR - Repo path /home/frasal/Desktop/emse-analysis/repositories/roberto22palomar_pepenium not found. Cannot resolve parents.
2026-09-18 15:28:33,183 - ERROR - Repo path /home/frasal/Desktop/emse-analysis/repositories/Azure_azure-sdk-for-java not found. Cannot resolve parents.
2026-09-18 15:28:33,183 - ERROR - Repo path /home/frasal/Desktop/emse-analysis/repositories/Azure_azure-sdk-for-java not found. Cannot resolve parents.
2026-09-18 15:28:33,183 - ERROR - Repo path /home/frasal/Desktop/emse-analysis/repositories/Azure_azure-sdk-for-java not found. Cannot resolve parents.
2026-09-18 15:28:33,183 - ERROR - Repo path /home/frasal/Desktop/emse-analysis/repositories/Azure_azure-sdk-for-java not found. Cannot resolve parents.
2026-09-18 15:28:33,183 - ERROR - Repo path /home/frasal/Desktop/emse-analysis/repositories/Azure_azure-sdk-for-java not found. Cannot resolve parents.
2026-09-18 15:28:33,183 - ERROR - Repo path /home/frasal/Desktop/emse-analysis/repositories/ddumaa_tracking_system not found. Cannot resolve parents.
2026-09-18 15:28:33,183 - ERROR - Repo path /home/frasal/Desktop/emse-analysis/repositories/ddumaa_tracking_system not found. Cannot resolve parents.
2026-09-18 15:28:33,183 - ERROR - Repo path /home/frasal/Desktop/emse-analysis/repositories/ddumaa_tracking_system not found. Cannot resolve parents.
2026-09-18 15:28:33,183 - ERROR - Repo path /home/frasal/Desktop/emse-analysis/repositories/ddumaa_tracking_system not found. Cannot resolve parents.
2026-09-18 15:28:33,183 - ERROR - Repo path /home/frasal/Desktop/emse-analysis/repositories/ddumaa_tracking_system not found. Cannot resolve parents.
2026-09-18 15:28:33,183 - ERROR - Repo path /home/frasal/Desktop/emse-analysis/repositories/elastic_elasticsearch not found. Cannot resolve parents.
2026-09-18 15:28:33,183 - ERROR - Repo path /home/frasal/Desktop/emse-analysis/repositories/ddumaa_tracking_system not found. Cannot resolve parents.
2026-09-18 15:28:33,183 - ERROR - Repo path /home/frasal/Desktop/emse-analysis/repositories/ddumaa_tracking_system not found. Cannot resolve parents.
2026-09-18 15:28:33,183 - ERROR - Repo path /home/frasal/Desktop/emse-analysis/repositories/ddumaa_tracking_system not found. Cannot resolve parents.
2026-09-18 15:28:33,183 - ERROR - Repo path /home/frasal/Desktop/emse-analysis/repositories/ddumaa_tracking_system not found. Cannot resolve parents.
2026-09-18 15:28:33,183 - ERROR - Repo path /home/frasal/Desktop/emse-analysis/repositories/elastic_elasticsearch not found. Cannot resolve parents.
2026-09-18 15:28:33,183 - ERROR - Repo path /home/frasal/Desktop/emse-analysis/repositories/ddumaa_tracking_system not found. Cannot resolve parents.
2026-09-18 15:28:33,184 - ERROR - Repo path /home/frasal/Desktop/emse-analysis/repositories/ddumaa_tracking_system not found. Cannot resolve parents.
2026-09-18 15:28:33,184 - ERROR - Repo path /home/frasal/Desktop/emse-analysis/repositories/alibaba_spring-ai-alibaba not found. Cannot resolve parents.
2026-09-18 15:28:33,184 - ERROR - Repo path /home/frasal/Desktop/emse-analysis/repositories/alibaba_spring-ai-alibaba not found. Cannot resolve parents.
2026-09-18 15:28:33,184 - ERROR - Repo path /home/frasal/Desktop/emse-analysis/repositories/ddumaa_tracking_system not found. Cannot resolve parents.
2026-09-18 15:28:33,184 - ERROR - Repo path /home/frasal/Desktop/emse-analysis/repositories/ddumaa_tracking_system not found. Cannot resolve parents.
2026-09-18 15:28:33,184 - ERROR - Repo path /home/frasal/Desktop/emse-analysis/repositories/ddumaa_tracking_system not found. Cannot resolve parents.
2026-09-18 15:28:33,184 - ERROR - Repo path /home/frasal/Desktop/emse-analysis/repositories/alibaba_spring-ai-alibaba not found. Cannot resolve parents.
2026-09-18 15:28:33,184 - ERROR - Repo path /home/frasal/Desktop/emse-analysis/repositories/ddumaa_tracking_system not found. Cannot resolve parents.
2026-09-18 15:28:33,184 - ERROR - Repo path /home/frasal/Desktop/emse-analysis/repositories/ddumaa_tracking_system not found. Cannot resolve parents.
2026-09-18 15:28:33,184 - ERROR - Repo path /home/frasal/Desktop/emse-analysis/repositories/ddumaa_tracking_system not found. Cannot resolve parents.
2026-09-18 15:28:33,184 - ERROR - Repo path /home/frasal/Desktop/emse-analysis/repositories/ddumaa_tracking_system not found. Cannot resolve parents.
2026-09-18 15:28:33,184 - ERROR - Repo path /home/frasal/Desktop/emse-analysis/repositories/alibaba_spring-ai-alibaba not found. Cannot resolve parents.
2026-09-18 15:28:33,184 - ERROR - Repo path /home/frasal/Desktop/emse-analysis/repositories/elastic_elasticsearch not found. Cannot resolve parents.
2026-09-18 15:28:33,184 - ERROR - Repo path /home/frasal/Desktop/emse-analysis/repositories/alibaba_spring-ai-alibaba not found. Cannot resolve parents.
2026-09-18 15:28:33,184 - ERROR - Repo path /home/frasal/Desktop/emse-analysis/repositories/alibaba_spring-ai-alibaba not found. Cannot resolve parents.
2026-09-18 15:28:33,184 - ERROR - Repo path /home/frasal/Desktop/emse-analysis/repositories/eclipse-tycho_tycho not found. Cannot resolve parents.
2026-09-18 15:28:33,184 - ERROR - Repo path /home/frasal/Desktop/emse-analysis/repositories/alibaba_spring-ai-alibaba not found. Cannot resolve parents.
2026-09-18 15:28:33,184 - ERROR - Repo path /home/frasal/Desktop/emse-analysis/repositories/alibaba_spring-ai-alibaba not found. Cannot resolve parents.
2026-09-18 15:28:33,184 - ERROR - Repo path /home/frasal/Desktop/emse-analysis/repositories/elastic_elasticsearch not found. Cannot resolve parents.
2026-09-18 15:28:33,184 - ERROR - Repo path /home/frasal/Desktop/emse-analysis/repositories/alibaba_spring-ai-alibaba not found. Cannot resolve parents.
2026-09-18 15:28:33,184 - ERROR - Repo path /home/frasal/Desktop/emse-analysis/repositories/alibaba_spring-ai-alibaba not found. Cannot resolve parents.
2026-09-18 15:28:33,184 - ERROR - Repo path /home/frasal/Desktop/emse-analysis/repositories/elastic_elasticsearch not found. Cannot resolve parents.
2026-09-18 15:28:33,184 - ERROR - Repo path /home/frasal/Desktop/emse-analysis/repositories/alibaba_spring-ai-alibaba not found. Cannot resolve parents.
2026-09-18 15:28:33,184 - ERROR - Repo path /home/frasal/Desktop/emse-analysis/repositories/alibaba_spring-ai-alibaba not found. Cannot resolve parents.
2026-09-18 15:28:33,184 - ERROR - Repo path /home/frasal/Desktop/emse-analysis/repositories/elastic_elasticsearch not found. Cannot resolve parents.
2026-09-18 15:28:33,184 - ERROR - Repo path /home/frasal/Desktop/emse-analysis/repositories/3211133_StreamConverter not found. Cannot resolve parents.
2026-09-18 15:28:33,185 - ERROR - Repo path /home/frasal/Desktop/emse-analysis/repositories/3211133_StreamConverter not found. Cannot resolve parents.
2026-09-18 15:28:33,185 - ERROR - Repo path /home/frasal/Desktop/emse-analysis/repositories/3211133_StreamConverter not found. Cannot resolve parents.
2026-09-18 15:28:33,185 - ERROR - Repo path /home/frasal/Desktop/emse-analysis/repositories/3211133_StreamConverter not found. Cannot resolve parents.
2026-09-18 15:28:33,185 - ERROR - Repo path /home/frasal/Desktop/emse-analysis/repositories/cuioss_OAuthSheriff not found. Cannot resolve parents.
2026-09-18 15:28:33,185 - ERROR - Repo path /home/frasal/Desktop/emse-analysis/repositories/3211133_StreamConverter not found. Cannot resolve parents.
2026-09-18 15:28:33,185 - ERROR - Repo path /home/frasal/Desktop/emse-analysis/repositories/3211133_StreamConverter not found. Cannot resolve parents.
2026-09-18 15:28:33,185 - ERROR - Repo path /home/frasal/Desktop/emse-analysis/repositories/3211133_StreamConverter not found. Cannot resolve parents.
2026-09-18 15:28:33,185 - ERROR - Repo path /home/frasal/Desktop/emse-analysis/repositories/elastic_elasticsearch not found. Cannot resolve parents.
2026-09-18 15:28:33,185 - ERROR - Repo path /home/frasal/Desktop/emse-analysis/repositories/3211133_StreamConverter not found. Cannot resolve parents.
2026-09-18 15:28:33,185 - ERROR - Repo path /home/frasal/Desktop/emse-analysis/repositories/yunusemreerkesikbas_Craftive not found. Cannot resolve parents.
2026-09-18 15:28:33,185 - ERROR - Repo path /home/frasal/Desktop/emse-analysis/repositories/3211133_StreamConverter not found. Cannot resolve parents.
2026-09-18 15:28:33,185 - ERROR - Repo path /home/frasal/Desktop/emse-analysis/repositories/3211133_StreamConverter not found. Cannot resolve parents.
2026-09-18 15:28:33,185 - ERROR - Repo path /home/frasal/Desktop/emse-analysis/repositories/3211133_StreamConverter not found. Cannot resolve parents.
2026-09-18 15:28:33,185 - ERROR - Repo path /home/frasal/Desktop/emse-analysis/repositories/3211133_StreamConverter not found. Cannot resolve parents.
2026-09-18 15:28:33,185 - ERROR - Repo path /home/frasal/Desktop/emse-analysis/repositories/3211133_StreamConverter not found. Cannot resolve parents.
2026-09-18 15:28:33,185 - ERROR - Repo path /home/frasal/Desktop/emse-analysis/repositories/3211133_StreamConverter not found. Cannot resolve parents.
2026-09-18 15:28:33,185 - ERROR - Repo path /home/frasal/Desktop/emse-analysis/repositories/3211133_StreamConverter not found. Cannot resolve parents.
2026-09-18 15:28:33,185 - ERROR - Repo path /home/frasal/Desktop/emse-analysis/repositories/yunusemreerkesikbas_Craftive not found. Cannot resolve parents.
2026-09-18 15:28:33,185 - ERROR - Repo path /home/frasal/Desktop/emse-analysis/repositories/equinor_neqsim not found. Cannot resolve parents.
2026-09-18 15:28:33,185 - ERROR - Repo path /home/frasal/Desktop/emse-analysis/repositories/3211133_StreamConverter not found. Cannot resolve parents.
2026-09-18 15:28:33,185 - ERROR - Repo path /home/frasal/Desktop/emse-analysis/repositories/3211133_StreamConverter not found. Cannot resolve parents.
2026-09-18 15:28:33,185 - ERROR - Repo path /home/frasal/Desktop/emse-analysis/repositories/elastic_elasticsearch not found. Cannot resolve parents.
2026-09-18 15:28:33,185 - ERROR - Repo path /home/frasal/Desktop/emse-analysis/repositories/3211133_StreamConverter not found. Cannot resolve parents.
2026-09-18 15:28:33,185 - ERROR - Repo path /home/frasal/Desktop/emse-analysis/repositories/3211133_StreamConverter not found. Cannot resolve parents.
2026-09-18 15:28:33,185 - ERROR - Repo path /home/frasal/Desktop/emse-analysis/repositories/3211133_StreamConverter not found. Cannot resolve parents.
2026-09-18 15:28:33,185 - ERROR - Repo path /home/frasal/Desktop/emse-analysis/repositories/3211133_StreamConverter not found. Cannot resolve parents.
2026-09-18 15:28:33,185 - ERROR - Repo path /home/frasal/Desktop/emse-analysis/repositories/3211133_StreamConverter not found. Cannot resolve parents.
2026-09-18 15:28:33,185 - ERROR - Repo path /home/frasal/Desktop/emse-analysis/repositories/3211133_StreamConverter not found. Cannot resolve parents.
2026-09-18 15:28:33,185 - ERROR - Repo path /home/frasal/Desktop/emse-analysis/repositories/alibaba_spring-ai-alibaba not found. Cannot resolve parents.
2026-09-18 15:28:33,185 - ERROR - Repo path /home/frasal/Desktop/emse-analysis/repositories/alibaba_spring-ai-alibaba not found. Cannot resolve parents.
2026-09-18 15:28:33,185 - ERROR - Repo path /home/frasal/Desktop/emse-analysis/repositories/alibaba_spring-ai-alibaba not found. Cannot resolve parents.
2026-09-18 15:28:33,186 - ERROR - Repo path /home/frasal/Desktop/emse-analysis/repositories/alibaba_spring-ai-alibaba not found. Cannot resolve parents.
2026-09-18 15:28:33,186 - ERROR - Repo path /home/frasal/Desktop/emse-analysis/repositories/alibaba_spring-ai-alibaba not found. Cannot resolve parents.
2026-09-18 15:28:33,186 - ERROR - Repo path /home/frasal/Desktop/emse-analysis/repositories/alibaba_spring-ai-alibaba not found. Cannot resolve parents.
2026-09-18 15:28:33,186 - ERROR - Repo path /home/frasal/Desktop/emse-analysis/repositories/alibaba_spring-ai-alibaba not found. Cannot resolve parents.
2026-09-18 15:28:33,186 - ERROR - Repo path /home/frasal/Desktop/emse-analysis/repositories/alibaba_spring-ai-alibaba not found. Cannot resolve parents.
2026-09-18 15:28:33,186 - ERROR - Repo path /home/frasal/Desktop/emse-analysis/repositories/alibaba_spring-ai-alibaba not found. Cannot resolve parents.
2026-09-18 15:28:33,186 - ERROR - Repo path /home/frasal/Desktop/emse-analysis/repositories/alibaba_spring-ai-alibaba not found. Cannot resolve parents.
2026-09-18 15:28:33,186 - ERROR - Repo path /home/frasal/Desktop/emse-analysis/repositories/elastic_elasticsearch not found. Cannot resolve parents.
2026-09-18 15:28:33,186 - ERROR - Repo path /home/frasal/Desktop/emse-analysis/repositories/elastic_elasticsearch not found. Cannot resolve parents.
2026-09-18 15:28:33,186 - ERROR - Repo path /home/frasal/Desktop/emse-analysis/repositories/alibaba_spring-ai-alibaba not found. Cannot resolve parents.
2026-09-18 15:28:33,186 - ERROR - Repo path /home/frasal/Desktop/emse-analysis/repositories/openhab_openhab-core not found. Cannot resolve parents.
2026-09-18 15:28:33,186 - ERROR - Repo path /home/frasal/Desktop/emse-analysis/repositories/alibaba_spring-ai-alibaba not found. Cannot resolve parents.
2026-09-18 15:28:33,186 - ERROR - Repo path /home/frasal/Desktop/emse-analysis/repositories/alibaba_spring-ai-alibaba not found. Cannot resolve parents.
2026-09-18 15:28:33,186 - ERROR - Repo path /home/frasal/Desktop/emse-analysis/repositories/alibaba_spring-ai-alibaba not found. Cannot resolve parents.
2026-09-18 15:28:33,186 - ERROR - Repo path /home/frasal/Desktop/emse-analysis/repositories/elastic_elasticsearch not found. Cannot resolve parents.
2026-09-18 15:28:33,186 - ERROR - Repo path /home/frasal/Desktop/emse-analysis/repositories/Azure_azure-sdk-for-java not found. Cannot resolve parents.
2026-09-18 15:28:33,186 - ERROR - Repo path /home/frasal/Desktop/emse-analysis/repositories/seonWKim_spring-boot-starter-actor not found. Cannot resolve parents.
2026-09-18 15:28:33,186 - ERROR - Repo path /home/frasal/Desktop/emse-analysis/repositories/seonWKim_spring-boot-starter-actor not found. Cannot resolve parents.
2026-09-18 15:28:33,186 - ERROR - Repo path /home/frasal/Desktop/emse-analysis/repositories/seonWKim_spring-boot-starter-actor not found. Cannot resolve parents.
2026-09-18 15:28:33,186 - ERROR - Repo path /home/frasal/Desktop/emse-analysis/repositories/alibaba_spring-ai-alibaba not found. Cannot resolve parents.
2026-09-18 15:28:33,186 - ERROR - Repo path /home/frasal/Desktop/emse-analysis/repositories/seonWKim_spring-boot-starter-actor not found. Cannot resolve parents.
2026-09-18 15:28:33,186 - ERROR - Repo path /home/frasal/Desktop/emse-analysis/repositories/seonWKim_spring-boot-starter-actor not found. Cannot resolve parents.
2026-09-18 15:28:33,186 - ERROR - Repo path /home/frasal/Desktop/emse-analysis/repositories/seonWKim_spring-boot-starter-actor not found. Cannot resolve parents.
2026-09-18 15:28:33,186 - ERROR - Repo path /home/frasal/Desktop/emse-analysis/repositories/apache_shardingsphere not found. Cannot resolve parents.
2026-09-18 15:28:33,186 - ERROR - Repo path /home/frasal/Desktop/emse-analysis/repositories/seonWKim_spring-boot-starter-actor not found. Cannot resolve parents.
2026-09-18 15:28:33,186 - ERROR - Repo path /home/frasal/Desktop/emse-analysis/repositories/elastic_elasticsearch not found. Cannot resolve parents.
2026-09-18 15:28:33,186 - ERROR - Repo path /home/frasal/Desktop/emse-analysis/repositories/seonWKim_spring-boot-starter-actor not found. Cannot resolve parents.
2026-09-18 15:28:33,186 - ERROR - Repo path /home/frasal/Desktop/emse-analysis/repositories/elastic_elasticsearch not found. Cannot resolve parents.
2026-09-18 15:28:33,186 - ERROR - Repo path /home/frasal/Desktop/emse-analysis/repositories/elastic_elasticsearch not found. Cannot resolve parents.
2026-09-18 15:28:33,186 - ERROR - Repo path /home/frasal/Desktop/emse-analysis/repositories/apache_shardingsphere not found. Cannot resolve parents.
2026-09-18 15:28:33,187 - ERROR - Repo path /home/frasal/Desktop/emse-analysis/repositories/crypta-network_cryptad not found. Cannot resolve parents.
2026-09-18 15:28:33,187 - ERROR - Repo path /home/frasal/Desktop/emse-analysis/repositories/BentoBoxWorld_BentoBox not found. Cannot resolve parents.
2026-09-18 15:28:33,187 - ERROR - Repo path /home/frasal/Desktop/emse-analysis/repositories/openo-beta_Open-O not found. Cannot resolve parents.
2026-09-18 15:28:33,187 - ERROR - Repo path /home/frasal/Desktop/emse-analysis/repositories/camunda_camunda not found. Cannot resolve parents.
2026-09-18 15:28:33,187 - ERROR - Repo path /home/frasal/Desktop/emse-analysis/repositories/jmillar0046_XToPDF not found. Cannot resolve parents.
2026-09-18 15:28:33,187 - ERROR - Repo path /home/frasal/Desktop/emse-analysis/repositories/jmillar0046_XToPDF not found. Cannot resolve parents.
2026-09-18 15:28:33,187 - ERROR - Repo path /home/frasal/Desktop/emse-analysis/repositories/openhab_openhab-core not found. Cannot resolve parents.
2026-09-18 15:28:33,187 - ERROR - Repo path /home/frasal/Desktop/emse-analysis/repositories/ortus-boxlang_BoxLang not found. Cannot resolve parents.
2026-09-18 15:28:33,187 - ERROR - Repo path /home/frasal/Desktop/emse-analysis/repositories/jmillar0046_XToPDF not found. Cannot resolve parents.
2026-09-18 15:28:33,187 - ERROR - Repo path /home/frasal/Desktop/emse-analysis/repositories/elastic_elasticsearch not found. Cannot resolve parents.
2026-09-18 15:28:33,187 - ERROR - Repo path /home/frasal/Desktop/emse-analysis/repositories/Azure_azure-sdk-for-java not found. Cannot resolve parents.
2026-09-18 15:28:33,187 - ERROR - Repo path /home/frasal/Desktop/emse-analysis/repositories/elastic_elasticsearch not found. Cannot resolve parents.
2026-09-18 15:28:33,187 - ERROR - Repo path /home/frasal/Desktop/emse-analysis/repositories/elastic_elasticsearch not found. Cannot resolve parents.
2026-09-18 15:28:33,187 - ERROR - Repo path /home/frasal/Desktop/emse-analysis/repositories/elastic_elasticsearch not found. Cannot resolve parents.
2026-09-18 15:28:33,187 - ERROR - Repo path /home/frasal/Desktop/emse-analysis/repositories/vaadin_flow-components not found. Cannot resolve parents.
2026-09-18 15:28:33,187 - ERROR - Repo path /home/frasal/Desktop/emse-analysis/repositories/elastic_elasticsearch not found. Cannot resolve parents.
2026-09-18 15:28:33,187 - ERROR - Repo path /home/frasal/Desktop/emse-analysis/repositories/chsami_Microbot-Hub not found. Cannot resolve parents.
2026-09-18 15:28:33,187 - ERROR - Repo path /home/frasal/Desktop/emse-analysis/repositories/elastic_elasticsearch not found. Cannot resolve parents.
2026-09-18 15:28:33,187 - ERROR - Repo path /home/frasal/Desktop/emse-analysis/repositories/elastic_elasticsearch not found. Cannot resolve parents.
2026-09-18 15:28:33,187 - ERROR - Repo path /home/frasal/Desktop/emse-analysis/repositories/ortus-boxlang_BoxLang not found. Cannot resolve parents.
2026-09-18 15:28:33,187 - ERROR - Repo path /home/frasal/Desktop/emse-analysis/repositories/Azure_azure-sdk-for-java not found. Cannot resolve parents.
2026-09-18 15:28:33,187 - ERROR - Repo path /home/frasal/Desktop/emse-analysis/repositories/Azure_azure-sdk-for-java not found. Cannot resolve parents.
2026-09-18 15:28:33,187 - ERROR - Repo path /home/frasal/Desktop/emse-analysis/repositories/elastic_elasticsearch not found. Cannot resolve parents.
2026-09-18 15:28:33,187 - ERROR - Repo path /home/frasal/Desktop/emse-analysis/repositories/elastic_elasticsearch not found. Cannot resolve parents.
2026-09-18 15:28:33,187 - ERROR - Repo path /home/frasal/Desktop/emse-analysis/repositories/elastic_elasticsearch not found. Cannot resolve parents.
2026-09-18 15:28:33,187 - ERROR - Repo path /home/frasal/Desktop/emse-analysis/repositories/BrokkAi_brokk not found. Cannot resolve parents.
2026-09-18 15:28:33,187 - ERROR - Repo path /home/frasal/Desktop/emse-analysis/repositories/elastic_elasticsearch not found. Cannot resolve parents.
2026-09-18 15:28:33,187 - ERROR - Repo path /home/frasal/Desktop/emse-analysis/repositories/camunda_camunda not found. Cannot resolve parents.
2026-09-18 15:28:33,187 - ERROR - Repo path /home/frasal/Desktop/emse-analysis/repositories/elastic_elasticsearch not found. Cannot resolve parents.
2026-09-18 15:28:33,187 - ERROR - Repo path /home/frasal/Desktop/emse-analysis/repositories/BrokkAi_brokk not found. Cannot resolve parents.
2026-09-18 15:28:33,187 - ERROR - Repo path /home/frasal/Desktop/emse-analysis/repositories/vaadin_flow-components not found. Cannot resolve parents.
2026-09-18 15:28:33,188 - ERROR - Repo path /home/frasal/Desktop/emse-analysis/repositories/elastic_elasticsearch not found. Cannot resolve parents.
2026-09-18 15:28:33,188 - ERROR - Repo path /home/frasal/Desktop/emse-analysis/repositories/camunda_camunda not found. Cannot resolve parents.
2026-09-18 15:28:33,188 - ERROR - Repo path /home/frasal/Desktop/emse-analysis/repositories/BrokkAi_brokk not found. Cannot resolve parents.
2026-09-18 15:28:33,188 - ERROR - Repo path /home/frasal/Desktop/emse-analysis/repositories/BrokkAi_brokk not found. Cannot resolve parents.
2026-09-18 15:28:33,188 - ERROR - Repo path /home/frasal/Desktop/emse-analysis/repositories/elastic_elasticsearch not found. Cannot resolve parents.
2026-09-18 15:28:33,188 - ERROR - Repo path /home/frasal/Desktop/emse-analysis/repositories/BrokkAi_brokk not found. Cannot resolve parents.
2026-09-18 15:28:33,188 - ERROR - Repo path /home/frasal/Desktop/emse-analysis/repositories/BrokkAi_brokk not found. Cannot resolve parents.
2026-09-18 15:28:33,188 - ERROR - Repo path /home/frasal/Desktop/emse-analysis/repositories/elastic_elasticsearch not found. Cannot resolve parents.
2026-09-18 15:28:33,188 - ERROR - Repo path /home/frasal/Desktop/emse-analysis/repositories/alibaba_spring-ai-alibaba not found. Cannot resolve parents.
2026-09-18 15:28:33,188 - ERROR - Repo path /home/frasal/Desktop/emse-analysis/repositories/elastic_elasticsearch not found. Cannot resolve parents.
2026-09-18 15:28:33,188 - ERROR - Repo path /home/frasal/Desktop/emse-analysis/repositories/deephaven_deephaven-core not found. Cannot resolve parents.
2026-09-18 15:28:33,188 - ERROR - Repo path /home/frasal/Desktop/emse-analysis/repositories/BrokkAi_brokk not found. Cannot resolve parents.
2026-09-18 15:28:33,188 - ERROR - Repo path /home/frasal/Desktop/emse-analysis/repositories/BrokkAi_brokk not found. Cannot resolve parents.
2026-09-18 15:28:33,188 - ERROR - Repo path /home/frasal/Desktop/emse-analysis/repositories/elastic_elasticsearch not found. Cannot resolve parents.
2026-09-18 15:28:33,188 - ERROR - Repo path /home/frasal/Desktop/emse-analysis/repositories/elastic_elasticsearch not found. Cannot resolve parents.
2026-09-18 15:28:33,188 - ERROR - Repo path /home/frasal/Desktop/emse-analysis/repositories/alibaba_spring-ai-alibaba not found. Cannot resolve parents.
2026-09-18 15:28:33,188 - ERROR - Repo path /home/frasal/Desktop/emse-analysis/repositories/BrokkAi_brokk not found. Cannot resolve parents.
2026-09-18 15:28:33,188 - ERROR - Repo path /home/frasal/Desktop/emse-analysis/repositories/elastic_elasticsearch not found. Cannot resolve parents.
2026-09-18 15:28:33,188 - ERROR - Repo path /home/frasal/Desktop/emse-analysis/repositories/elastic_elasticsearch not found. Cannot resolve parents.
2026-09-18 15:28:33,188 - ERROR - Repo path /home/frasal/Desktop/emse-analysis/repositories/openo-beta_Open-O not found. Cannot resolve parents.
2026-09-18 15:28:33,188 - ERROR - Repo path /home/frasal/Desktop/emse-analysis/repositories/elastic_elasticsearch not found. Cannot resolve parents.
2026-09-18 15:28:33,188 - ERROR - Repo path /home/frasal/Desktop/emse-analysis/repositories/BrokkAi_brokk not found. Cannot resolve parents.
2026-09-18 15:28:33,189 - ERROR - Repo path /home/frasal/Desktop/emse-analysis/repositories/elastic_elasticsearch not found. Cannot resolve parents.
2026-09-18 15:28:33,189 - ERROR - Repo path /home/frasal/Desktop/emse-analysis/repositories/elastic_elasticsearch not found. Cannot resolve parents.
2026-09-18 15:28:33,189 - ERROR - Repo path /home/frasal/Desktop/emse-analysis/repositories/elastic_elasticsearch not found. Cannot resolve parents.
2026-09-18 15:28:33,189 - ERROR - Repo path /home/frasal/Desktop/emse-analysis/repositories/BrokkAi_brokk not found. Cannot resolve parents.
2026-09-18 15:28:33,189 - ERROR - Repo path /home/frasal/Desktop/emse-analysis/repositories/BrokkAi_brokk not found. Cannot resolve parents.
2026-09-18 15:28:33,189 - ERROR - Repo path /home/frasal/Desktop/emse-analysis/repositories/BrokkAi_brokk not found. Cannot resolve parents.
2026-09-18 15:28:33,189 - ERROR - Repo path /home/frasal/Desktop/emse-analysis/repositories/BrokkAi_brokk not found. Cannot resolve parents.
2026-09-18 15:28:33,189 - ERROR - Repo path /home/frasal/Desktop/emse-analysis/repositories/elastic_elasticsearch not found. Cannot resolve parents.
2026-09-18 15:28:33,189 - ERROR - Repo path /home/frasal/Desktop/emse-analysis/repositories/alibaba_spring-ai-alibaba not found. Cannot resolve parents.
2026-09-18 15:28:33,189 - ERROR - Repo path /home/frasal/Desktop/emse-analysis/repositories/alibaba_spring-ai-alibaba not found. Cannot resolve parents.
2026-09-18 15:28:33,189 - ERROR - Repo path /home/frasal/Desktop/emse-analysis/repositories/elastic_elasticsearch not found. Cannot resolve parents.
2026-09-18 15:28:33,189 - ERROR - Repo path /home/frasal/Desktop/emse-analysis/repositories/apache_solr not found. Cannot resolve parents.
2026-09-18 15:28:33,189 - ERROR - Repo path /home/frasal/Desktop/emse-analysis/repositories/BrokkAi_brokk not found. Cannot resolve parents.
2026-09-18 15:28:33,189 - ERROR - Repo path /home/frasal/Desktop/emse-analysis/repositories/BrokkAi_brokk not found. Cannot resolve parents.
2026-09-18 15:28:33,189 - ERROR - Repo path /home/frasal/Desktop/emse-analysis/repositories/vaadin_flow-components not found. Cannot resolve parents.
2026-09-18 15:28:33,189 - ERROR - Repo path /home/frasal/Desktop/emse-analysis/repositories/elastic_elasticsearch not found. Cannot resolve parents.
2026-09-18 15:28:33,189 - ERROR - Repo path /home/frasal/Desktop/emse-analysis/repositories/elastic_elasticsearch not found. Cannot resolve parents.
2026-09-18 15:28:33,189 - ERROR - Repo path /home/frasal/Desktop/emse-analysis/repositories/BrokkAi_brokk not found. Cannot resolve parents.
2026-09-18 15:28:33,189 - ERROR - Repo path /home/frasal/Desktop/emse-analysis/repositories/elastic_elasticsearch not found. Cannot resolve parents.
2026-09-18 15:28:33,189 - ERROR - Repo path /home/frasal/Desktop/emse-analysis/repositories/BrokkAi_brokk not found. Cannot resolve parents.
2026-09-18 15:28:33,189 - ERROR - Repo path /home/frasal/Desktop/emse-analysis/repositories/elastic_elasticsearch not found. Cannot resolve parents.
2026-09-18 15:28:33,189 - ERROR - Repo path /home/frasal/Desktop/emse-analysis/repositories/alibaba_spring-ai-alibaba not found. Cannot resolve parents.
2026-09-18 15:28:33,189 - ERROR - Repo path /home/frasal/Desktop/emse-analysis/repositories/alibaba_spring-ai-alibaba not found. Cannot resolve parents.
2026-09-18 15:28:33,189 - ERROR - Repo path /home/frasal/Desktop/emse-analysis/repositories/BrokkAi_brokk not found. Cannot resolve parents.
2026-09-18 15:28:33,189 - ERROR - Repo path /home/frasal/Desktop/emse-analysis/repositories/BrokkAi_brokk not found. Cannot resolve parents.
2026-09-18 15:28:33,189 - ERROR - Repo path /home/frasal/Desktop/emse-analysis/repositories/chanyong1027_LuminaOps not found. Cannot resolve parents.
2026-09-18 15:28:33,189 - ERROR - Repo path /home/frasal/Desktop/emse-analysis/repositories/BrokkAi_brokk not found. Cannot resolve parents.
2026-09-18 15:28:33,189 - ERROR - Repo path /home/frasal/Desktop/emse-analysis/repositories/BrokkAi_brokk not found. Cannot resolve parents.
2026-09-18 15:28:33,189 - ERROR - Repo path /home/frasal/Desktop/emse-analysis/repositories/BrokkAi_brokk not found. Cannot resolve parents.
2026-09-18 15:28:33,189 - ERROR - Repo path /home/frasal/Desktop/emse-analysis/repositories/alibaba_spring-ai-alibaba not found. Cannot resolve parents.
2026-09-18 15:28:33,189 - ERROR - Repo path /home/frasal/Desktop/emse-analysis/repositories/BrokkAi_brokk not found. Cannot resolve parents.
2026-09-18 15:28:33,190 - ERROR - Repo path /home/frasal/Desktop/emse-analysis/repositories/elastic_elasticsearch not found. Cannot resolve parents.
2026-09-18 15:28:33,190 - ERROR - Repo path /home/frasal/Desktop/emse-analysis/repositories/elastic_elasticsearch not found. Cannot resolve parents.
2026-09-18 15:28:33,190 - ERROR - Repo path /home/frasal/Desktop/emse-analysis/repositories/alibaba_spring-ai-alibaba not found. Cannot resolve parents.
2026-09-18 15:28:33,190 - ERROR - Repo path /home/frasal/Desktop/emse-analysis/repositories/BrokkAi_brokk not found. Cannot resolve parents.
2026-09-18 15:28:33,190 - ERROR - Repo path /home/frasal/Desktop/emse-analysis/repositories/elastic_elasticsearch not found. Cannot resolve parents.
2026-09-18 15:28:33,190 - ERROR - Repo path /home/frasal/Desktop/emse-analysis/repositories/BrokkAi_brokk not found. Cannot resolve parents.
2026-09-18 15:28:33,190 - ERROR - Repo path /home/frasal/Desktop/emse-analysis/repositories/BrokkAi_brokk not found. Cannot resolve parents.
2026-09-18 15:28:33,190 - ERROR - Repo path /home/frasal/Desktop/emse-analysis/repositories/elastic_elasticsearch not found. Cannot resolve parents.
2026-09-18 15:28:33,190 - ERROR - Repo path /home/frasal/Desktop/emse-analysis/repositories/elastic_elasticsearch not found. Cannot resolve parents.
2026-09-18 15:28:33,190 - ERROR - Repo path /home/frasal/Desktop/emse-analysis/repositories/BrokkAi_brokk not found. Cannot resolve parents.
2026-09-18 15:28:33,190 - ERROR - Repo path /home/frasal/Desktop/emse-analysis/repositories/BrokkAi_brokk not found. Cannot resolve parents.
2026-09-18 15:28:33,190 - ERROR - Repo path /home/frasal/Desktop/emse-analysis/repositories/BrokkAi_brokk not found. Cannot resolve parents.
2026-09-18 15:28:33,190 - ERROR - Repo path /home/frasal/Desktop/emse-analysis/repositories/BrokkAi_brokk not found. Cannot resolve parents.
2026-09-18 15:28:33,190 - ERROR - Repo path /home/frasal/Desktop/emse-analysis/repositories/elastic_elasticsearch not found. Cannot resolve parents.
2026-09-18 15:28:33,190 - ERROR - Repo path /home/frasal/Desktop/emse-analysis/repositories/elastic_elasticsearch not found. Cannot resolve parents.
2026-09-18 15:28:33,190 - ERROR - Repo path /home/frasal/Desktop/emse-analysis/repositories/alibaba_spring-ai-alibaba not found. Cannot resolve parents.
2026-09-18 15:28:33,190 - ERROR - Repo path /home/frasal/Desktop/emse-analysis/repositories/alibaba_spring-ai-alibaba not found. Cannot resolve parents.
2026-09-18 15:28:33,190 - ERROR - Repo path /home/frasal/Desktop/emse-analysis/repositories/BrokkAi_brokk not found. Cannot resolve parents.
2026-09-18 15:28:33,190 - ERROR - Repo path /home/frasal/Desktop/emse-analysis/repositories/Azure_azure-sdk-for-java not found. Cannot resolve parents.
2026-09-18 15:28:33,190 - ERROR - Repo path /home/frasal/Desktop/emse-analysis/repositories/Azure_azure-sdk-for-java not found. Cannot resolve parents.
2026-09-18 15:28:33,190 - ERROR - Repo path /home/frasal/Desktop/emse-analysis/repositories/BrokkAi_brokk not found. Cannot resolve parents.
2026-09-18 15:28:33,190 - ERROR - Repo path /home/frasal/Desktop/emse-analysis/repositories/BrokkAi_brokk not found. Cannot resolve parents.
2026-09-18 15:28:33,190 - ERROR - Repo path /home/frasal/Desktop/emse-analysis/repositories/BrokkAi_brokk not found. Cannot resolve parents.
2026-09-18 15:28:33,190 - ERROR - Repo path /home/frasal/Desktop/emse-analysis/repositories/BrokkAi_brokk not found. Cannot resolve parents.
2026-09-18 15:28:33,190 - ERROR - Repo path /home/frasal/Desktop/emse-analysis/repositories/alibaba_spring-ai-alibaba not found. Cannot resolve parents.
2026-09-18 15:28:33,190 - ERROR - Repo path /home/frasal/Desktop/emse-analysis/repositories/apache_shardingsphere not found. Cannot resolve parents.
2026-09-18 15:28:33,190 - ERROR - Repo path /home/frasal/Desktop/emse-analysis/repositories/elastic_elasticsearch not found. Cannot resolve parents.
2026-09-18 15:28:33,190 - ERROR - Repo path /home/frasal/Desktop/emse-analysis/repositories/elastic_elasticsearch not found. Cannot resolve parents.
2026-09-18 15:28:33,190 - ERROR - Repo path /home/frasal/Desktop/emse-analysis/repositories/Azure_azure-sdk-for-java not found. Cannot resolve parents.
2026-09-18 15:28:33,190 - ERROR - Repo path /home/frasal/Desktop/emse-analysis/repositories/elastic_elasticsearch not found. Cannot resolve parents.
2026-09-18 15:28:33,190 - ERROR - Repo path /home/frasal/Desktop/emse-analysis/repositories/alibaba_spring-ai-alibaba not found. Cannot resolve parents.
2026-09-18 15:28:33,191 - ERROR - Repo path /home/frasal/Desktop/emse-analysis/repositories/elastic_elasticsearch not found. Cannot resolve parents.
2026-09-18 15:28:33,191 - ERROR - Repo path /home/frasal/Desktop/emse-analysis/repositories/elastic_elasticsearch not found. Cannot resolve parents.
2026-09-18 15:28:33,191 - ERROR - Repo path /home/frasal/Desktop/emse-analysis/repositories/BrokkAi_brokk not found. Cannot resolve parents.
2026-09-18 15:28:33,191 - ERROR - Repo path /home/frasal/Desktop/emse-analysis/repositories/Azure_azure-sdk-for-java not found. Cannot resolve parents.
2026-09-18 15:28:33,191 - ERROR - Repo path /home/frasal/Desktop/emse-analysis/repositories/crypta-network_cryptad not found. Cannot resolve parents.
2026-09-18 15:28:33,191 - ERROR - Repo path /home/frasal/Desktop/emse-analysis/repositories/BrokkAi_brokk not found. Cannot resolve parents.
2026-09-18 15:28:33,191 - ERROR - Repo path /home/frasal/Desktop/emse-analysis/repositories/BrokkAi_brokk not found. Cannot resolve parents.
2026-09-18 15:28:33,191 - ERROR - Repo path /home/frasal/Desktop/emse-analysis/repositories/BrokkAi_brokk not found. Cannot resolve parents.
2026-09-18 15:28:33,191 - ERROR - Repo path /home/frasal/Desktop/emse-analysis/repositories/BrokkAi_brokk not found. Cannot resolve parents.
2026-09-18 15:28:33,191 - ERROR - Repo path /home/frasal/Desktop/emse-analysis/repositories/BrokkAi_brokk not found. Cannot resolve parents.
2026-09-18 15:28:33,191 - ERROR - Repo path /home/frasal/Desktop/emse-analysis/repositories/BrokkAi_brokk not found. Cannot resolve parents.
2026-09-18 15:28:33,191 - ERROR - Repo path /home/frasal/Desktop/emse-analysis/repositories/BrokkAi_brokk not found. Cannot resolve parents.
2026-09-18 15:28:33,191 - ERROR - Repo path /home/frasal/Desktop/emse-analysis/repositories/elastic_elasticsearch not found. Cannot resolve parents.
2026-09-18 15:28:33,191 - ERROR - Repo path /home/frasal/Desktop/emse-analysis/repositories/BrokkAi_brokk not found. Cannot resolve parents.
2026-09-18 15:28:33,191 - ERROR - Repo path /home/frasal/Desktop/emse-analysis/repositories/alibaba_spring-ai-alibaba not found. Cannot resolve parents.
2026-09-18 15:28:33,191 - ERROR - Repo path /home/frasal/Desktop/emse-analysis/repositories/alibaba_spring-ai-alibaba not found. Cannot resolve parents.
2026-09-18 15:28:33,191 - ERROR - Repo path /home/frasal/Desktop/emse-analysis/repositories/BrokkAi_brokk not found. Cannot resolve parents.
2026-09-18 15:28:33,191 - ERROR - Repo path /home/frasal/Desktop/emse-analysis/repositories/BrokkAi_brokk not found. Cannot resolve parents.
2026-09-18 15:28:33,191 - ERROR - Repo path /home/frasal/Desktop/emse-analysis/repositories/elastic_elasticsearch not found. Cannot resolve parents.
2026-09-18 15:28:33,191 - ERROR - Repo path /home/frasal/Desktop/emse-analysis/repositories/alibaba_spring-ai-alibaba not found. Cannot resolve parents.
2026-09-18 15:28:33,191 - ERROR - Repo path /home/frasal/Desktop/emse-analysis/repositories/BrokkAi_brokk not found. Cannot resolve parents.
2026-09-18 15:28:33,191 - ERROR - Repo path /home/frasal/Desktop/emse-analysis/repositories/elastic_elasticsearch not found. Cannot resolve parents.
2026-09-18 15:28:33,191 - ERROR - Repo path /home/frasal/Desktop/emse-analysis/repositories/BrokkAi_brokk not found. Cannot resolve parents.
2026-09-18 15:28:33,191 - ERROR - Repo path /home/frasal/Desktop/emse-analysis/repositories/BrokkAi_brokk not found. Cannot resolve parents.
2026-09-18 15:28:33,191 - ERROR - Repo path /home/frasal/Desktop/emse-analysis/repositories/elastic_elasticsearch not found. Cannot resolve parents.
2026-09-18 15:28:33,191 - ERROR - Repo path /home/frasal/Desktop/emse-analysis/repositories/BrokkAi_brokk not found. Cannot resolve parents.
2026-09-18 15:28:33,191 - ERROR - Repo path /home/frasal/Desktop/emse-analysis/repositories/crypta-network_cryptad not found. Cannot resolve parents.
2026-09-18 15:28:33,191 - ERROR - Repo path /home/frasal/Desktop/emse-analysis/repositories/elastic_elasticsearch not found. Cannot resolve parents.
2026-09-18 15:28:33,191 - ERROR - Repo path /home/frasal/Desktop/emse-analysis/repositories/BrokkAi_brokk not found. Cannot resolve parents.
2026-09-18 15:28:33,191 - ERROR - Repo path /home/frasal/Desktop/emse-analysis/repositories/elastic_elasticsearch not found. Cannot resolve parents.
2026-09-18 15:28:33,191 - ERROR - Repo path /home/frasal/Desktop/emse-analysis/repositories/elastic_elasticsearch not found. Cannot resolve parents.
2026-09-18 15:28:33,192 - ERROR - Repo path /home/frasal/Desktop/emse-analysis/repositories/BrokkAi_brokk not found. Cannot resolve parents.
2026-09-18 15:28:33,192 - ERROR - Repo path /home/frasal/Desktop/emse-analysis/repositories/elastic_elasticsearch not found. Cannot resolve parents.
2026-09-18 15:28:33,192 - ERROR - Repo path /home/frasal/Desktop/emse-analysis/repositories/wultra_powerauth-server not found. Cannot resolve parents.
2026-09-18 15:28:33,192 - ERROR - Repo path /home/frasal/Desktop/emse-analysis/repositories/wultra_powerauth-server not found. Cannot resolve parents.
2026-09-18 15:28:33,192 - ERROR - Repo path /home/frasal/Desktop/emse-analysis/repositories/alibaba_spring-ai-alibaba not found. Cannot resolve parents.
2026-09-18 15:28:33,192 - ERROR - Repo path /home/frasal/Desktop/emse-analysis/repositories/BrokkAi_brokk not found. Cannot resolve parents.
2026-09-18 15:28:33,192 - ERROR - Repo path /home/frasal/Desktop/emse-analysis/repositories/BrokkAi_brokk not found. Cannot resolve parents.
2026-09-18 15:28:33,192 - ERROR - Repo path /home/frasal/Desktop/emse-analysis/repositories/elastic_elasticsearch not found. Cannot resolve parents.
2026-09-18 15:28:33,192 - ERROR - Repo path /home/frasal/Desktop/emse-analysis/repositories/alibaba_spring-ai-alibaba not found. Cannot resolve parents.
2026-09-18 15:28:33,192 - ERROR - Repo path /home/frasal/Desktop/emse-analysis/repositories/alibaba_spring-ai-alibaba not found. Cannot resolve parents.
2026-09-18 15:28:33,192 - ERROR - Repo path /home/frasal/Desktop/emse-analysis/repositories/BrokkAi_brokk not found. Cannot resolve parents.
2026-09-18 15:28:33,192 - ERROR - Repo path /home/frasal/Desktop/emse-analysis/repositories/elastic_elasticsearch not found. Cannot resolve parents.
2026-09-18 15:28:33,192 - ERROR - Repo path /home/frasal/Desktop/emse-analysis/repositories/BrokkAi_brokk not found. Cannot resolve parents.
2026-09-18 15:28:33,192 - ERROR - Repo path /home/frasal/Desktop/emse-analysis/repositories/eclipse-tycho_tycho not found. Cannot resolve parents.
2026-09-18 15:28:33,192 - ERROR - Repo path /home/frasal/Desktop/emse-analysis/repositories/DataDog_dd-trace-java not found. Cannot resolve parents.
2026-09-18 15:28:33,192 - ERROR - Repo path /home/frasal/Desktop/emse-analysis/repositories/elastic_elasticsearch not found. Cannot resolve parents.
2026-09-18 15:28:33,192 - ERROR - Repo path /home/frasal/Desktop/emse-analysis/repositories/BrokkAi_brokk not found. Cannot resolve parents.
2026-09-18 15:28:33,192 - ERROR - Repo path /home/frasal/Desktop/emse-analysis/repositories/elastic_elasticsearch not found. Cannot resolve parents.
2026-09-18 15:28:33,192 - ERROR - Repo path /home/frasal/Desktop/emse-analysis/repositories/BrokkAi_brokk not found. Cannot resolve parents.
2026-09-18 15:28:33,192 - ERROR - Repo path /home/frasal/Desktop/emse-analysis/repositories/elastic_elasticsearch not found. Cannot resolve parents.
2026-09-18 15:28:33,192 - ERROR - Repo path /home/frasal/Desktop/emse-analysis/repositories/BrokkAi_brokk not found. Cannot resolve parents.
2026-09-18 15:28:33,192 - ERROR - Repo path /home/frasal/Desktop/emse-analysis/repositories/BrokkAi_brokk not found. Cannot resolve parents.
2026-09-18 15:28:33,192 - ERROR - Repo path /home/frasal/Desktop/emse-analysis/repositories/BrokkAi_brokk not found. Cannot resolve parents.
2026-09-18 15:28:33,192 - ERROR - Repo path /home/frasal/Desktop/emse-analysis/repositories/elastic_elasticsearch not found. Cannot resolve parents.
2026-09-18 15:28:33,192 - ERROR - Repo path /home/frasal/Desktop/emse-analysis/repositories/BrokkAi_brokk not found. Cannot resolve parents.
2026-09-18 15:28:33,192 - ERROR - Repo path /home/frasal/Desktop/emse-analysis/repositories/elastic_elasticsearch not found. Cannot resolve parents.
2026-09-18 15:28:33,192 - ERROR - Repo path /home/frasal/Desktop/emse-analysis/repositories/elastic_elasticsearch not found. Cannot resolve parents.
2026-09-18 15:28:33,192 - ERROR - Repo path /home/frasal/Desktop/emse-analysis/repositories/BrokkAi_brokk not found. Cannot resolve parents.
2026-09-18 15:28:33,192 - ERROR - Repo path /home/frasal/Desktop/emse-analysis/repositories/BrokkAi_brokk not found. Cannot resolve parents.
2026-09-18 15:28:33,192 - ERROR - Repo path /home/frasal/Desktop/emse-analysis/repositories/BrokkAi_brokk not found. Cannot resolve parents.
2026-09-18 15:28:33,193 - ERROR - Repo path /home/frasal/Desktop/emse-analysis/repositories/elastic_elasticsearch not found. Cannot resolve parents.
2026-09-18 15:28:33,193 - ERROR - Repo path /home/frasal/Desktop/emse-analysis/repositories/BrokkAi_brokk not found. Cannot resolve parents.
2026-09-18 15:28:33,193 - ERROR - Repo path /home/frasal/Desktop/emse-analysis/repositories/elastic_elasticsearch not found. Cannot resolve parents.
2026-09-18 15:28:33,193 - ERROR - Repo path /home/frasal/Desktop/emse-analysis/repositories/elastic_elasticsearch not found. Cannot resolve parents.
2026-09-18 15:28:33,193 - ERROR - Repo path /home/frasal/Desktop/emse-analysis/repositories/elastic_elasticsearch not found. Cannot resolve parents.
2026-09-18 15:28:33,193 - ERROR - Repo path /home/frasal/Desktop/emse-analysis/repositories/BrokkAi_brokk not found. Cannot resolve parents.
2026-09-18 15:28:33,193 - ERROR - Repo path /home/frasal/Desktop/emse-analysis/repositories/elastic_elasticsearch not found. Cannot resolve parents.
2026-09-18 15:28:33,193 - ERROR - Repo path /home/frasal/Desktop/emse-analysis/repositories/BrokkAi_brokk not found. Cannot resolve parents.
2026-09-18 15:28:33,193 - ERROR - Repo path /home/frasal/Desktop/emse-analysis/repositories/BrokkAi_brokk not found. Cannot resolve parents.
2026-09-18 15:28:33,193 - ERROR - Repo path /home/frasal/Desktop/emse-analysis/repositories/BrokkAi_brokk not found. Cannot resolve parents.
2026-09-18 15:28:33,193 - ERROR - Repo path /home/frasal/Desktop/emse-analysis/repositories/elastic_elasticsearch not found. Cannot resolve parents.
2026-09-18 15:28:33,193 - ERROR - Repo path /home/frasal/Desktop/emse-analysis/repositories/vaadin_flow-components not found. Cannot resolve parents.
2026-09-18 15:28:33,193 - ERROR - Repo path /home/frasal/Desktop/emse-analysis/repositories/BrokkAi_brokk not found. Cannot resolve parents.
2026-09-18 15:28:33,193 - ERROR - Repo path /home/frasal/Desktop/emse-analysis/repositories/BrokkAi_brokk not found. Cannot resolve parents.
2026-09-18 15:28:33,193 - ERROR - Repo path /home/frasal/Desktop/emse-analysis/repositories/elastic_elasticsearch not found. Cannot resolve parents.
2026-09-18 15:28:33,193 - ERROR - Repo path /home/frasal/Desktop/emse-analysis/repositories/alibaba_spring-ai-alibaba not found. Cannot resolve parents.
2026-09-18 15:28:33,193 - ERROR - Repo path /home/frasal/Desktop/emse-analysis/repositories/elastic_elasticsearch not found. Cannot resolve parents.
2026-09-18 15:28:33,193 - ERROR - Repo path /home/frasal/Desktop/emse-analysis/repositories/alibaba_spring-ai-alibaba not found. Cannot resolve parents.
2026-09-18 15:28:33,193 - ERROR - Repo path /home/frasal/Desktop/emse-analysis/repositories/gravitee-io_gravitee-api-management not found. Cannot resolve parents.
2026-09-18 15:28:33,193 - ERROR - Repo path /home/frasal/Desktop/emse-analysis/repositories/elastic_elasticsearch not found. Cannot resolve parents.
2026-09-18 15:28:33,193 - ERROR - Repo path /home/frasal/Desktop/emse-analysis/repositories/elastic_elasticsearch not found. Cannot resolve parents.
2026-09-18 15:28:33,193 - ERROR - Repo path /home/frasal/Desktop/emse-analysis/repositories/BrokkAi_brokk not found. Cannot resolve parents.
2026-09-18 15:28:33,193 - ERROR - Repo path /home/frasal/Desktop/emse-analysis/repositories/elastic_elasticsearch not found. Cannot resolve parents.
2026-09-18 15:28:33,193 - ERROR - Repo path /home/frasal/Desktop/emse-analysis/repositories/BrokkAi_brokk not found. Cannot resolve parents.
2026-09-18 15:28:33,193 - ERROR - Repo path /home/frasal/Desktop/emse-analysis/repositories/FelixHertweck_seatReservation not found. Cannot resolve parents.
2026-09-18 15:28:33,193 - ERROR - Repo path /home/frasal/Desktop/emse-analysis/repositories/jabrena_advent-of-code not found. Cannot resolve parents.
2026-09-18 15:28:33,193 - ERROR - Repo path /home/frasal/Desktop/emse-analysis/repositories/elastic_elasticsearch not found. Cannot resolve parents.
2026-09-18 15:28:33,193 - ERROR - Repo path /home/frasal/Desktop/emse-analysis/repositories/jabrena_advent-of-code not found. Cannot resolve parents.
2026-09-18 15:28:33,193 - ERROR - Repo path /home/frasal/Desktop/emse-analysis/repositories/crypta-network_cryptad not found. Cannot resolve parents.
2026-09-18 15:28:33,193 - ERROR - Repo path /home/frasal/Desktop/emse-analysis/repositories/jabrena_advent-of-code not found. Cannot resolve parents.
2026-09-18 15:28:33,194 - ERROR - Repo path /home/frasal/Desktop/emse-analysis/repositories/elastic_elasticsearch not found. Cannot resolve parents.
2026-09-18 15:28:33,194 - ERROR - Repo path /home/frasal/Desktop/emse-analysis/repositories/BrokkAi_brokk not found. Cannot resolve parents.
2026-09-18 15:28:33,194 - ERROR - Repo path /home/frasal/Desktop/emse-analysis/repositories/OmniTrustILM_core not found. Cannot resolve parents.
2026-09-18 15:28:33,194 - ERROR - Repo path /home/frasal/Desktop/emse-analysis/repositories/Azure_azure-sdk-for-java not found. Cannot resolve parents.
2026-09-18 15:28:33,194 - ERROR - Repo path /home/frasal/Desktop/emse-analysis/repositories/camunda_camunda not found. Cannot resolve parents.
2026-09-18 15:28:33,194 - ERROR - Repo path /home/frasal/Desktop/emse-analysis/repositories/BrokkAi_brokk not found. Cannot resolve parents.
2026-09-18 15:28:33,194 - ERROR - Repo path /home/frasal/Desktop/emse-analysis/repositories/elastic_elasticsearch not found. Cannot resolve parents.
2026-09-18 15:28:33,194 - ERROR - Repo path /home/frasal/Desktop/emse-analysis/repositories/BrokkAi_brokk not found. Cannot resolve parents.
2026-09-18 15:28:33,194 - ERROR - Repo path /home/frasal/Desktop/emse-analysis/repositories/BrokkAi_brokk not found. Cannot resolve parents.
2026-09-18 15:28:33,194 - ERROR - Repo path /home/frasal/Desktop/emse-analysis/repositories/elastic_elasticsearch not found. Cannot resolve parents.
2026-09-18 15:28:33,194 - ERROR - Repo path /home/frasal/Desktop/emse-analysis/repositories/jabrena_advent-of-code not found. Cannot resolve parents.
2026-09-18 15:28:33,194 - ERROR - Repo path /home/frasal/Desktop/emse-analysis/repositories/wultra_powerauth-server not found. Cannot resolve parents.
2026-09-18 15:28:33,194 - ERROR - Repo path /home/frasal/Desktop/emse-analysis/repositories/jabrena_advent-of-code not found. Cannot resolve parents.
2026-09-18 15:28:33,194 - ERROR - Repo path /home/frasal/Desktop/emse-analysis/repositories/elastic_elasticsearch not found. Cannot resolve parents.
2026-09-18 15:28:33,194 - ERROR - Repo path /home/frasal/Desktop/emse-analysis/repositories/elastic_elasticsearch not found. Cannot resolve parents.
2026-09-18 15:28:33,194 - ERROR - Repo path /home/frasal/Desktop/emse-analysis/repositories/BrokkAi_brokk not found. Cannot resolve parents.
2026-09-18 15:28:33,194 - ERROR - Repo path /home/frasal/Desktop/emse-analysis/repositories/BrokkAi_brokk not found. Cannot resolve parents.
2026-09-18 15:28:33,194 - ERROR - Repo path /home/frasal/Desktop/emse-analysis/repositories/BrokkAi_brokk not found. Cannot resolve parents.
2026-09-18 15:28:33,194 - ERROR - Repo path /home/frasal/Desktop/emse-analysis/repositories/BrokkAi_brokk not found. Cannot resolve parents.
2026-09-18 15:28:33,194 - ERROR - Repo path /home/frasal/Desktop/emse-analysis/repositories/BrokkAi_brokk not found. Cannot resolve parents.
2026-09-18 15:28:33,194 - ERROR - Repo path /home/frasal/Desktop/emse-analysis/repositories/BrokkAi_brokk not found. Cannot resolve parents.
2026-09-18 15:28:33,194 - ERROR - Repo path /home/frasal/Desktop/emse-analysis/repositories/BrokkAi_brokk not found. Cannot resolve parents.
2026-09-18 15:28:33,194 - ERROR - Repo path /home/frasal/Desktop/emse-analysis/repositories/BrokkAi_brokk not found. Cannot resolve parents.
2026-09-18 15:28:33,194 - ERROR - Repo path /home/frasal/Desktop/emse-analysis/repositories/BrokkAi_brokk not found. Cannot resolve parents.
2026-09-18 15:28:33,194 - ERROR - Repo path /home/frasal/Desktop/emse-analysis/repositories/BrokkAi_brokk not found. Cannot resolve parents.
2026-09-18 15:28:33,194 - ERROR - Repo path /home/frasal/Desktop/emse-analysis/repositories/WHS-FRC-3467_Skip-5.16-Platypus not found. Cannot resolve parents.
2026-09-18 15:28:33,194 - ERROR - Repo path /home/frasal/Desktop/emse-analysis/repositories/WHS-FRC-3467_Skip-5.16-Platypus not found. Cannot resolve parents.
2026-09-18 15:28:33,194 - ERROR - Repo path /home/frasal/Desktop/emse-analysis/repositories/BrokkAi_brokk not found. Cannot resolve parents.
2026-09-18 15:28:33,194 - ERROR - Repo path /home/frasal/Desktop/emse-analysis/repositories/BrokkAi_brokk not found. Cannot resolve parents.
2026-09-18 15:28:33,194 - ERROR - Repo path /home/frasal/Desktop/emse-analysis/repositories/camunda_camunda not found. Cannot resolve parents.
2026-09-18 15:28:33,194 - ERROR - Repo path /home/frasal/Desktop/emse-analysis/repositories/vaadin_flow-components not found. Cannot resolve parents.
2026-09-18 15:28:33,195 - ERROR - Repo path /home/frasal/Desktop/emse-analysis/repositories/vaadin_flow-components not found. Cannot resolve parents.
2026-09-18 15:28:33,195 - ERROR - Repo path /home/frasal/Desktop/emse-analysis/repositories/BrokkAi_brokk not found. Cannot resolve parents.
2026-09-18 15:28:33,195 - ERROR - Repo path /home/frasal/Desktop/emse-analysis/repositories/camunda_camunda not found. Cannot resolve parents.
2026-09-18 15:28:33,195 - ERROR - Repo path /home/frasal/Desktop/emse-analysis/repositories/BrokkAi_brokk not found. Cannot resolve parents.
2026-09-18 15:28:33,195 - ERROR - Repo path /home/frasal/Desktop/emse-analysis/repositories/BrokkAi_brokk not found. Cannot resolve parents.
2026-09-18 15:28:33,195 - ERROR - Repo path /home/frasal/Desktop/emse-analysis/repositories/BrokkAi_brokk not found. Cannot resolve parents.
2026-09-18 15:28:33,195 - ERROR - Repo path /home/frasal/Desktop/emse-analysis/repositories/BrokkAi_brokk not found. Cannot resolve parents.
2026-09-18 15:28:33,195 - ERROR - Repo path /home/frasal/Desktop/emse-analysis/repositories/BrokkAi_brokk not found. Cannot resolve parents.
2026-09-18 15:28:33,195 - ERROR - Repo path /home/frasal/Desktop/emse-analysis/repositories/BrokkAi_brokk not found. Cannot resolve parents.
2026-09-18 15:28:33,195 - ERROR - Repo path /home/frasal/Desktop/emse-analysis/repositories/jabrena_advent-of-code not found. Cannot resolve parents.
2026-09-18 15:28:33,195 - ERROR - Repo path /home/frasal/Desktop/emse-analysis/repositories/apache_solr not found. Cannot resolve parents.
2026-09-18 15:28:33,195 - ERROR - Repo path /home/frasal/Desktop/emse-analysis/repositories/apache_shardingsphere not found. Cannot resolve parents.
2026-09-18 15:28:33,195 - ERROR - Repo path /home/frasal/Desktop/emse-analysis/repositories/BrokkAi_brokk not found. Cannot resolve parents.
2026-09-18 15:28:33,195 - ERROR - Repo path /home/frasal/Desktop/emse-analysis/repositories/BrokkAi_brokk not found. Cannot resolve parents.
2026-09-18 15:28:33,195 - ERROR - Repo path /home/frasal/Desktop/emse-analysis/repositories/apache_shardingsphere not found. Cannot resolve parents.
2026-09-18 15:28:33,195 - ERROR - Repo path /home/frasal/Desktop/emse-analysis/repositories/BrokkAi_brokk not found. Cannot resolve parents.
2026-09-18 15:28:33,195 - ERROR - Repo path /home/frasal/Desktop/emse-analysis/repositories/BrokkAi_brokk not found. Cannot resolve parents.
2026-09-18 15:28:33,195 - ERROR - Repo path /home/frasal/Desktop/emse-analysis/repositories/camunda_camunda not found. Cannot resolve parents.
2026-09-18 15:28:33,195 - ERROR - Repo path /home/frasal/Desktop/emse-analysis/repositories/BrokkAi_brokk not found. Cannot resolve parents.
2026-09-18 15:28:33,195 - ERROR - Repo path /home/frasal/Desktop/emse-analysis/repositories/elastic_elasticsearch not found. Cannot resolve parents.
2026-09-18 15:28:33,195 - ERROR - Repo path /home/frasal/Desktop/emse-analysis/repositories/BrokkAi_brokk not found. Cannot resolve parents.
2026-09-18 15:28:33,195 - ERROR - Repo path /home/frasal/Desktop/emse-analysis/repositories/BrokkAi_brokk not found. Cannot resolve parents.
2026-09-18 15:28:33,195 - ERROR - Repo path /home/frasal/Desktop/emse-analysis/repositories/um-dev-creative_directory-backend not found. Cannot resolve parents.
2026-09-18 15:28:33,195 - ERROR - Repo path /home/frasal/Desktop/emse-analysis/repositories/um-dev-creative_directory-backend not found. Cannot resolve parents.
2026-09-18 15:28:33,195 - ERROR - Repo path /home/frasal/Desktop/emse-analysis/repositories/um-dev-creative_directory-backend not found. Cannot resolve parents.
2026-09-18 15:28:33,195 - ERROR - Repo path /home/frasal/Desktop/emse-analysis/repositories/apache_shardingsphere not found. Cannot resolve parents.
2026-09-18 15:28:33,195 - ERROR - Repo path /home/frasal/Desktop/emse-analysis/repositories/um-dev-creative_directory-backend not found. Cannot resolve parents.
2026-09-18 15:28:33,195 - ERROR - Repo path /home/frasal/Desktop/emse-analysis/repositories/um-dev-creative_directory-backend not found. Cannot resolve parents.
2026-09-18 15:28:33,195 - ERROR - Repo path /home/frasal/Desktop/emse-analysis/repositories/langchain4j_langchain4j not found. Cannot resolve parents.
2026-09-18 15:28:33,195 - ERROR - Repo path /home/frasal/Desktop/emse-analysis/repositories/um-dev-creative_directory-backend not found. Cannot resolve parents.
2026-09-18 15:28:33,195 - ERROR - Repo path /home/frasal/Desktop/emse-analysis/repositories/BrokkAi_brokk not found. Cannot resolve parents.
2026-09-18 15:28:33,196 - ERROR - Repo path /home/frasal/Desktop/emse-analysis/repositories/BrokkAi_brokk not found. Cannot resolve parents.
2026-09-18 15:28:33,196 - ERROR - Repo path /home/frasal/Desktop/emse-analysis/repositories/apache_shardingsphere not found. Cannot resolve parents.
2026-09-18 15:28:33,196 - ERROR - Repo path /home/frasal/Desktop/emse-analysis/repositories/Azure_azure-sdk-for-java not found. Cannot resolve parents.
2026-09-18 15:28:33,196 - ERROR - Repo path /home/frasal/Desktop/emse-analysis/repositories/apache_solr not found. Cannot resolve parents.
2026-09-18 15:28:33,196 - ERROR - Repo path /home/frasal/Desktop/emse-analysis/repositories/BrokkAi_brokk not found. Cannot resolve parents.
2026-09-18 15:28:33,196 - ERROR - Repo path /home/frasal/Desktop/emse-analysis/repositories/elastic_elasticsearch not found. Cannot resolve parents.
2026-09-18 15:28:33,196 - ERROR - Repo path /home/frasal/Desktop/emse-analysis/repositories/camunda_camunda not found. Cannot resolve parents.
2026-09-18 15:28:33,196 - ERROR - Repo path /home/frasal/Desktop/emse-analysis/repositories/classic-daramg_server not found. Cannot resolve parents.
2026-09-18 15:28:33,196 - ERROR - Repo path /home/frasal/Desktop/emse-analysis/repositories/BrokkAi_brokk not found. Cannot resolve parents.
2026-09-18 15:28:33,196 - ERROR - Repo path /home/frasal/Desktop/emse-analysis/repositories/elastic_elasticsearch not found. Cannot resolve parents.
2026-09-18 15:28:33,196 - ERROR - Repo path /home/frasal/Desktop/emse-analysis/repositories/apache_shardingsphere not found. Cannot resolve parents.
2026-09-18 15:28:33,196 - ERROR - Repo path /home/frasal/Desktop/emse-analysis/repositories/elastic_elasticsearch not found. Cannot resolve parents.
2026-09-18 15:28:33,196 - ERROR - Repo path /home/frasal/Desktop/emse-analysis/repositories/cuioss_OAuthSheriff not found. Cannot resolve parents.
2026-09-18 15:28:33,196 - ERROR - Repo path /home/frasal/Desktop/emse-analysis/repositories/apache_shardingsphere not found. Cannot resolve parents.
2026-09-18 15:28:33,196 - ERROR - Repo path /home/frasal/Desktop/emse-analysis/repositories/cuioss_OAuthSheriff not found. Cannot resolve parents.
2026-09-18 15:28:33,196 - ERROR - Repo path /home/frasal/Desktop/emse-analysis/repositories/BrokkAi_brokk not found. Cannot resolve parents.
2026-09-18 15:28:33,196 - ERROR - Repo path /home/frasal/Desktop/emse-analysis/repositories/CBIIT_dme-archival-workflow not found. Cannot resolve parents.
2026-09-18 15:28:33,196 - ERROR - Repo path /home/frasal/Desktop/emse-analysis/repositories/BrokkAi_brokk not found. Cannot resolve parents.
2026-09-18 15:28:33,196 - ERROR - Repo path /home/frasal/Desktop/emse-analysis/repositories/elastic_elasticsearch not found. Cannot resolve parents.
2026-09-18 15:28:33,196 - ERROR - Repo path /home/frasal/Desktop/emse-analysis/repositories/BrokkAi_brokk not found. Cannot resolve parents.
2026-09-18 15:28:33,196 - ERROR - Repo path /home/frasal/Desktop/emse-analysis/repositories/BrokkAi_brokk not found. Cannot resolve parents.
2026-09-18 15:28:33,196 - ERROR - Repo path /home/frasal/Desktop/emse-analysis/repositories/BrokkAi_brokk not found. Cannot resolve parents.
2026-09-18 15:28:33,196 - ERROR - Repo path /home/frasal/Desktop/emse-analysis/repositories/BrokkAi_brokk not found. Cannot resolve parents.
2026-09-18 15:28:33,196 - ERROR - Repo path /home/frasal/Desktop/emse-analysis/repositories/elastic_elasticsearch not found. Cannot resolve parents.
2026-09-18 15:28:33,196 - ERROR - Repo path /home/frasal/Desktop/emse-analysis/repositories/elastic_elasticsearch not found. Cannot resolve parents.
2026-09-18 15:28:33,196 - ERROR - Repo path /home/frasal/Desktop/emse-analysis/repositories/classic-daramg_server not found. Cannot resolve parents.
2026-09-18 15:28:33,196 - ERROR - Repo path /home/frasal/Desktop/emse-analysis/repositories/nishisan-dev_nishi-utils not found. Cannot resolve parents.
2026-09-18 15:28:33,196 - ERROR - Repo path /home/frasal/Desktop/emse-analysis/repositories/Nexters_yogieat-server not found. Cannot resolve parents.
2026-09-18 15:28:33,196 - ERROR - Repo path /home/frasal/Desktop/emse-analysis/repositories/cuioss_OAuthSheriff not found. Cannot resolve parents.
2026-09-18 15:28:33,196 - ERROR - Repo path /home/frasal/Desktop/emse-analysis/repositories/cuioss_OAuthSheriff not found. Cannot resolve parents.
2026-09-18 15:28:33,196 - ERROR - Repo path /home/frasal/Desktop/emse-analysis/repositories/cremonese1980_triagemate not found. Cannot resolve parents.
2026-09-18 15:28:33,197 - ERROR - Repo path /home/frasal/Desktop/emse-analysis/repositories/elastic_elasticsearch not found. Cannot resolve parents.
2026-09-18 15:28:33,197 - ERROR - Repo path /home/frasal/Desktop/emse-analysis/repositories/elastic_elasticsearch not found. Cannot resolve parents.
2026-09-18 15:28:33,197 - ERROR - Repo path /home/frasal/Desktop/emse-analysis/repositories/apache_shardingsphere not found. Cannot resolve parents.
2026-09-18 15:28:33,197 - ERROR - Repo path /home/frasal/Desktop/emse-analysis/repositories/elastic_elasticsearch not found. Cannot resolve parents.
2026-09-18 15:28:33,197 - ERROR - Repo path /home/frasal/Desktop/emse-analysis/repositories/DeyvidJesus_gomech-backend not found. Cannot resolve parents.
2026-09-18 15:28:33,197 - ERROR - Repo path /home/frasal/Desktop/emse-analysis/repositories/Azure_azure-sdk-for-java not found. Cannot resolve parents.
2026-09-18 15:28:33,197 - ERROR - Repo path /home/frasal/Desktop/emse-analysis/repositories/hilemonmon_NAGOYAMESHI not found. Cannot resolve parents.
2026-09-18 15:28:33,197 - ERROR - Repo path /home/frasal/Desktop/emse-analysis/repositories/apache_shardingsphere not found. Cannot resolve parents.
2026-09-18 15:28:33,197 - ERROR - Repo path /home/frasal/Desktop/emse-analysis/repositories/hilemonmon_NAGOYAMESHI not found. Cannot resolve parents.
2026-09-18 15:28:33,197 - ERROR - Repo path /home/frasal/Desktop/emse-analysis/repositories/hilemonmon_NAGOYAMESHI not found. Cannot resolve parents.
2026-09-18 15:28:33,197 - ERROR - Repo path /home/frasal/Desktop/emse-analysis/repositories/cuioss_OAuthSheriff not found. Cannot resolve parents.
2026-09-18 15:28:33,197 - ERROR - Repo path /home/frasal/Desktop/emse-analysis/repositories/elastic_elasticsearch not found. Cannot resolve parents.
2026-09-18 15:28:33,197 - ERROR - Repo path /home/frasal/Desktop/emse-analysis/repositories/ortus-boxlang_bx-ai not found. Cannot resolve parents.
2026-09-18 15:28:33,197 - ERROR - Repo path /home/frasal/Desktop/emse-analysis/repositories/apache_shardingsphere not found. Cannot resolve parents.
2026-09-18 15:28:33,197 - ERROR - Repo path /home/frasal/Desktop/emse-analysis/repositories/ortus-boxlang_bx-ai not found. Cannot resolve parents.
2026-09-18 15:28:33,197 - ERROR - Repo path /home/frasal/Desktop/emse-analysis/repositories/elastic_elasticsearch not found. Cannot resolve parents.
2026-09-18 15:28:33,197 - ERROR - Repo path /home/frasal/Desktop/emse-analysis/repositories/ortus-boxlang_bx-ai not found. Cannot resolve parents.
2026-09-18 15:28:33,197 - ERROR - Repo path /home/frasal/Desktop/emse-analysis/repositories/elastic_elasticsearch not found. Cannot resolve parents.
2026-09-18 15:28:33,197 - ERROR - Repo path /home/frasal/Desktop/emse-analysis/repositories/elastic_elasticsearch not found. Cannot resolve parents.
2026-09-18 15:28:33,197 - ERROR - Repo path /home/frasal/Desktop/emse-analysis/repositories/elastic_elasticsearch not found. Cannot resolve parents.
2026-09-18 15:28:33,197 - ERROR - Repo path /home/frasal/Desktop/emse-analysis/repositories/dongsooop_backend not found. Cannot resolve parents.
2026-09-18 15:28:33,197 - ERROR - Repo path /home/frasal/Desktop/emse-analysis/repositories/elastic_elasticsearch not found. Cannot resolve parents.
2026-09-18 15:28:33,197 - ERROR - Repo path /home/frasal/Desktop/emse-analysis/repositories/elastic_elasticsearch not found. Cannot resolve parents.
2026-09-18 15:28:33,197 - ERROR - Repo path /home/frasal/Desktop/emse-analysis/repositories/cibseven_cibseven-webclient not found. Cannot resolve parents.
2026-09-18 15:28:33,197 - ERROR - Repo path /home/frasal/Desktop/emse-analysis/repositories/cibseven_cibseven-webclient not found. Cannot resolve parents.
2026-09-18 15:28:33,197 - ERROR - Repo path /home/frasal/Desktop/emse-analysis/repositories/dongsooop_backend not found. Cannot resolve parents.
2026-09-18 15:28:33,197 - ERROR - Repo path /home/frasal/Desktop/emse-analysis/repositories/wultra_powerauth-server not found. Cannot resolve parents.
2026-09-18 15:28:33,197 - ERROR - Repo path /home/frasal/Desktop/emse-analysis/repositories/elastic_elasticsearch not found. Cannot resolve parents.
2026-09-18 15:28:33,197 - ERROR - Repo path /home/frasal/Desktop/emse-analysis/repositories/elastic_elasticsearch not found. Cannot resolve parents.
2026-09-18 15:28:33,197 - ERROR - Repo path /home/frasal/Desktop/emse-analysis/repositories/elastic_elasticsearch not found. Cannot resolve parents.
2026-09-18 15:28:33,197 - ERROR - Repo path /home/frasal/Desktop/emse-analysis/repositories/dongsooop_backend not found. Cannot resolve parents.
2026-09-18 15:28:33,198 - ERROR - Repo path /home/frasal/Desktop/emse-analysis/repositories/ArcadeData_arcadedb not found. Cannot resolve parents.
2026-09-18 15:28:33,198 - ERROR - Repo path /home/frasal/Desktop/emse-analysis/repositories/BCSDLab_KONECT_BACK_END not found. Cannot resolve parents.
2026-09-18 15:28:33,198 - ERROR - Repo path /home/frasal/Desktop/emse-analysis/repositories/elastic_elasticsearch not found. Cannot resolve parents.
2026-09-18 15:28:33,198 - ERROR - Repo path /home/frasal/Desktop/emse-analysis/repositories/elastic_elasticsearch not found. Cannot resolve parents.
2026-09-18 15:28:33,198 - ERROR - Repo path /home/frasal/Desktop/emse-analysis/repositories/dongsooop_backend not found. Cannot resolve parents.
2026-09-18 15:28:33,198 - ERROR - Repo path /home/frasal/Desktop/emse-analysis/repositories/Azure_azure-sdk-for-java not found. Cannot resolve parents.
2026-09-18 15:28:33,198 - ERROR - Repo path /home/frasal/Desktop/emse-analysis/repositories/BCSDLab_KONECT_BACK_END not found. Cannot resolve parents.
2026-09-18 15:28:33,198 - ERROR - Repo path /home/frasal/Desktop/emse-analysis/repositories/elastic_elasticsearch not found. Cannot resolve parents.
2026-09-18 15:28:33,198 - ERROR - Repo path /home/frasal/Desktop/emse-analysis/repositories/elastic_elasticsearch not found. Cannot resolve parents.
2026-09-18 15:28:33,198 - ERROR - Repo path /home/frasal/Desktop/emse-analysis/repositories/dongsooop_backend not found. Cannot resolve parents.
2026-09-18 15:28:33,198 - ERROR - Repo path /home/frasal/Desktop/emse-analysis/repositories/dongsooop_backend not found. Cannot resolve parents.
2026-09-18 15:28:33,198 - ERROR - Repo path /home/frasal/Desktop/emse-analysis/repositories/elastic_elasticsearch not found. Cannot resolve parents.
2026-09-18 15:28:33,198 - ERROR - Repo path /home/frasal/Desktop/emse-analysis/repositories/elastic_elasticsearch not found. Cannot resolve parents.
2026-09-18 15:28:33,198 - ERROR - Repo path /home/frasal/Desktop/emse-analysis/repositories/elastic_elasticsearch not found. Cannot resolve parents.
2026-09-18 15:28:33,198 - ERROR - Repo path /home/frasal/Desktop/emse-analysis/repositories/ucsb-cs156_proj-frontiers not found. Cannot resolve parents.
2026-09-18 15:28:33,198 - ERROR - Repo path /home/frasal/Desktop/emse-analysis/repositories/ucsb-cs156_proj-frontiers not found. Cannot resolve parents.
2026-09-18 15:28:33,198 - ERROR - Repo path /home/frasal/Desktop/emse-analysis/repositories/ucsb-cs156_proj-frontiers not found. Cannot resolve parents.
2026-09-18 15:28:33,198 - ERROR - Repo path /home/frasal/Desktop/emse-analysis/repositories/elastic_elasticsearch not found. Cannot resolve parents.
2026-09-18 15:28:33,198 - ERROR - Repo path /home/frasal/Desktop/emse-analysis/repositories/elastic_elasticsearch not found. Cannot resolve parents.
2026-09-18 15:28:33,198 - ERROR - Repo path /home/frasal/Desktop/emse-analysis/repositories/camunda_camunda not found. Cannot resolve parents.
2026-09-18 15:28:33,198 - ERROR - Repo path /home/frasal/Desktop/emse-analysis/repositories/ucsb-cs156_proj-frontiers not found. Cannot resolve parents.
2026-09-18 15:28:33,198 - ERROR - Repo path /home/frasal/Desktop/emse-analysis/repositories/ucsb-cs156_proj-frontiers not found. Cannot resolve parents.
2026-09-18 15:28:33,198 - ERROR - Repo path /home/frasal/Desktop/emse-analysis/repositories/ucsb-cs156_proj-frontiers not found. Cannot resolve parents.
2026-09-18 15:28:33,198 - ERROR - Repo path /home/frasal/Desktop/emse-analysis/repositories/camunda_camunda not found. Cannot resolve parents.
2026-09-18 15:28:33,198 - ERROR - Repo path /home/frasal/Desktop/emse-analysis/repositories/elastic_elasticsearch not found. Cannot resolve parents.
2026-09-18 15:28:33,198 - ERROR - Repo path /home/frasal/Desktop/emse-analysis/repositories/elastic_elasticsearch not found. Cannot resolve parents.
2026-09-18 15:28:33,198 - ERROR - Repo path /home/frasal/Desktop/emse-analysis/repositories/Azure_azure-sdk-for-java not found. Cannot resolve parents.
2026-09-18 15:28:33,198 - ERROR - Repo path /home/frasal/Desktop/emse-analysis/repositories/Azure_azure-sdk-for-java not found. Cannot resolve parents.
2026-09-18 15:28:33,198 - ERROR - Repo path /home/frasal/Desktop/emse-analysis/repositories/elastic_elasticsearch not found. Cannot resolve parents.
2026-09-18 15:28:33,198 - ERROR - Repo path /home/frasal/Desktop/emse-analysis/repositories/BCSDLab_KONECT_BACK_END not found. Cannot resolve parents.
2026-09-18 15:28:33,198 - ERROR - Repo path /home/frasal/Desktop/emse-analysis/repositories/elastic_elasticsearch not found. Cannot resolve parents.
2026-09-18 15:28:33,199 - ERROR - Repo path /home/frasal/Desktop/emse-analysis/repositories/ucsb-cs156_proj-frontiers not found. Cannot resolve parents.
2026-09-18 15:28:33,199 - ERROR - Repo path /home/frasal/Desktop/emse-analysis/repositories/elastic_elasticsearch not found. Cannot resolve parents.
2026-09-18 15:28:33,199 - ERROR - Repo path /home/frasal/Desktop/emse-analysis/repositories/elastic_elasticsearch not found. Cannot resolve parents.
2026-09-18 15:28:33,199 - ERROR - Repo path /home/frasal/Desktop/emse-analysis/repositories/elastic_elasticsearch not found. Cannot resolve parents.
2026-09-18 15:28:33,199 - ERROR - Repo path /home/frasal/Desktop/emse-analysis/repositories/ucsb-cs156_proj-frontiers not found. Cannot resolve parents.
2026-09-18 15:28:33,199 - ERROR - Repo path /home/frasal/Desktop/emse-analysis/repositories/ucsb-cs156_proj-frontiers not found. Cannot resolve parents.
2026-09-18 15:28:33,199 - ERROR - Repo path /home/frasal/Desktop/emse-analysis/repositories/ucsb-cs156_proj-frontiers not found. Cannot resolve parents.
2026-09-18 15:28:33,199 - ERROR - Repo path /home/frasal/Desktop/emse-analysis/repositories/ucsb-cs156_proj-frontiers not found. Cannot resolve parents.
2026-09-18 15:28:33,199 - ERROR - Repo path /home/frasal/Desktop/emse-analysis/repositories/ucsb-cs156_proj-frontiers not found. Cannot resolve parents.
2026-09-18 15:28:33,199 - ERROR - Repo path /home/frasal/Desktop/emse-analysis/repositories/elastic_elasticsearch not found. Cannot resolve parents.
2026-09-18 15:28:33,199 - ERROR - Repo path /home/frasal/Desktop/emse-analysis/repositories/ucsb-cs156_proj-frontiers not found. Cannot resolve parents.
2026-09-18 15:28:33,199 - ERROR - Repo path /home/frasal/Desktop/emse-analysis/repositories/ucsb-cs156_proj-frontiers not found. Cannot resolve parents.
2026-09-18 15:28:33,199 - ERROR - Repo path /home/frasal/Desktop/emse-analysis/repositories/ucsb-cs156_proj-frontiers not found. Cannot resolve parents.
2026-09-18 15:28:33,199 - ERROR - Repo path /home/frasal/Desktop/emse-analysis/repositories/ucsb-cs156_proj-frontiers not found. Cannot resolve parents.
2026-09-18 15:28:33,199 - ERROR - Repo path /home/frasal/Desktop/emse-analysis/repositories/elastic_elasticsearch not found. Cannot resolve parents.
2026-09-18 15:28:33,199 - ERROR - Repo path /home/frasal/Desktop/emse-analysis/repositories/elastic_elasticsearch not found. Cannot resolve parents.
2026-09-18 15:28:33,199 - ERROR - Repo path /home/frasal/Desktop/emse-analysis/repositories/ucsb-cs156_proj-frontiers not found. Cannot resolve parents.
2026-09-18 15:28:33,199 - ERROR - Repo path /home/frasal/Desktop/emse-analysis/repositories/vaadin_hilla not found. Cannot resolve parents.
2026-09-18 15:28:33,199 - ERROR - Repo path /home/frasal/Desktop/emse-analysis/repositories/BCSDLab_KONECT_BACK_END not found. Cannot resolve parents.
2026-09-18 15:28:33,199 - ERROR - Repo path /home/frasal/Desktop/emse-analysis/repositories/elastic_elasticsearch not found. Cannot resolve parents.
2026-09-18 15:28:33,199 - ERROR - Repo path /home/frasal/Desktop/emse-analysis/repositories/BCSDLab_KONECT_BACK_END not found. Cannot resolve parents.
2026-09-18 15:28:33,199 - ERROR - Repo path /home/frasal/Desktop/emse-analysis/repositories/BCSDLab_KONECT_BACK_END not found. Cannot resolve parents.
2026-09-18 15:28:33,199 - ERROR - Repo path /home/frasal/Desktop/emse-analysis/repositories/BCSDLab_KONECT_BACK_END not found. Cannot resolve parents.
2026-09-18 15:28:33,199 - ERROR - Repo path /home/frasal/Desktop/emse-analysis/repositories/crypta-network_cryptad not found. Cannot resolve parents.
2026-09-18 15:28:33,199 - ERROR - Repo path /home/frasal/Desktop/emse-analysis/repositories/loveu8_TravelPlanWithAccounting not found. Cannot resolve parents.
2026-09-18 15:28:33,199 - ERROR - Repo path /home/frasal/Desktop/emse-analysis/repositories/crypta-network_cryptad not found. Cannot resolve parents.
2026-09-18 15:28:33,199 - ERROR - Repo path /home/frasal/Desktop/emse-analysis/repositories/BCSDLab_KONECT_BACK_END not found. Cannot resolve parents.
2026-09-18 15:28:33,199 - ERROR - Repo path /home/frasal/Desktop/emse-analysis/repositories/BCSDLab_KONECT_BACK_END not found. Cannot resolve parents.
2026-09-18 15:28:33,199 - ERROR - Repo path /home/frasal/Desktop/emse-analysis/repositories/elastic_elasticsearch not found. Cannot resolve parents.
2026-09-18 15:28:33,199 - ERROR - Repo path /home/frasal/Desktop/emse-analysis/repositories/BCSDLab_KONECT_BACK_END not found. Cannot resolve parents.
2026-09-18 15:28:33,199 - ERROR - Repo path /home/frasal/Desktop/emse-analysis/repositories/scorbo2_swing-extras not found. Cannot resolve parents.
2026-09-18 15:28:33,199 - ERROR - Repo path /home/frasal/Desktop/emse-analysis/repositories/scorbo2_swing-extras not found. Cannot resolve parents.
2026-09-18 15:28:33,200 - ERROR - Repo path /home/frasal/Desktop/emse-analysis/repositories/scorbo2_swing-extras not found. Cannot resolve parents.
2026-09-18 15:28:33,200 - ERROR - Repo path /home/frasal/Desktop/emse-analysis/repositories/elastic_elasticsearch not found. Cannot resolve parents.
2026-09-18 15:28:33,200 - ERROR - Repo path /home/frasal/Desktop/emse-analysis/repositories/scorbo2_swing-extras not found. Cannot resolve parents.
2026-09-18 15:28:33,200 - ERROR - Repo path /home/frasal/Desktop/emse-analysis/repositories/scorbo2_swing-extras not found. Cannot resolve parents.
2026-09-18 15:28:33,200 - ERROR - Repo path /home/frasal/Desktop/emse-analysis/repositories/scorbo2_swing-extras not found. Cannot resolve parents.
2026-09-18 15:28:33,200 - ERROR - Repo path /home/frasal/Desktop/emse-analysis/repositories/elastic_elasticsearch not found. Cannot resolve parents.
2026-09-18 15:28:33,200 - ERROR - Repo path /home/frasal/Desktop/emse-analysis/repositories/ArcadeData_arcadedb not found. Cannot resolve parents.
2026-09-18 15:28:33,200 - ERROR - Repo path /home/frasal/Desktop/emse-analysis/repositories/elastic_elasticsearch not found. Cannot resolve parents.
2026-09-18 15:28:33,200 - ERROR - Repo path /home/frasal/Desktop/emse-analysis/repositories/scorbo2_swing-extras not found. Cannot resolve parents.
2026-09-18 15:28:33,200 - ERROR - Repo path /home/frasal/Desktop/emse-analysis/repositories/scorbo2_swing-extras not found. Cannot resolve parents.
2026-09-18 15:28:33,200 - ERROR - Repo path /home/frasal/Desktop/emse-analysis/repositories/BCSDLab_KONECT_BACK_END not found. Cannot resolve parents.
2026-09-18 15:28:33,200 - ERROR - Repo path /home/frasal/Desktop/emse-analysis/repositories/ArcadeData_arcadedb not found. Cannot resolve parents.
2026-09-18 15:28:33,200 - ERROR - Repo path /home/frasal/Desktop/emse-analysis/repositories/BCSDLab_KONECT_BACK_END not found. Cannot resolve parents.
2026-09-18 15:28:33,200 - ERROR - Repo path /home/frasal/Desktop/emse-analysis/repositories/BCSDLab_KONECT_BACK_END not found. Cannot resolve parents.
2026-09-18 15:28:33,200 - ERROR - Repo path /home/frasal/Desktop/emse-analysis/repositories/BCSDLab_KONECT_BACK_END not found. Cannot resolve parents.
2026-09-18 15:28:33,200 - ERROR - Repo path /home/frasal/Desktop/emse-analysis/repositories/scorbo2_swing-extras not found. Cannot resolve parents.
2026-09-18 15:28:33,200 - ERROR - Repo path /home/frasal/Desktop/emse-analysis/repositories/scorbo2_swing-extras not found. Cannot resolve parents.
2026-09-18 15:28:33,200 - ERROR - Repo path /home/frasal/Desktop/emse-analysis/repositories/scorbo2_swing-extras not found. Cannot resolve parents.
2026-09-18 15:28:33,200 - ERROR - Repo path /home/frasal/Desktop/emse-analysis/repositories/scorbo2_swing-extras not found. Cannot resolve parents.
2026-09-18 15:28:33,200 - ERROR - Repo path /home/frasal/Desktop/emse-analysis/repositories/elastic_elasticsearch not found. Cannot resolve parents.
2026-09-18 15:28:33,200 - ERROR - Repo path /home/frasal/Desktop/emse-analysis/repositories/BCSDLab_KONECT_BACK_END not found. Cannot resolve parents.
2026-09-18 15:28:33,200 - ERROR - Repo path /home/frasal/Desktop/emse-analysis/repositories/BCSDLab_KONECT_BACK_END not found. Cannot resolve parents.
2026-09-18 15:28:33,200 - ERROR - Repo path /home/frasal/Desktop/emse-analysis/repositories/BCSDLab_KONECT_BACK_END not found. Cannot resolve parents.
2026-09-18 15:28:33,200 - ERROR - Repo path /home/frasal/Desktop/emse-analysis/repositories/BCSDLab_KONECT_BACK_END not found. Cannot resolve parents.
2026-09-18 15:28:33,200 - ERROR - Repo path /home/frasal/Desktop/emse-analysis/repositories/BCSDLab_KONECT_BACK_END not found. Cannot resolve parents.
2026-09-18 15:28:33,200 - ERROR - Repo path /home/frasal/Desktop/emse-analysis/repositories/BCSDLab_KONECT_BACK_END not found. Cannot resolve parents.
2026-09-18 15:28:33,200 - ERROR - Repo path /home/frasal/Desktop/emse-analysis/repositories/elastic_elasticsearch not found. Cannot resolve parents.
2026-09-18 15:28:33,200 - ERROR - Repo path /home/frasal/Desktop/emse-analysis/repositories/BCSDLab_KONECT_BACK_END not found. Cannot resolve parents.
2026-09-18 15:28:33,200 - ERROR - Repo path /home/frasal/Desktop/emse-analysis/repositories/elastic_elasticsearch not found. Cannot resolve parents.
2026-09-18 15:28:33,200 - ERROR - Repo path /home/frasal/Desktop/emse-analysis/repositories/BCSDLab_KONECT_BACK_END not found. Cannot resolve parents.
2026-09-18 15:28:33,201 - ERROR - Repo path /home/frasal/Desktop/emse-analysis/repositories/BCSDLab_KONECT_BACK_END not found. Cannot resolve parents.
2026-09-18 15:28:33,201 - ERROR - Repo path /home/frasal/Desktop/emse-analysis/repositories/BCSDLab_KONECT_BACK_END not found. Cannot resolve parents.
2026-09-18 15:28:33,201 - ERROR - Repo path /home/frasal/Desktop/emse-analysis/repositories/IstiN_dmtools not found. Cannot resolve parents.
2026-09-18 15:28:33,201 - ERROR - Repo path /home/frasal/Desktop/emse-analysis/repositories/apache_doris not found. Cannot resolve parents.
2026-09-18 15:28:33,201 - ERROR - Repo path /home/frasal/Desktop/emse-analysis/repositories/elastic_elasticsearch not found. Cannot resolve parents.
2026-09-18 15:28:33,201 - ERROR - Repo path /home/frasal/Desktop/emse-analysis/repositories/elastic_elasticsearch not found. Cannot resolve parents.
2026-09-18 15:28:33,201 - ERROR - Repo path /home/frasal/Desktop/emse-analysis/repositories/BCSDLab_KONECT_BACK_END not found. Cannot resolve parents.
2026-09-18 15:28:33,201 - ERROR - Repo path /home/frasal/Desktop/emse-analysis/repositories/Azure_azure-sdk-for-java not found. Cannot resolve parents.
2026-09-18 15:28:33,201 - ERROR - Repo path /home/frasal/Desktop/emse-analysis/repositories/BCSDLab_KONECT_BACK_END not found. Cannot resolve parents.
2026-09-18 15:28:33,201 - ERROR - Repo path /home/frasal/Desktop/emse-analysis/repositories/BCSDLab_KONECT_BACK_END not found. Cannot resolve parents.
2026-09-18 15:28:33,201 - ERROR - Repo path /home/frasal/Desktop/emse-analysis/repositories/BCSDLab_KONECT_BACK_END not found. Cannot resolve parents.
2026-09-18 15:28:33,201 - ERROR - Repo path /home/frasal/Desktop/emse-analysis/repositories/elastic_elasticsearch not found. Cannot resolve parents.
2026-09-18 15:28:33,201 - ERROR - Repo path /home/frasal/Desktop/emse-analysis/repositories/elastic_elasticsearch not found. Cannot resolve parents.
2026-09-18 15:28:33,201 - ERROR - Repo path /home/frasal/Desktop/emse-analysis/repositories/BCSDLab_KONECT_BACK_END not found. Cannot resolve parents.
2026-09-18 15:28:33,201 - ERROR - Repo path /home/frasal/Desktop/emse-analysis/repositories/elastic_elasticsearch not found. Cannot resolve parents.
2026-09-18 15:28:33,201 - ERROR - Repo path /home/frasal/Desktop/emse-analysis/repositories/BCSDLab_KONECT_BACK_END not found. Cannot resolve parents.
2026-09-18 15:28:33,201 - ERROR - Repo path /home/frasal/Desktop/emse-analysis/repositories/BCSDLab_KONECT_BACK_END not found. Cannot resolve parents.
2026-09-18 15:28:33,201 - ERROR - Repo path /home/frasal/Desktop/emse-analysis/repositories/elastic_elasticsearch not found. Cannot resolve parents.
2026-09-18 15:28:33,201 - ERROR - Repo path /home/frasal/Desktop/emse-analysis/repositories/elastic_elasticsearch not found. Cannot resolve parents.
2026-09-18 15:28:33,201 - ERROR - Repo path /home/frasal/Desktop/emse-analysis/repositories/scorbo2_musicplayer not found. Cannot resolve parents.
2026-09-18 15:28:33,201 - ERROR - Repo path /home/frasal/Desktop/emse-analysis/repositories/scorbo2_musicplayer not found. Cannot resolve parents.
2026-09-18 15:28:33,201 - ERROR - Repo path /home/frasal/Desktop/emse-analysis/repositories/scorbo2_musicplayer not found. Cannot resolve parents.
2026-09-18 15:28:33,201 - ERROR - Repo path /home/frasal/Desktop/emse-analysis/repositories/BCSDLab_KONECT_BACK_END not found. Cannot resolve parents.
2026-09-18 15:28:33,201 - ERROR - Repo path /home/frasal/Desktop/emse-analysis/repositories/crypta-network_cryptad not found. Cannot resolve parents.
2026-09-18 15:28:33,201 - ERROR - Repo path /home/frasal/Desktop/emse-analysis/repositories/Azure_azure-sdk-for-java not found. Cannot resolve parents.
2026-09-18 15:28:33,201 - ERROR - Repo path /home/frasal/Desktop/emse-analysis/repositories/elastic_elasticsearch not found. Cannot resolve parents.
2026-09-18 15:28:33,201 - ERROR - Repo path /home/frasal/Desktop/emse-analysis/repositories/scorbo2_musicplayer not found. Cannot resolve parents.
2026-09-18 15:28:33,201 - ERROR - Repo path /home/frasal/Desktop/emse-analysis/repositories/elastic_elasticsearch not found. Cannot resolve parents.
2026-09-18 15:28:33,201 - ERROR - Repo path /home/frasal/Desktop/emse-analysis/repositories/Azure_azure-sdk-for-java not found. Cannot resolve parents.
2026-09-18 15:28:33,201 - ERROR - Repo path /home/frasal/Desktop/emse-analysis/repositories/scorbo2_swing-extras not found. Cannot resolve parents.
2026-09-18 15:28:33,201 - ERROR - Repo path /home/frasal/Desktop/emse-analysis/repositories/scorbo2_swing-extras not found. Cannot resolve parents.
2026-09-18 15:28:33,202 - ERROR - Repo path /home/frasal/Desktop/emse-analysis/repositories/scorbo2_swing-extras not found. Cannot resolve parents.
2026-09-18 15:28:33,202 - ERROR - Repo path /home/frasal/Desktop/emse-analysis/repositories/scorbo2_swing-extras not found. Cannot resolve parents.
2026-09-18 15:28:33,202 - ERROR - Repo path /home/frasal/Desktop/emse-analysis/repositories/elastic_elasticsearch not found. Cannot resolve parents.
2026-09-18 15:28:33,202 - ERROR - Repo path /home/frasal/Desktop/emse-analysis/repositories/elastic_elasticsearch not found. Cannot resolve parents.
2026-09-18 15:28:33,202 - ERROR - Repo path /home/frasal/Desktop/emse-analysis/repositories/benhook1013_FireMUD not found. Cannot resolve parents.
2026-09-18 15:28:33,202 - ERROR - Repo path /home/frasal/Desktop/emse-analysis/repositories/benhook1013_FireMUD not found. Cannot resolve parents.
2026-09-18 15:28:33,202 - ERROR - Repo path /home/frasal/Desktop/emse-analysis/repositories/benhook1013_FireMUD not found. Cannot resolve parents.
2026-09-18 15:28:33,202 - ERROR - Repo path /home/frasal/Desktop/emse-analysis/repositories/ArcadeData_arcadedb not found. Cannot resolve parents.
2026-09-18 15:28:33,202 - ERROR - Repo path /home/frasal/Desktop/emse-analysis/repositories/EduMIPS64_edumips64 not found. Cannot resolve parents.
2026-09-18 15:28:33,202 - ERROR - Repo path /home/frasal/Desktop/emse-analysis/repositories/EduMIPS64_edumips64 not found. Cannot resolve parents.
2026-09-18 15:28:33,202 - ERROR - Repo path /home/frasal/Desktop/emse-analysis/repositories/EduMIPS64_edumips64 not found. Cannot resolve parents.
2026-09-18 15:28:33,202 - ERROR - Repo path /home/frasal/Desktop/emse-analysis/repositories/elastic_elasticsearch not found. Cannot resolve parents.
2026-09-18 15:28:33,202 - ERROR - Repo path /home/frasal/Desktop/emse-analysis/repositories/equinor_neqsim not found. Cannot resolve parents.
2026-09-18 15:28:33,202 - ERROR - Repo path /home/frasal/Desktop/emse-analysis/repositories/elastic_elasticsearch not found. Cannot resolve parents.
2026-09-18 15:28:33,202 - ERROR - Repo path /home/frasal/Desktop/emse-analysis/repositories/elastic_elasticsearch not found. Cannot resolve parents.
2026-09-18 15:28:33,202 - ERROR - Repo path /home/frasal/Desktop/emse-analysis/repositories/elastic_elasticsearch not found. Cannot resolve parents.
2026-09-18 15:28:33,202 - ERROR - Repo path /home/frasal/Desktop/emse-analysis/repositories/elastic_elasticsearch not found. Cannot resolve parents.
2026-09-18 15:28:33,202 - ERROR - Repo path /home/frasal/Desktop/emse-analysis/repositories/elastic_elasticsearch not found. Cannot resolve parents.
2026-09-18 15:28:33,202 - ERROR - Repo path /home/frasal/Desktop/emse-analysis/repositories/Nebula-customs-project_nebula not found. Cannot resolve parents.
2026-09-18 15:28:33,202 - ERROR - Repo path /home/frasal/Desktop/emse-analysis/repositories/elastic_elasticsearch not found. Cannot resolve parents.
2026-09-18 15:28:33,202 - ERROR - Repo path /home/frasal/Desktop/emse-analysis/repositories/benhook1013_FireMUD not found. Cannot resolve parents.
2026-09-18 15:28:33,202 - ERROR - Repo path /home/frasal/Desktop/emse-analysis/repositories/benhook1013_FireMUD not found. Cannot resolve parents.
2026-09-18 15:28:33,202 - ERROR - Repo path /home/frasal/Desktop/emse-analysis/repositories/Nebula-customs-project_nebula not found. Cannot resolve parents.
2026-09-18 15:28:33,202 - ERROR - Repo path /home/frasal/Desktop/emse-analysis/repositories/benhook1013_FireMUD not found. Cannot resolve parents.
2026-09-18 15:28:33,202 - ERROR - Repo path /home/frasal/Desktop/emse-analysis/repositories/benhook1013_FireMUD not found. Cannot resolve parents.
2026-09-18 15:28:33,202 - ERROR - Repo path /home/frasal/Desktop/emse-analysis/repositories/benhook1013_FireMUD not found. Cannot resolve parents.
2026-09-18 15:28:33,202 - ERROR - Repo path /home/frasal/Desktop/emse-analysis/repositories/benhook1013_FireMUD not found. Cannot resolve parents.
2026-09-18 15:28:33,202 - ERROR - Repo path /home/frasal/Desktop/emse-analysis/repositories/crypta-network_cryptad not found. Cannot resolve parents.
2026-09-18 15:28:33,202 - ERROR - Repo path /home/frasal/Desktop/emse-analysis/repositories/PM4-ISTP_PM4-IT24aWIN-ISTP not found. Cannot resolve parents.
2026-09-18 15:28:33,202 - ERROR - Repo path /home/frasal/Desktop/emse-analysis/repositories/benhook1013_FireMUD not found. Cannot resolve parents.
2026-09-18 15:28:33,202 - ERROR - Repo path /home/frasal/Desktop/emse-analysis/repositories/benhook1013_FireMUD not found. Cannot resolve parents.
2026-09-18 15:28:33,203 - ERROR - Repo path /home/frasal/Desktop/emse-analysis/repositories/benhook1013_FireMUD not found. Cannot resolve parents.
2026-09-18 15:28:33,203 - ERROR - Repo path /home/frasal/Desktop/emse-analysis/repositories/benhook1013_FireMUD not found. Cannot resolve parents.
2026-09-18 15:28:33,203 - ERROR - Repo path /home/frasal/Desktop/emse-analysis/repositories/benhook1013_FireMUD not found. Cannot resolve parents.
2026-09-18 15:28:33,203 - ERROR - Repo path /home/frasal/Desktop/emse-analysis/repositories/PM4-ISTP_PM4-IT24aWIN-ISTP not found. Cannot resolve parents.
2026-09-18 15:28:33,203 - ERROR - Repo path /home/frasal/Desktop/emse-analysis/repositories/apache_doris not found. Cannot resolve parents.
2026-09-18 15:28:33,203 - ERROR - Repo path /home/frasal/Desktop/emse-analysis/repositories/elastic_elasticsearch not found. Cannot resolve parents.
2026-09-18 15:28:33,203 - ERROR - Repo path /home/frasal/Desktop/emse-analysis/repositories/PM4-ISTP_PM4-IT24aWIN-ISTP not found. Cannot resolve parents.
2026-09-18 15:28:33,203 - ERROR - Repo path /home/frasal/Desktop/emse-analysis/repositories/benhook1013_FireMUD not found. Cannot resolve parents.
2026-09-18 15:28:33,203 - ERROR - Repo path /home/frasal/Desktop/emse-analysis/repositories/elastic_elasticsearch not found. Cannot resolve parents.
2026-09-18 15:28:33,203 - ERROR - Repo path /home/frasal/Desktop/emse-analysis/repositories/elastic_elasticsearch-java not found. Cannot resolve parents.
2026-09-18 15:28:33,203 - ERROR - Repo path /home/frasal/Desktop/emse-analysis/repositories/elastic_elasticsearch not found. Cannot resolve parents.
2026-09-18 15:28:33,203 - ERROR - Repo path /home/frasal/Desktop/emse-analysis/repositories/benhook1013_FireMUD not found. Cannot resolve parents.
2026-09-18 15:28:33,203 - ERROR - Repo path /home/frasal/Desktop/emse-analysis/repositories/benhook1013_FireMUD not found. Cannot resolve parents.
2026-09-18 15:28:33,203 - ERROR - Repo path /home/frasal/Desktop/emse-analysis/repositories/benhook1013_FireMUD not found. Cannot resolve parents.
2026-09-18 15:28:33,203 - ERROR - Repo path /home/frasal/Desktop/emse-analysis/repositories/benhook1013_FireMUD not found. Cannot resolve parents.
2026-09-18 15:28:33,203 - ERROR - Repo path /home/frasal/Desktop/emse-analysis/repositories/benhook1013_FireMUD not found. Cannot resolve parents.
2026-09-18 15:28:33,203 - ERROR - Repo path /home/frasal/Desktop/emse-analysis/repositories/benhook1013_FireMUD not found. Cannot resolve parents.
2026-09-18 15:28:33,203 - ERROR - Repo path /home/frasal/Desktop/emse-analysis/repositories/benhook1013_FireMUD not found. Cannot resolve parents.
2026-09-18 15:28:33,203 - ERROR - Repo path /home/frasal/Desktop/emse-analysis/repositories/benhook1013_FireMUD not found. Cannot resolve parents.
2026-09-18 15:28:33,203 - ERROR - Repo path /home/frasal/Desktop/emse-analysis/repositories/benhook1013_FireMUD not found. Cannot resolve parents.
2026-09-18 15:28:33,203 - ERROR - Repo path /home/frasal/Desktop/emse-analysis/repositories/benhook1013_FireMUD not found. Cannot resolve parents.
2026-09-18 15:28:33,203 - ERROR - Repo path /home/frasal/Desktop/emse-analysis/repositories/kuttz-dev_hytale-ttt-mod not found. Cannot resolve parents.
2026-09-18 15:28:33,203 - ERROR - Repo path /home/frasal/Desktop/emse-analysis/repositories/benhook1013_FireMUD not found. Cannot resolve parents.
2026-09-18 15:28:33,203 - ERROR - Repo path /home/frasal/Desktop/emse-analysis/repositories/benhook1013_FireMUD not found. Cannot resolve parents.
2026-09-18 15:28:33,203 - ERROR - Repo path /home/frasal/Desktop/emse-analysis/repositories/benhook1013_FireMUD not found. Cannot resolve parents.
2026-09-18 15:28:33,203 - ERROR - Repo path /home/frasal/Desktop/emse-analysis/repositories/benhook1013_FireMUD not found. Cannot resolve parents.
2026-09-18 15:28:33,203 - ERROR - Repo path /home/frasal/Desktop/emse-analysis/repositories/elastic_elasticsearch not found. Cannot resolve parents.
2026-09-18 15:28:33,203 - ERROR - Repo path /home/frasal/Desktop/emse-analysis/repositories/nbauma109_ecd not found. Cannot resolve parents.
2026-09-18 15:28:33,203 - ERROR - Repo path /home/frasal/Desktop/emse-analysis/repositories/zfifteen_emergent-doom-engine not found. Cannot resolve parents.
2026-09-18 15:28:33,203 - ERROR - Repo path /home/frasal/Desktop/emse-analysis/repositories/zfifteen_emergent-doom-engine not found. Cannot resolve parents.
2026-09-18 15:28:33,203 - ERROR - Repo path /home/frasal/Desktop/emse-analysis/repositories/carlos-emr_carlos not found. Cannot resolve parents.
2026-09-18 15:28:33,203 - ERROR - Repo path /home/frasal/Desktop/emse-analysis/repositories/elastic_elasticsearch not found. Cannot resolve parents.
2026-09-18 15:28:33,204 - ERROR - Repo path /home/frasal/Desktop/emse-analysis/repositories/elastic_elasticsearch not found. Cannot resolve parents.
2026-09-18 15:28:33,204 - ERROR - Repo path /home/frasal/Desktop/emse-analysis/repositories/carlos-emr_carlos not found. Cannot resolve parents.
2026-09-18 15:28:33,204 - ERROR - Repo path /home/frasal/Desktop/emse-analysis/repositories/benhook1013_FireMUD not found. Cannot resolve parents.
2026-09-18 15:28:33,204 - ERROR - Repo path /home/frasal/Desktop/emse-analysis/repositories/elastic_elasticsearch not found. Cannot resolve parents.
2026-09-18 15:28:33,204 - ERROR - Repo path /home/frasal/Desktop/emse-analysis/repositories/elastic_elasticsearch not found. Cannot resolve parents.
2026-09-18 15:28:33,204 - ERROR - Repo path /home/frasal/Desktop/emse-analysis/repositories/zfifteen_emergent-doom-engine not found. Cannot resolve parents.
2026-09-18 15:28:33,204 - ERROR - Repo path /home/frasal/Desktop/emse-analysis/repositories/zfifteen_emergent-doom-engine not found. Cannot resolve parents.
2026-09-18 15:28:33,204 - ERROR - Repo path /home/frasal/Desktop/emse-analysis/repositories/zfifteen_emergent-doom-engine not found. Cannot resolve parents.
2026-09-18 15:28:33,204 - ERROR - Repo path /home/frasal/Desktop/emse-analysis/repositories/zfifteen_emergent-doom-engine not found. Cannot resolve parents.
2026-09-18 15:28:33,204 - ERROR - Repo path /home/frasal/Desktop/emse-analysis/repositories/elastic_elasticsearch not found. Cannot resolve parents.
2026-09-18 15:28:33,204 - ERROR - Repo path /home/frasal/Desktop/emse-analysis/repositories/benhook1013_FireMUD not found. Cannot resolve parents.
2026-09-18 15:28:33,204 - ERROR - Repo path /home/frasal/Desktop/emse-analysis/repositories/benhook1013_FireMUD not found. Cannot resolve parents.
2026-09-18 15:28:33,204 - ERROR - Repo path /home/frasal/Desktop/emse-analysis/repositories/elastic_elasticsearch not found. Cannot resolve parents.
2026-09-18 15:28:33,204 - ERROR - Repo path /home/frasal/Desktop/emse-analysis/repositories/Azure_azure-sdk-for-java not found. Cannot resolve parents.
2026-09-18 15:28:33,204 - ERROR - Repo path /home/frasal/Desktop/emse-analysis/repositories/Azure_azure-sdk-for-java not found. Cannot resolve parents.
2026-09-18 15:28:33,204 - ERROR - Repo path /home/frasal/Desktop/emse-analysis/repositories/elastic_elasticsearch not found. Cannot resolve parents.
2026-09-18 15:28:33,204 - ERROR - Repo path /home/frasal/Desktop/emse-analysis/repositories/Azure_azure-sdk-for-java not found. Cannot resolve parents.
2026-09-18 15:28:33,204 - ERROR - Repo path /home/frasal/Desktop/emse-analysis/repositories/Magma-Foundation_Magma not found. Cannot resolve parents.
2026-09-18 15:28:33,204 - ERROR - Repo path /home/frasal/Desktop/emse-analysis/repositories/benhook1013_FireMUD not found. Cannot resolve parents.
2026-09-18 15:28:33,204 - ERROR - Repo path /home/frasal/Desktop/emse-analysis/repositories/DevFaso_hms not found. Cannot resolve parents.
2026-09-18 15:28:33,204 - ERROR - Repo path /home/frasal/Desktop/emse-analysis/repositories/DevFaso_hms not found. Cannot resolve parents.
2026-09-18 15:28:33,204 - ERROR - Repo path /home/frasal/Desktop/emse-analysis/repositories/DevFaso_hms not found. Cannot resolve parents.
2026-09-18 15:28:33,204 - ERROR - Repo path /home/frasal/Desktop/emse-analysis/repositories/camunda_camunda not found. Cannot resolve parents.
2026-09-18 15:28:33,204 - ERROR - Repo path /home/frasal/Desktop/emse-analysis/repositories/Azure_azure-sdk-for-java not found. Cannot resolve parents.
2026-09-18 15:28:33,204 - ERROR - Repo path /home/frasal/Desktop/emse-analysis/repositories/DevFaso_hms not found. Cannot resolve parents.
2026-09-18 15:28:33,204 - ERROR - Repo path /home/frasal/Desktop/emse-analysis/repositories/Azure_azure-sdk-for-java not found. Cannot resolve parents.
2026-09-18 15:28:33,204 - ERROR - Repo path /home/frasal/Desktop/emse-analysis/repositories/DevFaso_hms not found. Cannot resolve parents.
2026-09-18 15:28:33,204 - ERROR - Repo path /home/frasal/Desktop/emse-analysis/repositories/DevFaso_hms not found. Cannot resolve parents.
2026-09-18 15:28:33,204 - ERROR - Repo path /home/frasal/Desktop/emse-analysis/repositories/elastic_elasticsearch not found. Cannot resolve parents.
2026-09-18 15:28:33,204 - ERROR - Repo path /home/frasal/Desktop/emse-analysis/repositories/DevFaso_hms not found. Cannot resolve parents.
2026-09-18 15:28:33,205 - ERROR - Repo path /home/frasal/Desktop/emse-analysis/repositories/DevFaso_hms not found. Cannot resolve parents.
2026-09-18 15:28:33,205 - ERROR - Repo path /home/frasal/Desktop/emse-analysis/repositories/DevFaso_hms not found. Cannot resolve parents.
2026-09-18 15:28:33,205 - ERROR - Repo path /home/frasal/Desktop/emse-analysis/repositories/DevFaso_hms not found. Cannot resolve parents.
2026-09-18 15:28:33,205 - ERROR - Repo path /home/frasal/Desktop/emse-analysis/repositories/elastic_elasticsearch not found. Cannot resolve parents.
2026-09-18 15:28:33,205 - ERROR - Repo path /home/frasal/Desktop/emse-analysis/repositories/elastic_elasticsearch not found. Cannot resolve parents.
2026-09-18 15:28:33,205 - ERROR - Repo path /home/frasal/Desktop/emse-analysis/repositories/ls1intum_Hephaestus not found. Cannot resolve parents.
2026-09-18 15:28:33,205 - ERROR - Repo path /home/frasal/Desktop/emse-analysis/repositories/DevFaso_hms not found. Cannot resolve parents.
2026-09-18 15:28:33,205 - ERROR - Repo path /home/frasal/Desktop/emse-analysis/repositories/elastic_elasticsearch not found. Cannot resolve parents.
2026-09-18 15:28:33,205 - ERROR - Repo path /home/frasal/Desktop/emse-analysis/repositories/DevFaso_hms not found. Cannot resolve parents.
2026-09-18 15:28:33,205 - ERROR - Repo path /home/frasal/Desktop/emse-analysis/repositories/apache_doris not found. Cannot resolve parents.
2026-09-18 15:28:33,205 - ERROR - Repo path /home/frasal/Desktop/emse-analysis/repositories/elastic_elasticsearch not found. Cannot resolve parents.
2026-09-18 15:28:33,205 - ERROR - Repo path /home/frasal/Desktop/emse-analysis/repositories/elastic_elasticsearch not found. Cannot resolve parents.
2026-09-18 15:28:33,205 - ERROR - Repo path /home/frasal/Desktop/emse-analysis/repositories/Nozhtrash_Nozh not found. Cannot resolve parents.
2026-09-18 15:28:33,205 - ERROR - Repo path /home/frasal/Desktop/emse-analysis/repositories/Nozhtrash_Nozh not found. Cannot resolve parents.
2026-09-18 15:28:33,205 - ERROR - Repo path /home/frasal/Desktop/emse-analysis/repositories/elastic_elasticsearch not found. Cannot resolve parents.
2026-09-18 15:28:33,205 - ERROR - Repo path /home/frasal/Desktop/emse-analysis/repositories/Nozhtrash_Nozh not found. Cannot resolve parents.
2026-09-18 15:28:33,205 - ERROR - Repo path /home/frasal/Desktop/emse-analysis/repositories/Nozhtrash_Nozh not found. Cannot resolve parents.
2026-09-18 15:28:33,205 - ERROR - Repo path /home/frasal/Desktop/emse-analysis/repositories/Nozhtrash_Nozh not found. Cannot resolve parents.
2026-09-18 15:28:33,205 - ERROR - Repo path /home/frasal/Desktop/emse-analysis/repositories/Azure_azure-sdk-for-java not found. Cannot resolve parents.
2026-09-18 15:28:33,205 - ERROR - Repo path /home/frasal/Desktop/emse-analysis/repositories/Nozhtrash_Nozh not found. Cannot resolve parents.
2026-09-18 15:28:33,205 - ERROR - Repo path /home/frasal/Desktop/emse-analysis/repositories/Azure_azure-sdk-for-java not found. Cannot resolve parents.
2026-09-18 15:28:33,205 - ERROR - Repo path /home/frasal/Desktop/emse-analysis/repositories/Nozhtrash_Nozh not found. Cannot resolve parents.
2026-09-18 15:28:33,205 - ERROR - Repo path /home/frasal/Desktop/emse-analysis/repositories/sepa79_PocketHive not found. Cannot resolve parents.
2026-09-18 15:28:33,205 - ERROR - Repo path /home/frasal/Desktop/emse-analysis/repositories/DevFaso_hms not found. Cannot resolve parents.
2026-09-18 15:28:33,205 - ERROR - Repo path /home/frasal/Desktop/emse-analysis/repositories/elastic_elasticsearch not found. Cannot resolve parents.
2026-09-18 15:28:33,205 - ERROR - Repo path /home/frasal/Desktop/emse-analysis/repositories/elastic_elasticsearch not found. Cannot resolve parents.
2026-09-18 15:28:33,205 - ERROR - Repo path /home/frasal/Desktop/emse-analysis/repositories/elastic_elasticsearch not found. Cannot resolve parents.
2026-09-18 15:28:33,205 - ERROR - Repo path /home/frasal/Desktop/emse-analysis/repositories/Nozhtrash_Nozh not found. Cannot resolve parents.
2026-09-18 15:28:33,205 - ERROR - Repo path /home/frasal/Desktop/emse-analysis/repositories/elastic_elasticsearch not found. Cannot resolve parents.
2026-09-18 15:28:33,205 - ERROR - Repo path /home/frasal/Desktop/emse-analysis/repositories/DevFaso_hms not found. Cannot resolve parents.
2026-09-18 15:28:33,205 - ERROR - Repo path /home/frasal/Desktop/emse-analysis/repositories/elastic_elasticsearch not found. Cannot resolve parents.
2026-09-18 15:28:33,205 - ERROR - Repo path /home/frasal/Desktop/emse-analysis/repositories/khant-nyer_CookingApp not found. Cannot resolve parents.
2026-09-18 15:28:33,206 - ERROR - Repo path /home/frasal/Desktop/emse-analysis/repositories/elastic_elasticsearch not found. Cannot resolve parents.
2026-09-18 15:28:33,206 - ERROR - Repo path /home/frasal/Desktop/emse-analysis/repositories/nishisan-dev_nishi-utils not found. Cannot resolve parents.
2026-09-18 15:28:33,206 - ERROR - Repo path /home/frasal/Desktop/emse-analysis/repositories/khant-nyer_CookingApp not found. Cannot resolve parents.
2026-09-18 15:28:33,206 - ERROR - Repo path /home/frasal/Desktop/emse-analysis/repositories/khant-nyer_CookingApp not found. Cannot resolve parents.
2026-09-18 15:28:33,206 - ERROR - Repo path /home/frasal/Desktop/emse-analysis/repositories/khant-nyer_CookingApp not found. Cannot resolve parents.
2026-09-18 15:28:33,206 - ERROR - Repo path /home/frasal/Desktop/emse-analysis/repositories/elastic_elasticsearch not found. Cannot resolve parents.
2026-09-18 15:28:33,206 - ERROR - Repo path /home/frasal/Desktop/emse-analysis/repositories/elastic_elasticsearch not found. Cannot resolve parents.
2026-09-18 15:28:33,206 - ERROR - Repo path /home/frasal/Desktop/emse-analysis/repositories/elastic_elasticsearch not found. Cannot resolve parents.
2026-09-18 15:28:33,206 - ERROR - Repo path /home/frasal/Desktop/emse-analysis/repositories/khant-nyer_CookingApp not found. Cannot resolve parents.
2026-09-18 15:28:33,206 - ERROR - Repo path /home/frasal/Desktop/emse-analysis/repositories/khant-nyer_CookingApp not found. Cannot resolve parents.
2026-09-18 15:28:33,206 - ERROR - Repo path /home/frasal/Desktop/emse-analysis/repositories/khant-nyer_CookingApp not found. Cannot resolve parents.
2026-09-18 15:28:33,206 - ERROR - Repo path /home/frasal/Desktop/emse-analysis/repositories/elastic_elasticsearch not found. Cannot resolve parents.
2026-09-18 15:28:33,206 - ERROR - Repo path /home/frasal/Desktop/emse-analysis/repositories/deephaven_deephaven-core not found. Cannot resolve parents.
2026-09-18 15:28:33,206 - ERROR - Repo path /home/frasal/Desktop/emse-analysis/repositories/khant-nyer_CookingApp not found. Cannot resolve parents.
2026-09-18 15:28:33,206 - ERROR - Repo path /home/frasal/Desktop/emse-analysis/repositories/khant-nyer_CookingApp not found. Cannot resolve parents.
2026-09-18 15:28:33,206 - ERROR - Repo path /home/frasal/Desktop/emse-analysis/repositories/elastic_elasticsearch not found. Cannot resolve parents.
2026-09-18 15:28:33,206 - ERROR - Repo path /home/frasal/Desktop/emse-analysis/repositories/khant-nyer_CookingApp not found. Cannot resolve parents.
2026-09-18 15:28:33,206 - ERROR - Repo path /home/frasal/Desktop/emse-analysis/repositories/Azure_azure-sdk-for-java not found. Cannot resolve parents.
2026-09-18 15:28:33,206 - ERROR - Repo path /home/frasal/Desktop/emse-analysis/repositories/Azure_azure-sdk-for-java not found. Cannot resolve parents.
2026-09-18 15:28:33,206 - ERROR - Repo path /home/frasal/Desktop/emse-analysis/repositories/Azure_azure-sdk-for-java not found. Cannot resolve parents.
2026-09-18 15:28:33,206 - ERROR - Repo path /home/frasal/Desktop/emse-analysis/repositories/elastic_elasticsearch not found. Cannot resolve parents.
2026-09-18 15:28:33,206 - ERROR - Repo path /home/frasal/Desktop/emse-analysis/repositories/elastic_elasticsearch not found. Cannot resolve parents.
2026-09-18 15:28:33,206 - ERROR - Repo path /home/frasal/Desktop/emse-analysis/repositories/elastic_elasticsearch not found. Cannot resolve parents.
2026-09-18 15:28:33,206 - ERROR - Repo path /home/frasal/Desktop/emse-analysis/repositories/LucianB6_CRMMasterProject not found. Cannot resolve parents.
2026-09-18 15:28:33,206 - ERROR - Repo path /home/frasal/Desktop/emse-analysis/repositories/khant-nyer_CookingApp not found. Cannot resolve parents.
2026-09-18 15:28:33,206 - ERROR - Repo path /home/frasal/Desktop/emse-analysis/repositories/elastic_elasticsearch not found. Cannot resolve parents.
2026-09-18 15:28:33,206 - ERROR - Repo path /home/frasal/Desktop/emse-analysis/repositories/carlos-emr_carlos not found. Cannot resolve parents.
2026-09-18 15:28:33,206 - ERROR - Repo path /home/frasal/Desktop/emse-analysis/repositories/carlos-emr_carlos not found. Cannot resolve parents.
2026-09-18 15:28:33,206 - ERROR - Repo path /home/frasal/Desktop/emse-analysis/repositories/carlos-emr_carlos not found. Cannot resolve parents.
2026-09-18 15:28:33,206 - ERROR - Repo path /home/frasal/Desktop/emse-analysis/repositories/elastic_elasticsearch not found. Cannot resolve parents.
2026-09-18 15:28:33,206 - ERROR - Repo path /home/frasal/Desktop/emse-analysis/repositories/carlos-emr_carlos not found. Cannot resolve parents.
2026-09-18 15:28:33,206 - ERROR - Repo path /home/frasal/Desktop/emse-analysis/repositories/elastic_elasticsearch not found. Cannot resolve parents.
2026-09-18 15:28:33,207 - ERROR - Repo path /home/frasal/Desktop/emse-analysis/repositories/khant-nyer_CookingApp not found. Cannot resolve parents.
2026-09-18 15:28:33,207 - ERROR - Repo path /home/frasal/Desktop/emse-analysis/repositories/khant-nyer_CookingApp not found. Cannot resolve parents.
2026-09-18 15:28:33,207 - ERROR - Repo path /home/frasal/Desktop/emse-analysis/repositories/Azure_azure-sdk-for-java not found. Cannot resolve parents.
2026-09-18 15:28:33,207 - ERROR - Repo path /home/frasal/Desktop/emse-analysis/repositories/Azure_azure-sdk-for-java not found. Cannot resolve parents.
2026-09-18 15:28:33,207 - ERROR - Repo path /home/frasal/Desktop/emse-analysis/repositories/Azure_azure-sdk-for-java not found. Cannot resolve parents.
2026-09-18 15:28:33,207 - ERROR - Repo path /home/frasal/Desktop/emse-analysis/repositories/khant-nyer_CookingApp not found. Cannot resolve parents.
2026-09-18 15:28:33,207 - ERROR - Repo path /home/frasal/Desktop/emse-analysis/repositories/khant-nyer_CookingApp not found. Cannot resolve parents.
2026-09-18 15:28:33,207 - ERROR - Repo path /home/frasal/Desktop/emse-analysis/repositories/elastic_elasticsearch not found. Cannot resolve parents.
2026-09-18 15:28:33,207 - ERROR - Repo path /home/frasal/Desktop/emse-analysis/repositories/RubenToucedaPRO_market-analysis-app not found. Cannot resolve parents.
2026-09-18 15:28:33,207 - ERROR - Repo path /home/frasal/Desktop/emse-analysis/repositories/RubenToucedaPRO_market-analysis-app not found. Cannot resolve parents.
2026-09-18 15:28:33,207 - ERROR - Repo path /home/frasal/Desktop/emse-analysis/repositories/RubenToucedaPRO_market-analysis-app not found. Cannot resolve parents.
2026-09-18 15:28:33,207 - ERROR - Repo path /home/frasal/Desktop/emse-analysis/repositories/elastic_elasticsearch not found. Cannot resolve parents.
2026-09-18 15:28:33,207 - ERROR - Repo path /home/frasal/Desktop/emse-analysis/repositories/khant-nyer_CookingApp not found. Cannot resolve parents.
2026-09-18 15:28:33,207 - ERROR - Repo path /home/frasal/Desktop/emse-analysis/repositories/khant-nyer_CookingApp not found. Cannot resolve parents.
2026-09-18 15:28:33,207 - ERROR - Repo path /home/frasal/Desktop/emse-analysis/repositories/camunda_camunda not found. Cannot resolve parents.
2026-09-18 15:28:33,207 - ERROR - Repo path /home/frasal/Desktop/emse-analysis/repositories/AlvaroPerdigonG_tfg-ticketing-devops not found. Cannot resolve parents.
2026-09-18 15:28:33,207 - ERROR - Repo path /home/frasal/Desktop/emse-analysis/repositories/khant-nyer_CookingApp not found. Cannot resolve parents.
2026-09-18 15:28:33,207 - ERROR - Repo path /home/frasal/Desktop/emse-analysis/repositories/AlvaroPerdigonG_tfg-ticketing-devops not found. Cannot resolve parents.
2026-09-18 15:28:33,207 - ERROR - Repo path /home/frasal/Desktop/emse-analysis/repositories/AlvaroPerdigonG_tfg-ticketing-devops not found. Cannot resolve parents.
2026-09-18 15:28:33,207 - ERROR - Repo path /home/frasal/Desktop/emse-analysis/repositories/RubenToucedaPRO_market-analysis-app not found. Cannot resolve parents.
2026-09-18 15:28:33,207 - ERROR - Repo path /home/frasal/Desktop/emse-analysis/repositories/RubenToucedaPRO_market-analysis-app not found. Cannot resolve parents.
2026-09-18 15:28:33,207 - ERROR - Repo path /home/frasal/Desktop/emse-analysis/repositories/RubenToucedaPRO_market-analysis-app not found. Cannot resolve parents.
2026-09-18 15:28:33,207 - ERROR - Repo path /home/frasal/Desktop/emse-analysis/repositories/RubenToucedaPRO_market-analysis-app not found. Cannot resolve parents.
2026-09-18 15:28:33,207 - ERROR - Repo path /home/frasal/Desktop/emse-analysis/repositories/RubenToucedaPRO_market-analysis-app not found. Cannot resolve parents.
2026-09-18 15:28:33,207 - ERROR - Repo path /home/frasal/Desktop/emse-analysis/repositories/RubenToucedaPRO_market-analysis-app not found. Cannot resolve parents.
2026-09-18 15:28:33,207 - ERROR - Repo path /home/frasal/Desktop/emse-analysis/repositories/RubenToucedaPRO_market-analysis-app not found. Cannot resolve parents.
2026-09-18 15:28:33,207 - ERROR - Repo path /home/frasal/Desktop/emse-analysis/repositories/RubenToucedaPRO_market-analysis-app not found. Cannot resolve parents.
2026-09-18 15:28:33,207 - ERROR - Repo path /home/frasal/Desktop/emse-analysis/repositories/apache_doris not found. Cannot resolve parents.
2026-09-18 15:28:33,207 - ERROR - Repo path /home/frasal/Desktop/emse-analysis/repositories/pa-mi-su_goodbuy-backend not found. Cannot resolve parents.
2026-09-18 15:28:33,207 - ERROR - Repo path /home/frasal/Desktop/emse-analysis/repositories/RubenToucedaPRO_market-analysis-app not found. Cannot resolve parents.
2026-09-18 15:28:33,207 - ERROR - Repo path /home/frasal/Desktop/emse-analysis/repositories/RubenToucedaPRO_market-analysis-app not found. Cannot resolve parents.
2026-09-18 15:28:33,208 - ERROR - Repo path /home/frasal/Desktop/emse-analysis/repositories/RubenToucedaPRO_market-analysis-app not found. Cannot resolve parents.
2026-09-18 15:28:33,208 - ERROR - Repo path /home/frasal/Desktop/emse-analysis/repositories/camunda_camunda not found. Cannot resolve parents.
2026-09-18 15:28:33,208 - ERROR - Repo path /home/frasal/Desktop/emse-analysis/repositories/elastic_elasticsearch not found. Cannot resolve parents.
2026-09-18 15:28:33,208 - ERROR - Repo path /home/frasal/Desktop/emse-analysis/repositories/sepa79_PocketHive not found. Cannot resolve parents.
2026-09-18 15:28:33,208 - ERROR - Repo path /home/frasal/Desktop/emse-analysis/repositories/camunda_camunda not found. Cannot resolve parents.
2026-09-18 15:28:33,208 - ERROR - Repo path /home/frasal/Desktop/emse-analysis/repositories/elastic_elasticsearch not found. Cannot resolve parents.
2026-09-18 15:28:33,208 - ERROR - Repo path /home/frasal/Desktop/emse-analysis/repositories/Salompablo_bikestore-api not found. Cannot resolve parents.
2026-09-18 15:28:33,208 - ERROR - Repo path /home/frasal/Desktop/emse-analysis/repositories/carlos-emr_carlos not found. Cannot resolve parents.
2026-09-18 15:28:33,208 - ERROR - Repo path /home/frasal/Desktop/emse-analysis/repositories/carlos-emr_carlos not found. Cannot resolve parents.
2026-09-18 15:28:33,208 - ERROR - Repo path /home/frasal/Desktop/emse-analysis/repositories/camunda_camunda not found. Cannot resolve parents.
2026-09-18 15:28:33,208 - ERROR - Repo path /home/frasal/Desktop/emse-analysis/repositories/renatoccosta_aisha not found. Cannot resolve parents.
2026-09-18 15:28:33,208 - ERROR - Repo path /home/frasal/Desktop/emse-analysis/repositories/carlos-emr_carlos not found. Cannot resolve parents.
2026-09-18 15:28:33,208 - ERROR - Repo path /home/frasal/Desktop/emse-analysis/repositories/elastic_elasticsearch not found. Cannot resolve parents.
2026-09-18 15:28:33,208 - ERROR - Repo path /home/frasal/Desktop/emse-analysis/repositories/elastic_elasticsearch not found. Cannot resolve parents.
2026-09-18 15:28:33,208 - ERROR - Repo path /home/frasal/Desktop/emse-analysis/repositories/elastic_elasticsearch not found. Cannot resolve parents.
2026-09-18 15:28:33,208 - ERROR - Repo path /home/frasal/Desktop/emse-analysis/repositories/carlos-emr_carlos not found. Cannot resolve parents.
2026-09-18 15:28:33,208 - ERROR - Repo path /home/frasal/Desktop/emse-analysis/repositories/elastic_elasticsearch not found. Cannot resolve parents.
2026-09-18 15:28:33,208 - ERROR - Repo path /home/frasal/Desktop/emse-analysis/repositories/carlos-emr_carlos not found. Cannot resolve parents.
2026-09-18 15:28:33,208 - ERROR - Repo path /home/frasal/Desktop/emse-analysis/repositories/renatoccosta_aisha not found. Cannot resolve parents.
2026-09-18 15:28:33,208 - ERROR - Repo path /home/frasal/Desktop/emse-analysis/repositories/renatoccosta_aisha not found. Cannot resolve parents.
2026-09-18 15:28:33,208 - ERROR - Repo path /home/frasal/Desktop/emse-analysis/repositories/renatoccosta_aisha not found. Cannot resolve parents.
2026-09-18 15:28:33,208 - ERROR - Repo path /home/frasal/Desktop/emse-analysis/repositories/P2ne-sensei_VerifyMC not found. Cannot resolve parents.
2026-09-18 15:28:33,208 - ERROR - Repo path /home/frasal/Desktop/emse-analysis/repositories/P2ne-sensei_VerifyMC not found. Cannot resolve parents.
2026-09-18 15:28:33,208 - ERROR - Repo path /home/frasal/Desktop/emse-analysis/repositories/elastic_elasticsearch not found. Cannot resolve parents.
2026-09-18 15:28:33,208 - ERROR - Repo path /home/frasal/Desktop/emse-analysis/repositories/apache_shardingsphere not found. Cannot resolve parents.
2026-09-18 15:28:33,208 - ERROR - Repo path /home/frasal/Desktop/emse-analysis/repositories/P2ne-sensei_VerifyMC not found. Cannot resolve parents.
2026-09-18 15:28:33,208 - ERROR - Repo path /home/frasal/Desktop/emse-analysis/repositories/camunda_camunda not found. Cannot resolve parents.
2026-09-18 15:28:33,208 - ERROR - Repo path /home/frasal/Desktop/emse-analysis/repositories/P2ne-sensei_VerifyMC not found. Cannot resolve parents.
2026-09-18 15:28:33,208 - ERROR - Repo path /home/frasal/Desktop/emse-analysis/repositories/camunda_camunda not found. Cannot resolve parents.
2026-09-18 15:28:33,208 - ERROR - Repo path /home/frasal/Desktop/emse-analysis/repositories/carlos-emr_carlos not found. Cannot resolve parents.
2026-09-18 15:28:33,208 - ERROR - Repo path /home/frasal/Desktop/emse-analysis/repositories/elastic_elasticsearch not found. Cannot resolve parents.
2026-09-18 15:28:33,209 - ERROR - Repo path /home/frasal/Desktop/emse-analysis/repositories/MZC-3rd-Project_BACKEND_SERVER not found. Cannot resolve parents.
2026-09-18 15:28:33,209 - ERROR - Repo path /home/frasal/Desktop/emse-analysis/repositories/MZC-3rd-Project_BACKEND_SERVER not found. Cannot resolve parents.
2026-09-18 15:28:33,209 - ERROR - Repo path /home/frasal/Desktop/emse-analysis/repositories/MZC-3rd-Project_BACKEND_SERVER not found. Cannot resolve parents.
2026-09-18 15:28:33,209 - ERROR - Repo path /home/frasal/Desktop/emse-analysis/repositories/elastic_elasticsearch not found. Cannot resolve parents.
2026-09-18 15:28:33,209 - ERROR - Repo path /home/frasal/Desktop/emse-analysis/repositories/Valossa515_spring-courier not found. Cannot resolve parents.
2026-09-18 15:28:33,209 - ERROR - Repo path /home/frasal/Desktop/emse-analysis/repositories/Nebula-customs-project_nebula not found. Cannot resolve parents.
2026-09-18 15:28:33,209 - ERROR - Repo path /home/frasal/Desktop/emse-analysis/repositories/carlos-emr_carlos not found. Cannot resolve parents.
2026-09-18 15:28:33,209 - ERROR - Repo path /home/frasal/Desktop/emse-analysis/repositories/elastic_elasticsearch not found. Cannot resolve parents.
2026-09-18 15:28:33,209 - ERROR - Repo path /home/frasal/Desktop/emse-analysis/repositories/m-idriss_3dime-api not found. Cannot resolve parents.
2026-09-18 15:28:33,209 - ERROR - Repo path /home/frasal/Desktop/emse-analysis/repositories/m-idriss_3dime-api not found. Cannot resolve parents.
2026-09-18 15:28:33,209 - ERROR - Repo path /home/frasal/Desktop/emse-analysis/repositories/camunda_camunda not found. Cannot resolve parents.
2026-09-18 15:28:33,209 - ERROR - Repo path /home/frasal/Desktop/emse-analysis/repositories/m-idriss_3dime-api not found. Cannot resolve parents.
2026-09-18 15:28:33,209 - ERROR - Repo path /home/frasal/Desktop/emse-analysis/repositories/m-idriss_3dime-api not found. Cannot resolve parents.
2026-09-18 15:28:33,209 - ERROR - Repo path /home/frasal/Desktop/emse-analysis/repositories/MZC-3rd-Project_BACKEND_SERVER not found. Cannot resolve parents.
2026-09-18 15:28:33,209 - ERROR - Repo path /home/frasal/Desktop/emse-analysis/repositories/MZC-3rd-Project_BACKEND_SERVER not found. Cannot resolve parents.
2026-09-18 15:28:33,209 - ERROR - Repo path /home/frasal/Desktop/emse-analysis/repositories/elastic_elasticsearch not found. Cannot resolve parents.
2026-09-18 15:28:33,209 - ERROR - Repo path /home/frasal/Desktop/emse-analysis/repositories/elastic_elasticsearch not found. Cannot resolve parents.
2026-09-18 15:28:33,209 - ERROR - Repo path /home/frasal/Desktop/emse-analysis/repositories/MZC-3rd-Project_BACKEND_SERVER not found. Cannot resolve parents.
2026-09-18 15:28:33,209 - ERROR - Repo path /home/frasal/Desktop/emse-analysis/repositories/carlos-emr_carlos not found. Cannot resolve parents.
2026-09-18 15:28:33,209 - ERROR - Repo path /home/frasal/Desktop/emse-analysis/repositories/elastic_elasticsearch not found. Cannot resolve parents.
2026-09-18 15:28:33,209 - ERROR - Repo path /home/frasal/Desktop/emse-analysis/repositories/elastic_elasticsearch not found. Cannot resolve parents.
2026-09-18 15:28:33,209 - ERROR - Repo path /home/frasal/Desktop/emse-analysis/repositories/elastic_elasticsearch not found. Cannot resolve parents.
2026-09-18 15:28:33,209 - ERROR - Repo path /home/frasal/Desktop/emse-analysis/repositories/temporalio_sdk-java not found. Cannot resolve parents.
2026-09-18 15:28:33,209 - ERROR - Repo path /home/frasal/Desktop/emse-analysis/repositories/MZC-3rd-Project_BACKEND_SERVER not found. Cannot resolve parents.
2026-09-18 15:28:33,209 - ERROR - Repo path /home/frasal/Desktop/emse-analysis/repositories/apache_doris not found. Cannot resolve parents.
2026-09-18 15:28:33,209 - ERROR - Repo path /home/frasal/Desktop/emse-analysis/repositories/elastic_elasticsearch not found. Cannot resolve parents.
2026-09-18 15:28:33,209 - ERROR - Repo path /home/frasal/Desktop/emse-analysis/repositories/MZC-3rd-Project_BACKEND_SERVER not found. Cannot resolve parents.
2026-09-18 15:28:33,209 - ERROR - Repo path /home/frasal/Desktop/emse-analysis/repositories/MZC-3rd-Project_BACKEND_SERVER not found. Cannot resolve parents.
2026-09-18 15:28:33,209 - ERROR - Repo path /home/frasal/Desktop/emse-analysis/repositories/carlos-emr_carlos not found. Cannot resolve parents.
2026-09-18 15:28:33,209 - ERROR - Repo path /home/frasal/Desktop/emse-analysis/repositories/carlos-emr_carlos not found. Cannot resolve parents.
2026-09-18 15:28:33,209 - ERROR - Repo path /home/frasal/Desktop/emse-analysis/repositories/carlos-emr_carlos not found. Cannot resolve parents.
2026-09-18 15:28:33,209 - ERROR - Repo path /home/frasal/Desktop/emse-analysis/repositories/elastic_elasticsearch not found. Cannot resolve parents.
2026-09-18 15:28:33,210 - ERROR - Repo path /home/frasal/Desktop/emse-analysis/repositories/vaadin_flow not found. Cannot resolve parents.
2026-09-18 15:28:33,210 - ERROR - Repo path /home/frasal/Desktop/emse-analysis/repositories/carlos-emr_carlos not found. Cannot resolve parents.
2026-09-18 15:28:33,210 - ERROR - Repo path /home/frasal/Desktop/emse-analysis/repositories/carlos-emr_carlos not found. Cannot resolve parents.
2026-09-18 15:28:33,210 - ERROR - Repo path /home/frasal/Desktop/emse-analysis/repositories/carlos-emr_carlos not found. Cannot resolve parents.
2026-09-18 15:28:33,210 - ERROR - Repo path /home/frasal/Desktop/emse-analysis/repositories/carlos-emr_carlos not found. Cannot resolve parents.
2026-09-18 15:28:33,210 - ERROR - Repo path /home/frasal/Desktop/emse-analysis/repositories/MZC-3rd-Project_BACKEND_SERVER not found. Cannot resolve parents.
2026-09-18 15:28:33,210 - ERROR - Repo path /home/frasal/Desktop/emse-analysis/repositories/elastic_elasticsearch not found. Cannot resolve parents.
2026-09-18 15:28:33,210 - ERROR - Repo path /home/frasal/Desktop/emse-analysis/repositories/MZC-3rd-Project_BACKEND_SERVER not found. Cannot resolve parents.
2026-09-18 15:28:33,210 - ERROR - Repo path /home/frasal/Desktop/emse-analysis/repositories/MZC-3rd-Project_BACKEND_SERVER not found. Cannot resolve parents.
2026-09-18 15:28:33,210 - ERROR - Repo path /home/frasal/Desktop/emse-analysis/repositories/camunda_camunda not found. Cannot resolve parents.
2026-09-18 15:28:33,210 - ERROR - Repo path /home/frasal/Desktop/emse-analysis/repositories/MZC-3rd-Project_BACKEND_SERVER not found. Cannot resolve parents.
2026-09-18 15:28:33,210 - ERROR - Repo path /home/frasal/Desktop/emse-analysis/repositories/MZC-3rd-Project_BACKEND_SERVER not found. Cannot resolve parents.
2026-09-18 15:28:33,210 - ERROR - Repo path /home/frasal/Desktop/emse-analysis/repositories/MZC-3rd-Project_BACKEND_SERVER not found. Cannot resolve parents.
2026-09-18 15:28:33,210 - ERROR - Repo path /home/frasal/Desktop/emse-analysis/repositories/carlos-emr_carlos not found. Cannot resolve parents.
2026-09-18 15:28:33,210 - ERROR - Repo path /home/frasal/Desktop/emse-analysis/repositories/MZC-3rd-Project_BACKEND_SERVER not found. Cannot resolve parents.
2026-09-18 15:28:33,210 - ERROR - Repo path /home/frasal/Desktop/emse-analysis/repositories/carlos-emr_carlos not found. Cannot resolve parents.
2026-09-18 15:28:33,210 - ERROR - Repo path /home/frasal/Desktop/emse-analysis/repositories/elastic_elasticsearch not found. Cannot resolve parents.
2026-09-18 15:28:33,210 - ERROR - Repo path /home/frasal/Desktop/emse-analysis/repositories/elastic_elasticsearch not found. Cannot resolve parents.
2026-09-18 15:28:33,210 - ERROR - Repo path /home/frasal/Desktop/emse-analysis/repositories/elastic_elasticsearch not found. Cannot resolve parents.
2026-09-18 15:28:33,210 - ERROR - Repo path /home/frasal/Desktop/emse-analysis/repositories/carlos-emr_carlos not found. Cannot resolve parents.
2026-09-18 15:28:33,210 - ERROR - Repo path /home/frasal/Desktop/emse-analysis/repositories/carlos-emr_carlos not found. Cannot resolve parents.
2026-09-18 15:28:33,210 - ERROR - Repo path /home/frasal/Desktop/emse-analysis/repositories/MZC-3rd-Project_BACKEND_SERVER not found. Cannot resolve parents.
2026-09-18 15:28:33,210 - ERROR - Repo path /home/frasal/Desktop/emse-analysis/repositories/elastic_elasticsearch not found. Cannot resolve parents.
2026-09-18 15:28:33,210 - ERROR - Repo path /home/frasal/Desktop/emse-analysis/repositories/elastic_elasticsearch not found. Cannot resolve parents.
2026-09-18 15:28:33,210 - ERROR - Repo path /home/frasal/Desktop/emse-analysis/repositories/elastic_elasticsearch not found. Cannot resolve parents.
2026-09-18 15:28:33,210 - ERROR - Repo path /home/frasal/Desktop/emse-analysis/repositories/elastic_elasticsearch not found. Cannot resolve parents.
2026-09-18 15:28:33,210 - ERROR - Repo path /home/frasal/Desktop/emse-analysis/repositories/MZC-3rd-Project_BACKEND_SERVER not found. Cannot resolve parents.
2026-09-18 15:28:33,210 - ERROR - Repo path /home/frasal/Desktop/emse-analysis/repositories/lance-format_lance-spark not found. Cannot resolve parents.
2026-09-18 15:28:33,210 - ERROR - Repo path /home/frasal/Desktop/emse-analysis/repositories/MZC-3rd-Project_BACKEND_SERVER not found. Cannot resolve parents.
2026-09-18 15:28:33,210 - ERROR - Repo path /home/frasal/Desktop/emse-analysis/repositories/alexk-dev_golemcore-bot not found. Cannot resolve parents.
2026-09-18 15:28:33,210 - ERROR - Repo path /home/frasal/Desktop/emse-analysis/repositories/lance-format_lance-spark not found. Cannot resolve parents.
2026-09-18 15:28:33,211 - ERROR - Repo path /home/frasal/Desktop/emse-analysis/repositories/elastic_elasticsearch not found. Cannot resolve parents.
2026-09-18 15:28:33,211 - ERROR - Repo path /home/frasal/Desktop/emse-analysis/repositories/elastic_elasticsearch not found. Cannot resolve parents.
2026-09-18 15:28:33,211 - ERROR - Repo path /home/frasal/Desktop/emse-analysis/repositories/alexk-dev_golemcore-bot not found. Cannot resolve parents.
2026-09-18 15:28:33,211 - ERROR - Repo path /home/frasal/Desktop/emse-analysis/repositories/MZC-3rd-Project_BACKEND_SERVER not found. Cannot resolve parents.
2026-09-18 15:28:33,211 - ERROR - Repo path /home/frasal/Desktop/emse-analysis/repositories/alexk-dev_golemcore-bot not found. Cannot resolve parents.
2026-09-18 15:28:33,211 - ERROR - Repo path /home/frasal/Desktop/emse-analysis/repositories/alexk-dev_golemcore-bot not found. Cannot resolve parents.
2026-09-18 15:28:33,211 - ERROR - Repo path /home/frasal/Desktop/emse-analysis/repositories/lance-format_lance-spark not found. Cannot resolve parents.
2026-09-18 15:28:33,211 - ERROR - Repo path /home/frasal/Desktop/emse-analysis/repositories/apache_shardingsphere not found. Cannot resolve parents.
2026-09-18 15:28:33,211 - ERROR - Repo path /home/frasal/Desktop/emse-analysis/repositories/lance-format_lance-spark not found. Cannot resolve parents.
2026-09-18 15:28:33,211 - ERROR - Repo path /home/frasal/Desktop/emse-analysis/repositories/Azure_azure-sdk-for-java not found. Cannot resolve parents.
2026-09-18 15:28:33,211 - ERROR - Repo path /home/frasal/Desktop/emse-analysis/repositories/apache_shardingsphere not found. Cannot resolve parents.
2026-09-18 15:28:33,211 - ERROR - Repo path /home/frasal/Desktop/emse-analysis/repositories/elastic_elasticsearch not found. Cannot resolve parents.
2026-09-18 15:28:33,211 - ERROR - Repo path /home/frasal/Desktop/emse-analysis/repositories/xinhuagu_AceClaw not found. Cannot resolve parents.
2026-09-18 15:28:33,211 - ERROR - Repo path /home/frasal/Desktop/emse-analysis/repositories/apache_shardingsphere not found. Cannot resolve parents.
2026-09-18 15:28:33,211 - ERROR - Repo path /home/frasal/Desktop/emse-analysis/repositories/lance-format_lance-spark not found. Cannot resolve parents.
2026-09-18 15:28:33,211 - ERROR - Repo path /home/frasal/Desktop/emse-analysis/repositories/lance-format_lance-spark not found. Cannot resolve parents.
2026-09-18 15:28:33,211 - ERROR - Repo path /home/frasal/Desktop/emse-analysis/repositories/xinhuagu_AceClaw not found. Cannot resolve parents.
2026-09-18 15:28:33,211 - ERROR - Repo path /home/frasal/Desktop/emse-analysis/repositories/xinhuagu_AceClaw not found. Cannot resolve parents.
2026-09-18 15:28:33,211 - ERROR - Repo path /home/frasal/Desktop/emse-analysis/repositories/lance-format_lance-spark not found. Cannot resolve parents.
2026-09-18 15:28:33,211 - ERROR - Repo path /home/frasal/Desktop/emse-analysis/repositories/elastic_elasticsearch not found. Cannot resolve parents.
2026-09-18 15:28:33,211 - ERROR - Repo path /home/frasal/Desktop/emse-analysis/repositories/elastic_elasticsearch not found. Cannot resolve parents.
2026-09-18 15:28:33,211 - ERROR - Repo path /home/frasal/Desktop/emse-analysis/repositories/lance-format_lance-spark not found. Cannot resolve parents.
2026-09-18 15:28:33,211 - ERROR - Repo path /home/frasal/Desktop/emse-analysis/repositories/alexk-dev_golemcore-bot not found. Cannot resolve parents.
2026-09-18 15:28:33,211 - ERROR - Repo path /home/frasal/Desktop/emse-analysis/repositories/xinhuagu_AceClaw not found. Cannot resolve parents.
2026-09-18 15:28:33,211 - ERROR - Repo path /home/frasal/Desktop/emse-analysis/repositories/apache_shardingsphere not found. Cannot resolve parents.
2026-09-18 15:28:33,211 - ERROR - Repo path /home/frasal/Desktop/emse-analysis/repositories/xinhuagu_AceClaw not found. Cannot resolve parents.
2026-09-18 15:28:33,211 - ERROR - Repo path /home/frasal/Desktop/emse-analysis/repositories/elastic_elasticsearch not found. Cannot resolve parents.
2026-09-18 15:28:33,211 - ERROR - Repo path /home/frasal/Desktop/emse-analysis/repositories/alexk-dev_golemcore-bot not found. Cannot resolve parents.
2026-09-18 15:28:33,211 - ERROR - Repo path /home/frasal/Desktop/emse-analysis/repositories/alexk-dev_golemcore-bot not found. Cannot resolve parents.
2026-09-18 15:28:33,211 - ERROR - Repo path /home/frasal/Desktop/emse-analysis/repositories/alexk-dev_golemcore-bot not found. Cannot resolve parents.
2026-09-18 15:28:33,211 - ERROR - Repo path /home/frasal/Desktop/emse-analysis/repositories/lance-format_lance-spark not found. Cannot resolve parents.
2026-09-18 15:28:33,212 - ERROR - Repo path /home/frasal/Desktop/emse-analysis/repositories/higher-kinded-j_higher-kinded-j not found. Cannot resolve parents.
2026-09-18 15:28:33,212 - ERROR - Repo path /home/frasal/Desktop/emse-analysis/repositories/lance-format_lance-spark not found. Cannot resolve parents.
2026-09-18 15:28:33,212 - ERROR - Repo path /home/frasal/Desktop/emse-analysis/repositories/xinhuagu_AceClaw not found. Cannot resolve parents.
2026-09-18 15:28:33,212 - ERROR - Repo path /home/frasal/Desktop/emse-analysis/repositories/elastic_elasticsearch not found. Cannot resolve parents.
2026-09-18 15:28:33,212 - ERROR - Repo path /home/frasal/Desktop/emse-analysis/repositories/xinhuagu_AceClaw not found. Cannot resolve parents.
2026-09-18 15:28:33,212 - ERROR - Repo path /home/frasal/Desktop/emse-analysis/repositories/xinhuagu_AceClaw not found. Cannot resolve parents.
2026-09-18 15:28:33,212 - ERROR - Repo path /home/frasal/Desktop/emse-analysis/repositories/runcycles_cycles-server-admin not found. Cannot resolve parents.
2026-09-18 15:28:33,212 - ERROR - Repo path /home/frasal/Desktop/emse-analysis/repositories/xinhuagu_AceClaw not found. Cannot resolve parents.
2026-09-18 15:28:33,212 - ERROR - Repo path /home/frasal/Desktop/emse-analysis/repositories/xinhuagu_AceClaw not found. Cannot resolve parents.
2026-09-18 15:28:33,212 - ERROR - Repo path /home/frasal/Desktop/emse-analysis/repositories/runcycles_cycles-server-admin not found. Cannot resolve parents.
2026-09-18 15:28:33,212 - ERROR - Repo path /home/frasal/Desktop/emse-analysis/repositories/runcycles_cycles-server-admin not found. Cannot resolve parents.
2026-09-18 15:28:33,212 - ERROR - Repo path /home/frasal/Desktop/emse-analysis/repositories/runcycles_cycles-server-admin not found. Cannot resolve parents.
2026-09-18 15:28:33,212 - ERROR - Repo path /home/frasal/Desktop/emse-analysis/repositories/runcycles_cycles-server-admin not found. Cannot resolve parents.
2026-09-18 15:28:33,212 - ERROR - Repo path /home/frasal/Desktop/emse-analysis/repositories/elastic_elasticsearch not found. Cannot resolve parents.
2026-09-18 15:28:33,212 - ERROR - Repo path /home/frasal/Desktop/emse-analysis/repositories/xinhuagu_AceClaw not found. Cannot resolve parents.
2026-09-18 15:28:33,212 - ERROR - Repo path /home/frasal/Desktop/emse-analysis/repositories/runcycles_cycles-server-admin not found. Cannot resolve parents.
2026-09-18 15:28:33,212 - ERROR - Repo path /home/frasal/Desktop/emse-analysis/repositories/elastic_elasticsearch not found. Cannot resolve parents.
2026-09-18 15:28:33,212 - ERROR - Repo path /home/frasal/Desktop/emse-analysis/repositories/xinhuagu_AceClaw not found. Cannot resolve parents.
2026-09-18 15:28:33,212 - ERROR - Repo path /home/frasal/Desktop/emse-analysis/repositories/xinhuagu_AceClaw not found. Cannot resolve parents.
2026-09-18 15:28:33,212 - ERROR - Repo path /home/frasal/Desktop/emse-analysis/repositories/xinhuagu_AceClaw not found. Cannot resolve parents.
2026-09-18 15:28:33,212 - ERROR - Repo path /home/frasal/Desktop/emse-analysis/repositories/alexk-dev_golemcore-bot not found. Cannot resolve parents.
2026-09-18 15:28:33,212 - ERROR - Repo path /home/frasal/Desktop/emse-analysis/repositories/alexk-dev_golemcore-bot not found. Cannot resolve parents.
2026-09-18 15:28:33,212 - ERROR - Repo path /home/frasal/Desktop/emse-analysis/repositories/alexk-dev_golemcore-bot not found. Cannot resolve parents.
2026-09-18 15:28:33,212 - ERROR - Repo path /home/frasal/Desktop/emse-analysis/repositories/runcycles_cycles-server-admin not found. Cannot resolve parents.
2026-09-18 15:28:33,212 - ERROR - Repo path /home/frasal/Desktop/emse-analysis/repositories/runcycles_cycles-server-admin not found. Cannot resolve parents.
2026-09-18 15:28:33,212 - ERROR - Repo path /home/frasal/Desktop/emse-analysis/repositories/runcycles_cycles-server-admin not found. Cannot resolve parents.
2026-09-18 15:28:33,212 - ERROR - Repo path /home/frasal/Desktop/emse-analysis/repositories/xinhuagu_AceClaw not found. Cannot resolve parents.
2026-09-18 15:28:33,212 - ERROR - Repo path /home/frasal/Desktop/emse-analysis/repositories/xinhuagu_AceClaw not found. Cannot resolve parents.
2026-09-18 15:28:33,212 - ERROR - Repo path /home/frasal/Desktop/emse-analysis/repositories/elastic_elasticsearch not found. Cannot resolve parents.
2026-09-18 15:28:33,212 - ERROR - Repo path /home/frasal/Desktop/emse-analysis/repositories/elastic_elasticsearch not found. Cannot resolve parents.
2026-09-18 15:28:33,212 - ERROR - Repo path /home/frasal/Desktop/emse-analysis/repositories/xinhuagu_AceClaw not found. Cannot resolve parents.
2026-09-18 15:28:33,213 - ERROR - Repo path /home/frasal/Desktop/emse-analysis/repositories/xinhuagu_AceClaw not found. Cannot resolve parents.
2026-09-18 15:28:33,213 - ERROR - Repo path /home/frasal/Desktop/emse-analysis/repositories/alexk-dev_golemcore-bot not found. Cannot resolve parents.
2026-09-18 15:28:33,213 - ERROR - Repo path /home/frasal/Desktop/emse-analysis/repositories/elastic_elasticsearch not found. Cannot resolve parents.
2026-09-18 15:28:33,213 - ERROR - Repo path /home/frasal/Desktop/emse-analysis/repositories/alexk-dev_golemcore-bot not found. Cannot resolve parents.
2026-09-18 15:28:33,213 - ERROR - Repo path /home/frasal/Desktop/emse-analysis/repositories/runcycles_cycles-server not found. Cannot resolve parents.
2026-09-18 15:28:33,213 - ERROR - Repo path /home/frasal/Desktop/emse-analysis/repositories/xinhuagu_AceClaw not found. Cannot resolve parents.
2026-09-18 15:28:33,213 - ERROR - Repo path /home/frasal/Desktop/emse-analysis/repositories/runcycles_cycles-server not found. Cannot resolve parents.
2026-09-18 15:28:33,213 - ERROR - Repo path /home/frasal/Desktop/emse-analysis/repositories/runcycles_cycles-server-admin not found. Cannot resolve parents.
2026-09-18 15:28:33,213 - ERROR - Repo path /home/frasal/Desktop/emse-analysis/repositories/runcycles_cycles-server-admin not found. Cannot resolve parents.
2026-09-18 15:28:33,213 - ERROR - Repo path /home/frasal/Desktop/emse-analysis/repositories/elastic_elasticsearch not found. Cannot resolve parents.
2026-09-18 15:28:33,213 - ERROR - Repo path /home/frasal/Desktop/emse-analysis/repositories/elastic_elasticsearch not found. Cannot resolve parents.
2026-09-18 15:28:33,213 - ERROR - Repo path /home/frasal/Desktop/emse-analysis/repositories/xinhuagu_AceClaw not found. Cannot resolve parents.
2026-09-18 15:28:33,213 - ERROR - Repo path /home/frasal/Desktop/emse-analysis/repositories/runcycles_cycles-server-admin not found. Cannot resolve parents.
2026-09-18 15:28:33,213 - ERROR - Repo path /home/frasal/Desktop/emse-analysis/repositories/elastic_elasticsearch not found. Cannot resolve parents.
2026-09-18 15:28:33,213 - ERROR - Repo path /home/frasal/Desktop/emse-analysis/repositories/runcycles_cycles-server-admin not found. Cannot resolve parents.
2026-09-18 15:28:33,213 - ERROR - Repo path /home/frasal/Desktop/emse-analysis/repositories/elastic_elasticsearch not found. Cannot resolve parents.
2026-09-18 15:28:33,213 - ERROR - Repo path /home/frasal/Desktop/emse-analysis/repositories/runcycles_cycles-server not found. Cannot resolve parents.
2026-09-18 15:28:33,213 - ERROR - Repo path /home/frasal/Desktop/emse-analysis/repositories/xinhuagu_AceClaw not found. Cannot resolve parents.
2026-09-18 15:28:33,213 - ERROR - Repo path /home/frasal/Desktop/emse-analysis/repositories/runcycles_cycles-server not found. Cannot resolve parents.
2026-09-18 15:28:33,213 - ERROR - Repo path /home/frasal/Desktop/emse-analysis/repositories/xinhuagu_AceClaw not found. Cannot resolve parents.
2026-09-18 15:28:33,213 - ERROR - Repo path /home/frasal/Desktop/emse-analysis/repositories/xinhuagu_AceClaw not found. Cannot resolve parents.
2026-09-18 15:28:33,213 - ERROR - Repo path /home/frasal/Desktop/emse-analysis/repositories/elastic_elasticsearch not found. Cannot resolve parents.
2026-09-18 15:28:33,213 - ERROR - Repo path /home/frasal/Desktop/emse-analysis/repositories/xinhuagu_AceClaw not found. Cannot resolve parents.
2026-09-18 15:28:33,213 - ERROR - Repo path /home/frasal/Desktop/emse-analysis/repositories/xinhuagu_AceClaw not found. Cannot resolve parents.
2026-09-18 15:28:33,213 - ERROR - Repo path /home/frasal/Desktop/emse-analysis/repositories/xinhuagu_AceClaw not found. Cannot resolve parents.
2026-09-18 15:28:33,213 - ERROR - Repo path /home/frasal/Desktop/emse-analysis/repositories/xinhuagu_AceClaw not found. Cannot resolve parents.
2026-09-18 15:28:33,213 - ERROR - Repo path /home/frasal/Desktop/emse-analysis/repositories/elastic_elasticsearch not found. Cannot resolve parents.
2026-09-18 15:28:33,213 - ERROR - Repo path /home/frasal/Desktop/emse-analysis/repositories/xinhuagu_AceClaw not found. Cannot resolve parents.
2026-09-18 15:28:33,213 - ERROR - Repo path /home/frasal/Desktop/emse-analysis/repositories/xinhuagu_AceClaw not found. Cannot resolve parents.
2026-09-18 15:28:33,213 - ERROR - Repo path /home/frasal/Desktop/emse-analysis/repositories/alexk-dev_golemcore-bot not found. Cannot resolve parents.
2026-09-18 15:28:33,213 - ERROR - Repo path /home/frasal/Desktop/emse-analysis/repositories/alexk-dev_golemcore-bot not found. Cannot resolve parents.
2026-09-18 15:28:33,213 - ERROR - Repo path /home/frasal/Desktop/emse-analysis/repositories/alexk-dev_golemcore-bot not found. Cannot resolve parents.
2026-09-18 15:28:33,214 - ERROR - Repo path /home/frasal/Desktop/emse-analysis/repositories/xinhuagu_AceClaw not found. Cannot resolve parents.
2026-09-18 15:28:33,214 - ERROR - Repo path /home/frasal/Desktop/emse-analysis/repositories/alexk-dev_golemcore-bot not found. Cannot resolve parents.
2026-09-18 15:28:33,214 - ERROR - Repo path /home/frasal/Desktop/emse-analysis/repositories/runcycles_cycles-server not found. Cannot resolve parents.
2026-09-18 15:28:33,214 - ERROR - Repo path /home/frasal/Desktop/emse-analysis/repositories/runcycles_cycles-server not found. Cannot resolve parents.
2026-09-18 15:28:33,214 - ERROR - Repo path /home/frasal/Desktop/emse-analysis/repositories/camunda_camunda not found. Cannot resolve parents.
2026-09-18 15:28:33,214 - ERROR - Repo path /home/frasal/Desktop/emse-analysis/repositories/alexk-dev_golemcore-bot not found. Cannot resolve parents.
2026-09-18 15:28:33,214 - ERROR - Repo path /home/frasal/Desktop/emse-analysis/repositories/alexk-dev_golemcore-bot not found. Cannot resolve parents.
2026-09-18 15:28:33,214 - ERROR - Repo path /home/frasal/Desktop/emse-analysis/repositories/floci-io_floci not found. Cannot resolve parents.
2026-09-18 15:28:33,214 - ERROR - Repo path /home/frasal/Desktop/emse-analysis/repositories/elastic_elasticsearch not found. Cannot resolve parents.
2026-09-18 15:28:33,214 - ERROR - Repo path /home/frasal/Desktop/emse-analysis/repositories/floci-io_floci not found. Cannot resolve parents.
2026-09-18 15:28:33,214 - ERROR - Repo path /home/frasal/Desktop/emse-analysis/repositories/AgentEnsemble_agentensemble not found. Cannot resolve parents.
2026-09-18 15:28:33,214 - ERROR - Repo path /home/frasal/Desktop/emse-analysis/repositories/floci-io_floci not found. Cannot resolve parents.
2026-09-18 15:28:33,214 - ERROR - Repo path /home/frasal/Desktop/emse-analysis/repositories/floci-io_floci not found. Cannot resolve parents.
2026-09-18 15:28:33,214 - ERROR - Repo path /home/frasal/Desktop/emse-analysis/repositories/AgentEnsemble_agentensemble not found. Cannot resolve parents.
2026-09-18 15:28:33,214 - ERROR - Repo path /home/frasal/Desktop/emse-analysis/repositories/apache_shardingsphere not found. Cannot resolve parents.
2026-09-18 15:28:33,214 - ERROR - Repo path /home/frasal/Desktop/emse-analysis/repositories/floci-io_floci not found. Cannot resolve parents.
2026-09-18 15:28:33,214 - ERROR - Repo path /home/frasal/Desktop/emse-analysis/repositories/floci-io_floci not found. Cannot resolve parents.
2026-09-18 15:28:33,214 - ERROR - Repo path /home/frasal/Desktop/emse-analysis/repositories/elastic_elasticsearch not found. Cannot resolve parents.
2026-09-18 15:28:33,214 - ERROR - Repo path /home/frasal/Desktop/emse-analysis/repositories/floci-io_floci not found. Cannot resolve parents.
2026-09-18 15:28:33,214 - ERROR - Repo path /home/frasal/Desktop/emse-analysis/repositories/floci-io_floci not found. Cannot resolve parents.
2026-09-18 15:28:33,214 - ERROR - Repo path /home/frasal/Desktop/emse-analysis/repositories/alexk-dev_golemcore-bot not found. Cannot resolve parents.
2026-09-18 15:28:33,214 - ERROR - Repo path /home/frasal/Desktop/emse-analysis/repositories/elastic_elasticsearch not found. Cannot resolve parents.
2026-09-18 15:28:33,214 - ERROR - Repo path /home/frasal/Desktop/emse-analysis/repositories/alexk-dev_golemcore-bot not found. Cannot resolve parents.
2026-09-18 15:28:33,214 - ERROR - Repo path /home/frasal/Desktop/emse-analysis/repositories/alexk-dev_golemcore-bot not found. Cannot resolve parents.
2026-09-18 15:28:33,214 - ERROR - Repo path /home/frasal/Desktop/emse-analysis/repositories/floci-io_floci not found. Cannot resolve parents.
2026-09-18 15:28:33,214 - ERROR - Repo path /home/frasal/Desktop/emse-analysis/repositories/floci-io_floci not found. Cannot resolve parents.
2026-09-18 15:28:33,214 - ERROR - Repo path /home/frasal/Desktop/emse-analysis/repositories/AgentEnsemble_agentensemble not found. Cannot resolve parents.
2026-09-18 15:28:33,214 - ERROR - Repo path /home/frasal/Desktop/emse-analysis/repositories/elastic_elasticsearch not found. Cannot resolve parents.
2026-09-18 15:28:33,214 - ERROR - Repo path /home/frasal/Desktop/emse-analysis/repositories/elastic_elasticsearch not found. Cannot resolve parents.
2026-09-18 15:28:33,214 - ERROR - Repo path /home/frasal/Desktop/emse-analysis/repositories/floci-io_floci not found. Cannot resolve parents.
2026-09-18 15:28:33,214 - ERROR - Repo path /home/frasal/Desktop/emse-analysis/repositories/floci-io_floci not found. Cannot resolve parents.
2026-09-18 15:28:33,215 - ERROR - Repo path /home/frasal/Desktop/emse-analysis/repositories/floci-io_floci not found. Cannot resolve parents.
2026-09-18 15:28:33,215 - ERROR - Repo path /home/frasal/Desktop/emse-analysis/repositories/floci-io_floci not found. Cannot resolve parents.
2026-09-18 15:28:33,215 - ERROR - Repo path /home/frasal/Desktop/emse-analysis/repositories/auspis_fluent-sql-4j not found. Cannot resolve parents.
2026-09-18 15:28:33,215 - ERROR - Repo path /home/frasal/Desktop/emse-analysis/repositories/AgentEnsemble_agentensemble not found. Cannot resolve parents.
2026-09-18 15:28:33,215 - ERROR - Repo path /home/frasal/Desktop/emse-analysis/repositories/floci-io_floci not found. Cannot resolve parents.
2026-09-18 15:28:33,215 - ERROR - Repo path /home/frasal/Desktop/emse-analysis/repositories/AgentEnsemble_agentensemble not found. Cannot resolve parents.
2026-09-18 15:28:33,215 - ERROR - Repo path /home/frasal/Desktop/emse-analysis/repositories/AgentEnsemble_agentensemble not found. Cannot resolve parents.
2026-09-18 15:28:33,215 - ERROR - Repo path /home/frasal/Desktop/emse-analysis/repositories/elastic_elasticsearch not found. Cannot resolve parents.
2026-09-18 15:28:33,215 - ERROR - Repo path /home/frasal/Desktop/emse-analysis/repositories/elastic_elasticsearch not found. Cannot resolve parents.
2026-09-18 15:28:33,215 - ERROR - Repo path /home/frasal/Desktop/emse-analysis/repositories/floci-io_floci not found. Cannot resolve parents.
2026-09-18 15:28:33,215 - ERROR - Repo path /home/frasal/Desktop/emse-analysis/repositories/floci-io_floci not found. Cannot resolve parents.
2026-09-18 15:28:33,215 - ERROR - Repo path /home/frasal/Desktop/emse-analysis/repositories/floci-io_floci not found. Cannot resolve parents.
2026-09-18 15:28:33,215 - ERROR - Repo path /home/frasal/Desktop/emse-analysis/repositories/floci-io_floci not found. Cannot resolve parents.
2026-09-18 15:28:33,215 - ERROR - Repo path /home/frasal/Desktop/emse-analysis/repositories/elastic_elasticsearch not found. Cannot resolve parents.
2026-09-18 15:28:33,215 - ERROR - Repo path /home/frasal/Desktop/emse-analysis/repositories/floci-io_floci not found. Cannot resolve parents.
2026-09-18 15:28:33,215 - ERROR - Repo path /home/frasal/Desktop/emse-analysis/repositories/elastic_elasticsearch not found. Cannot resolve parents.
2026-09-18 15:28:33,215 - ERROR - Repo path /home/frasal/Desktop/emse-analysis/repositories/floci-io_floci not found. Cannot resolve parents.
2026-09-18 15:28:33,215 - ERROR - Repo path /home/frasal/Desktop/emse-analysis/repositories/floci-io_floci not found. Cannot resolve parents.
2026-09-18 15:28:33,215 - ERROR - Repo path /home/frasal/Desktop/emse-analysis/repositories/elastic_elasticsearch not found. Cannot resolve parents.
2026-09-18 15:28:33,215 - ERROR - Repo path /home/frasal/Desktop/emse-analysis/repositories/elastic_elasticsearch not found. Cannot resolve parents.
2026-09-18 15:28:33,215 - ERROR - Repo path /home/frasal/Desktop/emse-analysis/repositories/floci-io_floci not found. Cannot resolve parents.
2026-09-18 15:28:33,215 - ERROR - Repo path /home/frasal/Desktop/emse-analysis/repositories/floci-io_floci not found. Cannot resolve parents.
2026-09-18 15:28:33,215 - ERROR - Repo path /home/frasal/Desktop/emse-analysis/repositories/floci-io_floci not found. Cannot resolve parents.
2026-09-18 15:28:33,215 - ERROR - Repo path /home/frasal/Desktop/emse-analysis/repositories/floci-io_floci not found. Cannot resolve parents.
2026-09-18 15:28:33,215 - ERROR - Repo path /home/frasal/Desktop/emse-analysis/repositories/elastic_elasticsearch not found. Cannot resolve parents.
2026-09-18 15:28:33,215 - ERROR - Repo path /home/frasal/Desktop/emse-analysis/repositories/floci-io_floci not found. Cannot resolve parents.
2026-09-18 15:28:33,215 - ERROR - Repo path /home/frasal/Desktop/emse-analysis/repositories/floci-io_floci not found. Cannot resolve parents.
2026-09-18 15:28:33,215 - ERROR - Repo path /home/frasal/Desktop/emse-analysis/repositories/saidone75_alfresco-node-processor not found. Cannot resolve parents.
2026-09-18 15:28:33,215 - ERROR - Repo path /home/frasal/Desktop/emse-analysis/repositories/alexk-dev_golemcore-bot not found. Cannot resolve parents.
2026-09-18 15:28:33,215 - ERROR - Repo path /home/frasal/Desktop/emse-analysis/repositories/open-telemetry_opentelemetry-java-instrumentation not found. Cannot resolve parents.
2026-09-18 15:28:33,215 - ERROR - Repo path /home/frasal/Desktop/emse-analysis/repositories/auspis_fluent-sql-4j not found. Cannot resolve parents.
2026-09-18 15:28:33,216 - ERROR - Repo path /home/frasal/Desktop/emse-analysis/repositories/alexk-dev_golemcore-bot not found. Cannot resolve parents.
2026-09-18 15:28:33,216 - ERROR - Repo path /home/frasal/Desktop/emse-analysis/repositories/alexk-dev_golemcore-bot not found. Cannot resolve parents.
2026-09-18 15:28:33,216 - ERROR - Repo path /home/frasal/Desktop/emse-analysis/repositories/alexk-dev_golemcore-bot not found. Cannot resolve parents.
2026-09-18 15:28:33,216 - ERROR - Repo path /home/frasal/Desktop/emse-analysis/repositories/elastic_elasticsearch not found. Cannot resolve parents.
2026-09-18 15:28:33,216 - ERROR - Repo path /home/frasal/Desktop/emse-analysis/repositories/floci-io_floci not found. Cannot resolve parents.
2026-09-18 15:28:33,216 - ERROR - Repo path /home/frasal/Desktop/emse-analysis/repositories/elastic_elasticsearch not found. Cannot resolve parents.
2026-09-18 15:28:33,216 - ERROR - Repo path /home/frasal/Desktop/emse-analysis/repositories/AgentEnsemble_agentensemble not found. Cannot resolve parents.
2026-09-18 15:28:33,216 - ERROR - Repo path /home/frasal/Desktop/emse-analysis/repositories/AgentEnsemble_agentensemble not found. Cannot resolve parents.
2026-09-18 15:28:33,216 - ERROR - Repo path /home/frasal/Desktop/emse-analysis/repositories/AgentEnsemble_agentensemble not found. Cannot resolve parents.
2026-09-18 15:28:33,216 - ERROR - Repo path /home/frasal/Desktop/emse-analysis/repositories/floci-io_floci not found. Cannot resolve parents.
2026-09-18 15:28:33,216 - ERROR - Repo path /home/frasal/Desktop/emse-analysis/repositories/floci-io_floci not found. Cannot resolve parents.
2026-09-18 15:28:33,216 - ERROR - Repo path /home/frasal/Desktop/emse-analysis/repositories/auspis_fluent-sql-4j not found. Cannot resolve parents.
2026-09-18 15:28:33,216 - ERROR - Repo path /home/frasal/Desktop/emse-analysis/repositories/floci-io_floci not found. Cannot resolve parents.
2026-09-18 15:28:33,216 - ERROR - Repo path /home/frasal/Desktop/emse-analysis/repositories/floci-io_floci not found. Cannot resolve parents.
2026-09-18 15:28:33,216 - ERROR - Repo path /home/frasal/Desktop/emse-analysis/repositories/elastic_elasticsearch not found. Cannot resolve parents.
2026-09-18 15:28:33,216 - ERROR - Repo path /home/frasal/Desktop/emse-analysis/repositories/floci-io_floci not found. Cannot resolve parents.
2026-09-18 15:28:33,216 - ERROR - Repo path /home/frasal/Desktop/emse-analysis/repositories/floci-io_floci not found. Cannot resolve parents.
2026-09-18 15:28:33,216 - ERROR - Repo path /home/frasal/Desktop/emse-analysis/repositories/floci-io_floci not found. Cannot resolve parents.
2026-09-18 15:28:33,216 - ERROR - Repo path /home/frasal/Desktop/emse-analysis/repositories/floci-io_floci not found. Cannot resolve parents.
2026-09-18 15:28:33,216 - ERROR - Repo path /home/frasal/Desktop/emse-analysis/repositories/floci-io_floci not found. Cannot resolve parents.
2026-09-18 15:28:33,216 - ERROR - Repo path /home/frasal/Desktop/emse-analysis/repositories/floci-io_floci not found. Cannot resolve parents.
2026-09-18 15:28:33,216 - ERROR - Repo path /home/frasal/Desktop/emse-analysis/repositories/floci-io_floci not found. Cannot resolve parents.
2026-09-18 15:28:33,216 - ERROR - Repo path /home/frasal/Desktop/emse-analysis/repositories/floci-io_floci not found. Cannot resolve parents.
2026-09-18 15:28:33,216 - ERROR - Repo path /home/frasal/Desktop/emse-analysis/repositories/floci-io_floci not found. Cannot resolve parents.
2026-09-18 15:28:33,216 - ERROR - Repo path /home/frasal/Desktop/emse-analysis/repositories/camunda_camunda not found. Cannot resolve parents.
2026-09-18 15:28:33,216 - ERROR - Repo path /home/frasal/Desktop/emse-analysis/repositories/floci-io_floci not found. Cannot resolve parents.
2026-09-18 15:28:33,216 - ERROR - Repo path /home/frasal/Desktop/emse-analysis/repositories/floci-io_floci not found. Cannot resolve parents.
2026-09-18 15:28:33,216 - ERROR - Repo path /home/frasal/Desktop/emse-analysis/repositories/floci-io_floci not found. Cannot resolve parents.
2026-09-18 15:28:33,216 - ERROR - Repo path /home/frasal/Desktop/emse-analysis/repositories/elastic_elasticsearch not found. Cannot resolve parents.
2026-09-18 15:28:33,216 - ERROR - Repo path /home/frasal/Desktop/emse-analysis/repositories/temporalio_sdk-java not found. Cannot resolve parents.
2026-09-18 15:28:33,216 - ERROR - Repo path /home/frasal/Desktop/emse-analysis/repositories/floci-io_floci not found. Cannot resolve parents.
2026-09-18 15:28:33,216 - ERROR - Repo path /home/frasal/Desktop/emse-analysis/repositories/elastic_elasticsearch not found. Cannot resolve parents.
2026-09-18 15:28:33,217 - ERROR - Repo path /home/frasal/Desktop/emse-analysis/repositories/aklivity_zilla not found. Cannot resolve parents.
2026-09-18 15:28:33,217 - ERROR - Repo path /home/frasal/Desktop/emse-analysis/repositories/floci-io_floci not found. Cannot resolve parents.
2026-09-18 15:28:33,217 - ERROR - Repo path /home/frasal/Desktop/emse-analysis/repositories/apache_shardingsphere not found. Cannot resolve parents.
2026-09-18 15:28:33,217 - ERROR - Repo path /home/frasal/Desktop/emse-analysis/repositories/floci-io_floci not found. Cannot resolve parents.
2026-09-18 15:28:33,217 - ERROR - Repo path /home/frasal/Desktop/emse-analysis/repositories/elastic_elasticsearch not found. Cannot resolve parents.
2026-09-18 15:28:33,217 - ERROR - Repo path /home/frasal/Desktop/emse-analysis/repositories/xxcai_mobile-agent not found. Cannot resolve parents.
2026-09-18 15:28:33,217 - ERROR - Repo path /home/frasal/Desktop/emse-analysis/repositories/xxcai_mobile-agent not found. Cannot resolve parents.
2026-09-18 15:28:33,217 - ERROR - Repo path /home/frasal/Desktop/emse-analysis/repositories/floci-io_floci not found. Cannot resolve parents.
2026-09-18 15:28:33,217 - ERROR - Repo path /home/frasal/Desktop/emse-analysis/repositories/elastic_elasticsearch not found. Cannot resolve parents.
2026-09-18 15:28:33,217 - ERROR - Repo path /home/frasal/Desktop/emse-analysis/repositories/floci-io_floci not found. Cannot resolve parents.
2026-09-18 15:28:33,217 - ERROR - Repo path /home/frasal/Desktop/emse-analysis/repositories/elastic_elasticsearch not found. Cannot resolve parents.
2026-09-18 15:28:33,217 - ERROR - Repo path /home/frasal/Desktop/emse-analysis/repositories/floci-io_floci not found. Cannot resolve parents.
2026-09-18 15:28:33,217 - ERROR - Repo path /home/frasal/Desktop/emse-analysis/repositories/floci-io_floci not found. Cannot resolve parents.
2026-09-18 15:28:33,217 - ERROR - Repo path /home/frasal/Desktop/emse-analysis/repositories/elastic_elasticsearch not found. Cannot resolve parents.
2026-09-18 15:28:33,217 - ERROR - Repo path /home/frasal/Desktop/emse-analysis/repositories/elastic_elasticsearch not found. Cannot resolve parents.
2026-09-18 15:28:33,217 - ERROR - Repo path /home/frasal/Desktop/emse-analysis/repositories/elastic_elasticsearch not found. Cannot resolve parents.
2026-09-18 15:28:33,217 - ERROR - Repo path /home/frasal/Desktop/emse-analysis/repositories/Again-D_GymCRM_V2 not found. Cannot resolve parents.
2026-09-18 15:28:33,217 - ERROR - Repo path /home/frasal/Desktop/emse-analysis/repositories/Again-D_GymCRM_V2 not found. Cannot resolve parents.
2026-09-18 15:28:33,217 - ERROR - Repo path /home/frasal/Desktop/emse-analysis/repositories/elastic_elasticsearch not found. Cannot resolve parents.
2026-09-18 15:28:33,217 - ERROR - Repo path /home/frasal/Desktop/emse-analysis/repositories/Again-D_GymCRM_V2 not found. Cannot resolve parents.
2026-09-18 15:28:33,217 - ERROR - Repo path /home/frasal/Desktop/emse-analysis/repositories/Again-D_GymCRM_V2 not found. Cannot resolve parents.
2026-09-18 15:28:33,217 - ERROR - Repo path /home/frasal/Desktop/emse-analysis/repositories/Again-D_GymCRM_V2 not found. Cannot resolve parents.
2026-09-18 15:28:33,217 - ERROR - Repo path /home/frasal/Desktop/emse-analysis/repositories/elastic_elasticsearch not found. Cannot resolve parents.
2026-09-18 15:28:33,217 - ERROR - Repo path /home/frasal/Desktop/emse-analysis/repositories/OmniTrustILM_core not found. Cannot resolve parents.
2026-09-18 15:28:33,217 - ERROR - Repo path /home/frasal/Desktop/emse-analysis/repositories/higher-kinded-j_higher-kinded-j not found. Cannot resolve parents.
2026-09-18 15:28:33,217 - ERROR - Repo path /home/frasal/Desktop/emse-analysis/repositories/Again-D_GymCRM_V2 not found. Cannot resolve parents.
2026-09-18 15:28:33,217 - ERROR - Repo path /home/frasal/Desktop/emse-analysis/repositories/temporalio_sdk-java not found. Cannot resolve parents.
2026-09-18 15:28:33,217 - ERROR - Repo path /home/frasal/Desktop/emse-analysis/repositories/Again-D_GymCRM_V2 not found. Cannot resolve parents.
2026-09-18 15:28:33,217 - ERROR - Repo path /home/frasal/Desktop/emse-analysis/repositories/scorbo2_crypttext not found. Cannot resolve parents.
2026-09-18 15:28:33,217 - ERROR - Repo path /home/frasal/Desktop/emse-analysis/repositories/elastic_elasticsearch not found. Cannot resolve parents.
2026-09-18 15:28:33,217 - ERROR - Repo path /home/frasal/Desktop/emse-analysis/repositories/elastic_elasticsearch not found. Cannot resolve parents.
2026-09-18 15:28:33,218 - ERROR - Repo path /home/frasal/Desktop/emse-analysis/repositories/camunda_camunda not found. Cannot resolve parents.
2026-09-18 15:28:33,218 - ERROR - Repo path /home/frasal/Desktop/emse-analysis/repositories/SentriusLLC_Sentrius not found. Cannot resolve parents.
2026-09-18 15:28:33,218 - ERROR - Repo path /home/frasal/Desktop/emse-analysis/repositories/Again-D_GymCRM_V2 not found. Cannot resolve parents.
2026-09-18 15:28:33,218 - ERROR - Repo path /home/frasal/Desktop/emse-analysis/repositories/goldmanager_goldmanager not found. Cannot resolve parents.
2026-09-18 15:28:33,218 - ERROR - Repo path /home/frasal/Desktop/emse-analysis/repositories/Again-D_GymCRM_V2 not found. Cannot resolve parents.
2026-09-18 15:28:33,218 - ERROR - Repo path /home/frasal/Desktop/emse-analysis/repositories/AlbertoVilar_caprigestor-backend not found. Cannot resolve parents.
2026-09-18 15:28:33,218 - ERROR - Repo path /home/frasal/Desktop/emse-analysis/repositories/AlbertoVilar_caprigestor-backend not found. Cannot resolve parents.
2026-09-18 15:28:33,218 - ERROR - Repo path /home/frasal/Desktop/emse-analysis/repositories/AlbertoVilar_caprigestor-backend not found. Cannot resolve parents.
2026-09-18 15:28:33,218 - ERROR - Repo path /home/frasal/Desktop/emse-analysis/repositories/AlbertoVilar_caprigestor-backend not found. Cannot resolve parents.
2026-09-18 15:28:33,218 - ERROR - Repo path /home/frasal/Desktop/emse-analysis/repositories/higher-kinded-j_higher-kinded-j not found. Cannot resolve parents.
2026-09-18 15:28:33,218 - ERROR - Repo path /home/frasal/Desktop/emse-analysis/repositories/AlbertoVilar_caprigestor-backend not found. Cannot resolve parents.
2026-09-18 15:28:33,218 - ERROR - Repo path /home/frasal/Desktop/emse-analysis/repositories/AlbertoVilar_caprigestor-backend not found. Cannot resolve parents.
2026-09-18 15:28:33,218 - ERROR - Repo path /home/frasal/Desktop/emse-analysis/repositories/Again-D_GymCRM_V2 not found. Cannot resolve parents.
2026-09-18 15:28:33,218 - ERROR - Repo path /home/frasal/Desktop/emse-analysis/repositories/elastic_elasticsearch not found. Cannot resolve parents.
2026-09-18 15:28:33,218 - ERROR - Repo path /home/frasal/Desktop/emse-analysis/repositories/Again-D_GymCRM_V2 not found. Cannot resolve parents.
2026-09-18 15:28:33,218 - ERROR - Repo path /home/frasal/Desktop/emse-analysis/repositories/Again-D_GymCRM_V2 not found. Cannot resolve parents.
2026-09-18 15:28:33,218 - ERROR - Repo path /home/frasal/Desktop/emse-analysis/repositories/georgecodes_fakeid not found. Cannot resolve parents.
2026-09-18 15:28:33,218 - ERROR - Repo path /home/frasal/Desktop/emse-analysis/repositories/elastic_elasticsearch not found. Cannot resolve parents.
2026-09-18 15:28:33,218 - ERROR - Repo path /home/frasal/Desktop/emse-analysis/repositories/higher-kinded-j_higher-kinded-j not found. Cannot resolve parents.
2026-09-18 15:28:33,218 - ERROR - Repo path /home/frasal/Desktop/emse-analysis/repositories/higher-kinded-j_higher-kinded-j not found. Cannot resolve parents.
2026-09-18 15:28:33,218 - ERROR - Repo path /home/frasal/Desktop/emse-analysis/repositories/elastic_elasticsearch not found. Cannot resolve parents.
2026-09-18 15:28:33,218 - ERROR - Repo path /home/frasal/Desktop/emse-analysis/repositories/georgecodes_fakeid not found. Cannot resolve parents.
2026-09-18 15:28:33,218 - ERROR - Repo path /home/frasal/Desktop/emse-analysis/repositories/elastic_elasticsearch not found. Cannot resolve parents.
2026-09-18 15:28:33,218 - ERROR - Repo path /home/frasal/Desktop/emse-analysis/repositories/scorbo2_ImageViewer not found. Cannot resolve parents.
2026-09-18 15:28:33,218 - ERROR - Repo path /home/frasal/Desktop/emse-analysis/repositories/vaadin_eclipse-plugin not found. Cannot resolve parents.
2026-09-18 15:28:33,218 - ERROR - Repo path /home/frasal/Desktop/emse-analysis/repositories/vaadin_eclipse-plugin not found. Cannot resolve parents.
2026-09-18 15:28:33,218 - ERROR - Repo path /home/frasal/Desktop/emse-analysis/repositories/vaadin_eclipse-plugin not found. Cannot resolve parents.
2026-09-18 15:28:33,218 - ERROR - Repo path /home/frasal/Desktop/emse-analysis/repositories/AlbertoVilar_caprigestor-backend not found. Cannot resolve parents.
2026-09-18 15:28:33,218 - ERROR - Repo path /home/frasal/Desktop/emse-analysis/repositories/AlbertoVilar_caprigestor-backend not found. Cannot resolve parents.
2026-09-18 15:28:33,218 - ERROR - Repo path /home/frasal/Desktop/emse-analysis/repositories/AlbertoVilar_caprigestor-backend not found. Cannot resolve parents.
2026-09-18 15:28:33,218 - ERROR - Repo path /home/frasal/Desktop/emse-analysis/repositories/AlbertoVilar_caprigestor-backend not found. Cannot resolve parents.
2026-09-18 15:28:33,219 - ERROR - Repo path /home/frasal/Desktop/emse-analysis/repositories/AlbertoVilar_caprigestor-backend not found. Cannot resolve parents.
2026-09-18 15:28:33,219 - ERROR - Repo path /home/frasal/Desktop/emse-analysis/repositories/temporalio_sdk-java not found. Cannot resolve parents.
2026-09-18 15:28:33,219 - ERROR - Repo path /home/frasal/Desktop/emse-analysis/repositories/AlbertoVilar_caprigestor-backend not found. Cannot resolve parents.
2026-09-18 15:28:33,219 - ERROR - Repo path /home/frasal/Desktop/emse-analysis/repositories/elastic_elasticsearch not found. Cannot resolve parents.
2026-09-18 15:28:33,219 - ERROR - Repo path /home/frasal/Desktop/emse-analysis/repositories/temporalio_sdk-java not found. Cannot resolve parents.
2026-09-18 15:28:33,219 - ERROR - Repo path /home/frasal/Desktop/emse-analysis/repositories/opendataloader-project_opendataloader-pdf not found. Cannot resolve parents.
2026-09-18 15:28:33,219 - ERROR - Repo path /home/frasal/Desktop/emse-analysis/repositories/higher-kinded-j_higher-kinded-j not found. Cannot resolve parents.
2026-09-18 15:28:33,219 - ERROR - Repo path /home/frasal/Desktop/emse-analysis/repositories/higher-kinded-j_higher-kinded-j not found. Cannot resolve parents.
2026-09-18 15:28:33,219 - ERROR - Repo path /home/frasal/Desktop/emse-analysis/repositories/opendataloader-project_opendataloader-pdf not found. Cannot resolve parents.
2026-09-18 15:28:33,219 - ERROR - Repo path /home/frasal/Desktop/emse-analysis/repositories/opendataloader-project_opendataloader-pdf not found. Cannot resolve parents.
2026-09-18 15:28:33,219 - ERROR - Repo path /home/frasal/Desktop/emse-analysis/repositories/opendataloader-project_opendataloader-pdf not found. Cannot resolve parents.
2026-09-18 15:28:33,219 - ERROR - Repo path /home/frasal/Desktop/emse-analysis/repositories/opendataloader-project_opendataloader-pdf not found. Cannot resolve parents.
2026-09-18 15:28:33,219 - ERROR - Repo path /home/frasal/Desktop/emse-analysis/repositories/opendataloader-project_opendataloader-pdf not found. Cannot resolve parents.
2026-09-18 15:28:33,219 - ERROR - Repo path /home/frasal/Desktop/emse-analysis/repositories/elastic_elasticsearch not found. Cannot resolve parents.
2026-09-18 15:28:33,219 - ERROR - Repo path /home/frasal/Desktop/emse-analysis/repositories/opendataloader-project_opendataloader-pdf not found. Cannot resolve parents.
2026-09-18 15:28:33,219 - ERROR - Repo path /home/frasal/Desktop/emse-analysis/repositories/opendataloader-project_opendataloader-pdf not found. Cannot resolve parents.
2026-09-18 15:28:33,219 - ERROR - Repo path /home/frasal/Desktop/emse-analysis/repositories/opendataloader-project_opendataloader-pdf not found. Cannot resolve parents.
2026-09-18 15:28:33,219 - ERROR - Repo path /home/frasal/Desktop/emse-analysis/repositories/AlbertoVilar_caprigestor-backend not found. Cannot resolve parents.
2026-09-18 15:28:33,219 - ERROR - Repo path /home/frasal/Desktop/emse-analysis/repositories/AlbertoVilar_caprigestor-backend not found. Cannot resolve parents.
2026-09-18 15:28:33,219 - ERROR - Repo path /home/frasal/Desktop/emse-analysis/repositories/elastic_elasticsearch not found. Cannot resolve parents.
2026-09-18 15:28:33,219 - ERROR - Repo path /home/frasal/Desktop/emse-analysis/repositories/elastic_elasticsearch not found. Cannot resolve parents.
2026-09-18 15:28:33,219 - ERROR - Repo path /home/frasal/Desktop/emse-analysis/repositories/AlbertoVilar_caprigestor-backend not found. Cannot resolve parents.
2026-09-18 15:28:33,219 - ERROR - Repo path /home/frasal/Desktop/emse-analysis/repositories/elastic_elasticsearch not found. Cannot resolve parents.
2026-09-18 15:28:33,219 - ERROR - Repo path /home/frasal/Desktop/emse-analysis/repositories/temporalio_sdk-java not found. Cannot resolve parents.
2026-09-18 15:28:33,219 - ERROR - Repo path /home/frasal/Desktop/emse-analysis/repositories/louisburroughs_durion-positivity-backend not found. Cannot resolve parents.
2026-09-18 15:28:33,219 - ERROR - Repo path /home/frasal/Desktop/emse-analysis/repositories/elastic_elasticsearch not found. Cannot resolve parents.
2026-09-18 15:28:33,219 - ERROR - Repo path /home/frasal/Desktop/emse-analysis/repositories/louisburroughs_durion-positivity-backend not found. Cannot resolve parents.
2026-09-18 15:28:33,219 - ERROR - Repo path /home/frasal/Desktop/emse-analysis/repositories/elastic_elasticsearch not found. Cannot resolve parents.
2026-09-18 15:28:33,219 - ERROR - Repo path /home/frasal/Desktop/emse-analysis/repositories/elastic_elasticsearch not found. Cannot resolve parents.
2026-09-18 15:28:33,219 - ERROR - Repo path /home/frasal/Desktop/emse-analysis/repositories/opendataloader-project_opendataloader-pdf not found. Cannot resolve parents.
2026-09-18 15:28:33,219 - ERROR - Repo path /home/frasal/Desktop/emse-analysis/repositories/opendataloader-project_opendataloader-pdf not found. Cannot resolve parents.
2026-09-18 15:28:33,220 - ERROR - Repo path /home/frasal/Desktop/emse-analysis/repositories/opendataloader-project_opendataloader-pdf not found. Cannot resolve parents.
2026-09-18 15:28:33,220 - ERROR - Repo path /home/frasal/Desktop/emse-analysis/repositories/temporalio_sdk-java not found. Cannot resolve parents.
2026-09-18 15:28:33,220 - ERROR - Repo path /home/frasal/Desktop/emse-analysis/repositories/apache_solr not found. Cannot resolve parents.
2026-09-18 15:28:33,220 - ERROR - Repo path /home/frasal/Desktop/emse-analysis/repositories/opendataloader-project_opendataloader-pdf not found. Cannot resolve parents.
2026-09-18 15:28:33,220 - ERROR - Repo path /home/frasal/Desktop/emse-analysis/repositories/Big-Dao_evcs-mgr not found. Cannot resolve parents.
2026-09-18 15:28:33,220 - ERROR - Repo path /home/frasal/Desktop/emse-analysis/repositories/elastic_elasticsearch not found. Cannot resolve parents.
2026-09-18 15:28:33,220 - ERROR - Repo path /home/frasal/Desktop/emse-analysis/repositories/elastic_elasticsearch not found. Cannot resolve parents.
2026-09-18 15:28:33,220 - ERROR - Repo path /home/frasal/Desktop/emse-analysis/repositories/Big-Dao_evcs-mgr not found. Cannot resolve parents.
2026-09-18 15:28:33,220 - ERROR - Repo path /home/frasal/Desktop/emse-analysis/repositories/Big-Dao_evcs-mgr not found. Cannot resolve parents.
2026-09-18 15:28:33,220 - ERROR - Repo path /home/frasal/Desktop/emse-analysis/repositories/Big-Dao_evcs-mgr not found. Cannot resolve parents.
2026-09-18 15:28:33,220 - ERROR - Repo path /home/frasal/Desktop/emse-analysis/repositories/Big-Dao_evcs-mgr not found. Cannot resolve parents.
2026-09-18 15:28:33,220 - ERROR - Repo path /home/frasal/Desktop/emse-analysis/repositories/ujax-v2_ujax-server not found. Cannot resolve parents.
2026-09-18 15:28:33,220 - ERROR - Repo path /home/frasal/Desktop/emse-analysis/repositories/elastic_elasticsearch not found. Cannot resolve parents.
2026-09-18 15:28:33,220 - ERROR - Repo path /home/frasal/Desktop/emse-analysis/repositories/louisburroughs_durion-positivity-backend not found. Cannot resolve parents.
2026-09-18 15:28:33,220 - ERROR - Repo path /home/frasal/Desktop/emse-analysis/repositories/louisburroughs_durion-positivity-backend not found. Cannot resolve parents.
2026-09-18 15:28:33,220 - ERROR - Repo path /home/frasal/Desktop/emse-analysis/repositories/ujax-v2_ujax-server not found. Cannot resolve parents.
2026-09-18 15:28:33,220 - ERROR - Repo path /home/frasal/Desktop/emse-analysis/repositories/louisburroughs_durion-positivity-backend not found. Cannot resolve parents.
2026-09-18 15:28:33,220 - ERROR - Repo path /home/frasal/Desktop/emse-analysis/repositories/louisburroughs_durion-positivity-backend not found. Cannot resolve parents.
2026-09-18 15:28:33,220 - ERROR - Repo path /home/frasal/Desktop/emse-analysis/repositories/louisburroughs_durion-positivity-backend not found. Cannot resolve parents.
2026-09-18 15:28:33,220 - ERROR - Repo path /home/frasal/Desktop/emse-analysis/repositories/kzi-nastava_mrs-team21-drumigo not found. Cannot resolve parents.
2026-09-18 15:28:33,220 - ERROR - Repo path /home/frasal/Desktop/emse-analysis/repositories/wenshao_fastjson3 not found. Cannot resolve parents.
2026-09-18 15:28:33,220 - ERROR - Repo path /home/frasal/Desktop/emse-analysis/repositories/louisburroughs_durion-positivity-backend not found. Cannot resolve parents.
2026-09-18 15:28:33,220 - ERROR - Repo path /home/frasal/Desktop/emse-analysis/repositories/louisburroughs_durion-positivity-backend not found. Cannot resolve parents.
2026-09-18 15:28:33,220 - ERROR - Repo path /home/frasal/Desktop/emse-analysis/repositories/louisburroughs_durion-positivity-backend not found. Cannot resolve parents.
2026-09-18 15:28:33,220 - ERROR - Repo path /home/frasal/Desktop/emse-analysis/repositories/elastic_elasticsearch not found. Cannot resolve parents.
2026-09-18 15:28:33,220 - ERROR - Repo path /home/frasal/Desktop/emse-analysis/repositories/elastic_elasticsearch not found. Cannot resolve parents.
2026-09-18 15:28:33,220 - ERROR - Repo path /home/frasal/Desktop/emse-analysis/repositories/higher-kinded-j_higher-kinded-j not found. Cannot resolve parents.
2026-09-18 15:28:33,220 - ERROR - Repo path /home/frasal/Desktop/emse-analysis/repositories/higher-kinded-j_higher-kinded-j not found. Cannot resolve parents.
2026-09-18 15:28:33,220 - ERROR - Repo path /home/frasal/Desktop/emse-analysis/repositories/wultra_powerauth-server not found. Cannot resolve parents.
2026-09-18 15:28:33,220 - ERROR - Repo path /home/frasal/Desktop/emse-analysis/repositories/ADMINGUOYU_COMP3111-HKUST-PROJ not found. Cannot resolve parents.
2026-09-18 15:28:33,220 - ERROR - Repo path /home/frasal/Desktop/emse-analysis/repositories/ADMINGUOYU_COMP3111-HKUST-PROJ not found. Cannot resolve parents.
2026-09-18 15:28:33,221 - ERROR - Repo path /home/frasal/Desktop/emse-analysis/repositories/elastic_elasticsearch not found. Cannot resolve parents.
2026-09-18 15:28:33,221 - ERROR - Repo path /home/frasal/Desktop/emse-analysis/repositories/kzi-nastava_mrs-team21-drumigo not found. Cannot resolve parents.
2026-09-18 15:28:33,221 - ERROR - Repo path /home/frasal/Desktop/emse-analysis/repositories/louisburroughs_durion-positivity-backend not found. Cannot resolve parents.
2026-09-18 15:28:33,221 - ERROR - Repo path /home/frasal/Desktop/emse-analysis/repositories/louisburroughs_durion-positivity-backend not found. Cannot resolve parents.
2026-09-18 15:28:33,221 - ERROR - Repo path /home/frasal/Desktop/emse-analysis/repositories/elastic_elasticsearch not found. Cannot resolve parents.
2026-09-18 15:28:33,221 - ERROR - Repo path /home/frasal/Desktop/emse-analysis/repositories/elastic_elasticsearch not found. Cannot resolve parents.
2026-09-18 15:28:33,221 - ERROR - Repo path /home/frasal/Desktop/emse-analysis/repositories/equinor_neqsim not found. Cannot resolve parents.
2026-09-18 15:28:33,221 - ERROR - Repo path /home/frasal/Desktop/emse-analysis/repositories/elastic_elasticsearch not found. Cannot resolve parents.
2026-09-18 15:28:33,221 - ERROR - Repo path /home/frasal/Desktop/emse-analysis/repositories/elastic_elasticsearch not found. Cannot resolve parents.
2026-09-18 15:28:33,221 - ERROR - Repo path /home/frasal/Desktop/emse-analysis/repositories/agentscope-ai_agentscope-java not found. Cannot resolve parents.
2026-09-18 15:28:33,221 - ERROR - Repo path /home/frasal/Desktop/emse-analysis/repositories/agentscope-ai_agentscope-java not found. Cannot resolve parents.
2026-09-18 15:28:33,221 - ERROR - Repo path /home/frasal/Desktop/emse-analysis/repositories/agentscope-ai_agentscope-java not found. Cannot resolve parents.
2026-09-18 15:28:33,221 - ERROR - Repo path /home/frasal/Desktop/emse-analysis/repositories/apache_shardingsphere not found. Cannot resolve parents.
2026-09-18 15:28:33,221 - ERROR - Repo path /home/frasal/Desktop/emse-analysis/repositories/agentscope-ai_agentscope-java not found. Cannot resolve parents.
2026-09-18 15:28:33,221 - ERROR - Repo path /home/frasal/Desktop/emse-analysis/repositories/louisburroughs_durion-positivity-backend not found. Cannot resolve parents.
2026-09-18 15:28:33,221 - ERROR - Repo path /home/frasal/Desktop/emse-analysis/repositories/camunda_camunda not found. Cannot resolve parents.
2026-09-18 15:28:33,221 - ERROR - Repo path /home/frasal/Desktop/emse-analysis/repositories/lembergmax_JustMath not found. Cannot resolve parents.
2026-09-18 15:28:33,221 - ERROR - Repo path /home/frasal/Desktop/emse-analysis/repositories/louisburroughs_durion-positivity-backend not found. Cannot resolve parents.
2026-09-18 15:28:33,221 - ERROR - Repo path /home/frasal/Desktop/emse-analysis/repositories/louisburroughs_durion-positivity-backend not found. Cannot resolve parents.
2026-09-18 15:28:33,221 - ERROR - Repo path /home/frasal/Desktop/emse-analysis/repositories/lembergmax_JustMath not found. Cannot resolve parents.
2026-09-18 15:28:33,221 - ERROR - Repo path /home/frasal/Desktop/emse-analysis/repositories/lembergmax_JustMath not found. Cannot resolve parents.
2026-09-18 15:28:33,221 - ERROR - Repo path /home/frasal/Desktop/emse-analysis/repositories/elastic_elasticsearch not found. Cannot resolve parents.
2026-09-18 15:28:33,221 - ERROR - Repo path /home/frasal/Desktop/emse-analysis/repositories/elastic_elasticsearch not found. Cannot resolve parents.
2026-09-18 15:28:33,221 - ERROR - Repo path /home/frasal/Desktop/emse-analysis/repositories/lembergmax_JustMath not found. Cannot resolve parents.
2026-09-18 15:28:33,221 - ERROR - Repo path /home/frasal/Desktop/emse-analysis/repositories/agentscope-ai_agentscope-java not found. Cannot resolve parents.
2026-09-18 15:28:33,221 - ERROR - Repo path /home/frasal/Desktop/emse-analysis/repositories/temporalio_sdk-java not found. Cannot resolve parents.
2026-09-18 15:28:33,221 - ERROR - Repo path /home/frasal/Desktop/emse-analysis/repositories/agentscope-ai_agentscope-java not found. Cannot resolve parents.
2026-09-18 15:28:33,221 - ERROR - Repo path /home/frasal/Desktop/emse-analysis/repositories/agentscope-ai_agentscope-java not found. Cannot resolve parents.
2026-09-18 15:28:33,221 - ERROR - Repo path /home/frasal/Desktop/emse-analysis/repositories/lembergmax_JustMath not found. Cannot resolve parents.
2026-09-18 15:28:33,221 - ERROR - Repo path /home/frasal/Desktop/emse-analysis/repositories/lembergmax_JustMath not found. Cannot resolve parents.
2026-09-18 15:28:33,221 - ERROR - Repo path /home/frasal/Desktop/emse-analysis/repositories/elastic_elasticsearch not found. Cannot resolve parents.
2026-09-18 15:28:33,222 - ERROR - Repo path /home/frasal/Desktop/emse-analysis/repositories/lembergmax_JustMath not found. Cannot resolve parents.
2026-09-18 15:28:33,222 - ERROR - Repo path /home/frasal/Desktop/emse-analysis/repositories/void-squad_autonova-backend not found. Cannot resolve parents.
2026-09-18 15:28:33,222 - ERROR - Repo path /home/frasal/Desktop/emse-analysis/repositories/void-squad_autonova-backend not found. Cannot resolve parents.
2026-09-18 15:28:33,222 - ERROR - Repo path /home/frasal/Desktop/emse-analysis/repositories/void-squad_autonova-backend not found. Cannot resolve parents.
2026-09-18 15:28:33,222 - ERROR - Repo path /home/frasal/Desktop/emse-analysis/repositories/void-squad_autonova-backend not found. Cannot resolve parents.
2026-09-18 15:28:33,222 - ERROR - Repo path /home/frasal/Desktop/emse-analysis/repositories/elastic_elasticsearch not found. Cannot resolve parents.
2026-09-18 15:28:33,222 - ERROR - Repo path /home/frasal/Desktop/emse-analysis/repositories/void-squad_autonova-backend not found. Cannot resolve parents.
2026-09-18 15:28:33,222 - ERROR - Repo path /home/frasal/Desktop/emse-analysis/repositories/agentscope-ai_agentscope-java not found. Cannot resolve parents.
2026-09-18 15:28:33,222 - ERROR - Repo path /home/frasal/Desktop/emse-analysis/repositories/agentscope-ai_agentscope-java not found. Cannot resolve parents.
2026-09-18 15:28:33,222 - ERROR - Repo path /home/frasal/Desktop/emse-analysis/repositories/agentscope-ai_agentscope-java not found. Cannot resolve parents.
2026-09-18 15:28:33,222 - ERROR - Repo path /home/frasal/Desktop/emse-analysis/repositories/elastic_elasticsearch not found. Cannot resolve parents.
2026-09-18 15:28:33,222 - ERROR - Repo path /home/frasal/Desktop/emse-analysis/repositories/agentscope-ai_agentscope-java not found. Cannot resolve parents.
2026-09-18 15:28:33,222 - ERROR - Repo path /home/frasal/Desktop/emse-analysis/repositories/agentscope-ai_agentscope-java not found. Cannot resolve parents.
2026-09-18 15:28:33,222 - ERROR - Repo path /home/frasal/Desktop/emse-analysis/repositories/agentscope-ai_agentscope-java not found. Cannot resolve parents.
2026-09-18 15:28:33,222 - ERROR - Repo path /home/frasal/Desktop/emse-analysis/repositories/agentscope-ai_agentscope-java not found. Cannot resolve parents.
2026-09-18 15:28:33,222 - ERROR - Repo path /home/frasal/Desktop/emse-analysis/repositories/elastic_elasticsearch not found. Cannot resolve parents.
2026-09-18 15:28:33,222 - ERROR - Repo path /home/frasal/Desktop/emse-analysis/repositories/agentscope-ai_agentscope-java not found. Cannot resolve parents.
2026-09-18 15:28:33,222 - ERROR - Repo path /home/frasal/Desktop/emse-analysis/repositories/agentscope-ai_agentscope-java not found. Cannot resolve parents.
2026-09-18 15:28:33,222 - ERROR - Repo path /home/frasal/Desktop/emse-analysis/repositories/agentscope-ai_agentscope-java not found. Cannot resolve parents.
2026-09-18 15:28:33,222 - ERROR - Repo path /home/frasal/Desktop/emse-analysis/repositories/agentscope-ai_agentscope-java not found. Cannot resolve parents.
2026-09-18 15:28:33,222 - ERROR - Repo path /home/frasal/Desktop/emse-analysis/repositories/agentscope-ai_agentscope-java not found. Cannot resolve parents.
2026-09-18 15:28:33,222 - ERROR - Repo path /home/frasal/Desktop/emse-analysis/repositories/higher-kinded-j_higher-kinded-j not found. Cannot resolve parents.
2026-09-18 15:28:33,222 - ERROR - Repo path /home/frasal/Desktop/emse-analysis/repositories/higher-kinded-j_higher-kinded-j not found. Cannot resolve parents.
2026-09-18 15:28:33,222 - ERROR - Repo path /home/frasal/Desktop/emse-analysis/repositories/elastic_elasticsearch not found. Cannot resolve parents.
2026-09-18 15:28:33,222 - ERROR - Repo path /home/frasal/Desktop/emse-analysis/repositories/elastic_elasticsearch not found. Cannot resolve parents.
2026-09-18 15:28:33,222 - ERROR - Repo path /home/frasal/Desktop/emse-analysis/repositories/higher-kinded-j_higher-kinded-j not found. Cannot resolve parents.
2026-09-18 15:28:33,222 - ERROR - Repo path /home/frasal/Desktop/emse-analysis/repositories/elastic_elasticsearch not found. Cannot resolve parents.
2026-09-18 15:28:33,222 - ERROR - Repo path /home/frasal/Desktop/emse-analysis/repositories/elastic_elasticsearch not found. Cannot resolve parents.
2026-09-18 15:28:33,222 - ERROR - Repo path /home/frasal/Desktop/emse-analysis/repositories/higher-kinded-j_higher-kinded-j not found. Cannot resolve parents.
2026-09-18 15:28:33,222 - ERROR - Repo path /home/frasal/Desktop/emse-analysis/repositories/higher-kinded-j_higher-kinded-j not found. Cannot resolve parents.
2026-09-18 15:28:33,222 - ERROR - Repo path /home/frasal/Desktop/emse-analysis/repositories/higher-kinded-j_higher-kinded-j not found. Cannot resolve parents.
2026-09-18 15:28:33,223 - ERROR - Repo path /home/frasal/Desktop/emse-analysis/repositories/higher-kinded-j_higher-kinded-j not found. Cannot resolve parents.
2026-09-18 15:28:33,223 - ERROR - Repo path /home/frasal/Desktop/emse-analysis/repositories/equinor_neqsim not found. Cannot resolve parents.
2026-09-18 15:28:33,223 - ERROR - Repo path /home/frasal/Desktop/emse-analysis/repositories/mahmoudashraf_AI-Fabric-Framework not found. Cannot resolve parents.
2026-09-18 15:28:33,223 - ERROR - Repo path /home/frasal/Desktop/emse-analysis/repositories/louisburroughs_durion-positivity-backend not found. Cannot resolve parents.
2026-09-18 15:28:33,223 - ERROR - Repo path /home/frasal/Desktop/emse-analysis/repositories/fblan_fairnsquare not found. Cannot resolve parents.
2026-09-18 15:28:33,223 - ERROR - Repo path /home/frasal/Desktop/emse-analysis/repositories/Alipsa_JParq not found. Cannot resolve parents.
2026-09-18 15:28:33,223 - ERROR - Repo path /home/frasal/Desktop/emse-analysis/repositories/louisburroughs_durion-positivity-backend not found. Cannot resolve parents.
2026-09-18 15:28:33,223 - ERROR - Repo path /home/frasal/Desktop/emse-analysis/repositories/elharo_docfix not found. Cannot resolve parents.
2026-09-18 15:28:33,223 - ERROR - Repo path /home/frasal/Desktop/emse-analysis/repositories/elharo_docfix not found. Cannot resolve parents.
2026-09-18 15:28:33,223 - ERROR - Repo path /home/frasal/Desktop/emse-analysis/repositories/elharo_docfix not found. Cannot resolve parents.
2026-09-18 15:28:33,223 - ERROR - Repo path /home/frasal/Desktop/emse-analysis/repositories/elharo_docfix not found. Cannot resolve parents.
2026-09-18 15:28:33,223 - ERROR - Repo path /home/frasal/Desktop/emse-analysis/repositories/elharo_docfix not found. Cannot resolve parents.
2026-09-18 15:28:33,223 - ERROR - Repo path /home/frasal/Desktop/emse-analysis/repositories/louisburroughs_durion-positivity-backend not found. Cannot resolve parents.
2026-09-18 15:28:33,223 - ERROR - Repo path /home/frasal/Desktop/emse-analysis/repositories/elharo_docfix not found. Cannot resolve parents.
2026-09-18 15:28:33,223 - ERROR - Repo path /home/frasal/Desktop/emse-analysis/repositories/elharo_docfix not found. Cannot resolve parents.
2026-09-18 15:28:33,223 - ERROR - Repo path /home/frasal/Desktop/emse-analysis/repositories/elharo_docfix not found. Cannot resolve parents.
2026-09-18 15:28:33,223 - ERROR - Repo path /home/frasal/Desktop/emse-analysis/repositories/elharo_docfix not found. Cannot resolve parents.
2026-09-18 15:28:33,223 - ERROR - Repo path /home/frasal/Desktop/emse-analysis/repositories/elharo_docfix not found. Cannot resolve parents.
2026-09-18 15:28:33,223 - ERROR - Repo path /home/frasal/Desktop/emse-analysis/repositories/elharo_docfix not found. Cannot resolve parents.
2026-09-18 15:28:33,223 - ERROR - Repo path /home/frasal/Desktop/emse-analysis/repositories/elastic_elasticsearch not found. Cannot resolve parents.
2026-09-18 15:28:33,223 - ERROR - Repo path /home/frasal/Desktop/emse-analysis/repositories/elastic_elasticsearch not found. Cannot resolve parents.
2026-09-18 15:28:33,223 - ERROR - Repo path /home/frasal/Desktop/emse-analysis/repositories/elastic_elasticsearch not found. Cannot resolve parents.
2026-09-18 15:28:33,223 - ERROR - Repo path /home/frasal/Desktop/emse-analysis/repositories/higher-kinded-j_higher-kinded-j not found. Cannot resolve parents.
2026-09-18 15:28:33,223 - ERROR - Repo path /home/frasal/Desktop/emse-analysis/repositories/agentscope-ai_agentscope-java not found. Cannot resolve parents.
2026-09-18 15:28:33,223 - ERROR - Repo path /home/frasal/Desktop/emse-analysis/repositories/elharo_docfix not found. Cannot resolve parents.
2026-09-18 15:28:33,223 - ERROR - Repo path /home/frasal/Desktop/emse-analysis/repositories/elharo_docfix not found. Cannot resolve parents.
2026-09-18 15:28:33,223 - ERROR - Repo path /home/frasal/Desktop/emse-analysis/repositories/agentscope-ai_agentscope-java not found. Cannot resolve parents.
2026-09-18 15:28:33,223 - ERROR - Repo path /home/frasal/Desktop/emse-analysis/repositories/anvsult_envision-ad not found. Cannot resolve parents.
2026-09-18 15:28:33,223 - ERROR - Repo path /home/frasal/Desktop/emse-analysis/repositories/anvsult_envision-ad not found. Cannot resolve parents.
2026-09-18 15:28:33,223 - ERROR - Repo path /home/frasal/Desktop/emse-analysis/repositories/anvsult_envision-ad not found. Cannot resolve parents.
2026-09-18 15:28:33,224 - ERROR - Repo path /home/frasal/Desktop/emse-analysis/repositories/PraweenAyeshmantha_pos-backend not found. Cannot resolve parents.
2026-09-18 15:28:33,224 - ERROR - Repo path /home/frasal/Desktop/emse-analysis/repositories/anvsult_envision-ad not found. Cannot resolve parents.
2026-09-18 15:28:33,224 - ERROR - Repo path /home/frasal/Desktop/emse-analysis/repositories/PraweenAyeshmantha_pos-backend not found. Cannot resolve parents.
2026-09-18 15:28:33,224 - ERROR - Repo path /home/frasal/Desktop/emse-analysis/repositories/PraweenAyeshmantha_pos-backend not found. Cannot resolve parents.
2026-09-18 15:28:33,224 - ERROR - Repo path /home/frasal/Desktop/emse-analysis/repositories/PraweenAyeshmantha_pos-backend not found. Cannot resolve parents.
2026-09-18 15:28:33,224 - ERROR - Repo path /home/frasal/Desktop/emse-analysis/repositories/PraweenAyeshmantha_pos-backend not found. Cannot resolve parents.
2026-09-18 15:28:33,224 - ERROR - Repo path /home/frasal/Desktop/emse-analysis/repositories/PraweenAyeshmantha_pos-backend not found. Cannot resolve parents.
2026-09-18 15:28:33,224 - ERROR - Repo path /home/frasal/Desktop/emse-analysis/repositories/PraweenAyeshmantha_pos-backend not found. Cannot resolve parents.
2026-09-18 15:28:33,224 - ERROR - Repo path /home/frasal/Desktop/emse-analysis/repositories/PraweenAyeshmantha_pos-backend not found. Cannot resolve parents.
2026-09-18 15:28:33,224 - ERROR - Repo path /home/frasal/Desktop/emse-analysis/repositories/PraweenAyeshmantha_pos-backend not found. Cannot resolve parents.
2026-09-18 15:28:33,224 - ERROR - Repo path /home/frasal/Desktop/emse-analysis/repositories/PraweenAyeshmantha_pos-backend not found. Cannot resolve parents.
2026-09-18 15:28:33,224 - ERROR - Repo path /home/frasal/Desktop/emse-analysis/repositories/PraweenAyeshmantha_pos-backend not found. Cannot resolve parents.
2026-09-18 15:28:33,224 - ERROR - Repo path /home/frasal/Desktop/emse-analysis/repositories/anvsult_envision-ad not found. Cannot resolve parents.
2026-09-18 15:28:33,224 - ERROR - Repo path /home/frasal/Desktop/emse-analysis/repositories/anvsult_envision-ad not found. Cannot resolve parents.
2026-09-18 15:28:33,224 - ERROR - Repo path /home/frasal/Desktop/emse-analysis/repositories/nagisa77_OpenIsle not found. Cannot resolve parents.
2026-09-18 15:28:33,224 - ERROR - Repo path /home/frasal/Desktop/emse-analysis/repositories/anvsult_envision-ad not found. Cannot resolve parents.
2026-09-18 15:28:33,224 - ERROR - Repo path /home/frasal/Desktop/emse-analysis/repositories/nagisa77_OpenIsle not found. Cannot resolve parents.
2026-09-18 15:28:33,224 - ERROR - Repo path /home/frasal/Desktop/emse-analysis/repositories/nagisa77_OpenIsle not found. Cannot resolve parents.
2026-09-18 15:28:33,224 - ERROR - Repo path /home/frasal/Desktop/emse-analysis/repositories/nagisa77_OpenIsle not found. Cannot resolve parents.
2026-09-18 15:28:33,224 - ERROR - Repo path /home/frasal/Desktop/emse-analysis/repositories/nagisa77_OpenIsle not found. Cannot resolve parents.
2026-09-18 15:28:33,224 - ERROR - Repo path /home/frasal/Desktop/emse-analysis/repositories/nagisa77_OpenIsle not found. Cannot resolve parents.
2026-09-18 15:28:33,224 - ERROR - Repo path /home/frasal/Desktop/emse-analysis/repositories/nagisa77_OpenIsle not found. Cannot resolve parents.
2026-09-18 15:28:33,224 - ERROR - Repo path /home/frasal/Desktop/emse-analysis/repositories/nagisa77_OpenIsle not found. Cannot resolve parents.
2026-09-18 15:28:33,224 - ERROR - Repo path /home/frasal/Desktop/emse-analysis/repositories/apache_pulsar not found. Cannot resolve parents.
2026-09-18 15:28:33,224 - ERROR - Repo path /home/frasal/Desktop/emse-analysis/repositories/nagisa77_OpenIsle not found. Cannot resolve parents.
2026-09-18 15:28:33,224 - ERROR - Repo path /home/frasal/Desktop/emse-analysis/repositories/nagisa77_OpenIsle not found. Cannot resolve parents.
2026-09-18 15:28:33,224 - ERROR - Repo path /home/frasal/Desktop/emse-analysis/repositories/elastic_elasticsearch not found. Cannot resolve parents.
2026-09-18 15:28:33,224 - ERROR - Repo path /home/frasal/Desktop/emse-analysis/repositories/NazirSavysko_bank-rest-api-app not found. Cannot resolve parents.
2026-09-18 15:28:33,224 - ERROR - Repo path /home/frasal/Desktop/emse-analysis/repositories/elastic_elasticsearch not found. Cannot resolve parents.
2026-09-18 15:28:33,224 - ERROR - Repo path /home/frasal/Desktop/emse-analysis/repositories/elastic_elasticsearch not found. Cannot resolve parents.
2026-09-18 15:28:33,224 - ERROR - Repo path /home/frasal/Desktop/emse-analysis/repositories/agentscope-ai_agentscope-java not found. Cannot resolve parents.
2026-09-18 15:28:33,225 - ERROR - Repo path /home/frasal/Desktop/emse-analysis/repositories/agentscope-ai_agentscope-java not found. Cannot resolve parents.
2026-09-18 15:28:33,225 - ERROR - Repo path /home/frasal/Desktop/emse-analysis/repositories/nagisa77_OpenIsle not found. Cannot resolve parents.
2026-09-18 15:28:33,225 - ERROR - Repo path /home/frasal/Desktop/emse-analysis/repositories/nagisa77_OpenIsle not found. Cannot resolve parents.
2026-09-18 15:28:33,225 - ERROR - Repo path /home/frasal/Desktop/emse-analysis/repositories/elastic_elasticsearch not found. Cannot resolve parents.
2026-09-18 15:28:33,225 - ERROR - Repo path /home/frasal/Desktop/emse-analysis/repositories/elastic_elasticsearch not found. Cannot resolve parents.
2026-09-18 15:28:33,225 - ERROR - Repo path /home/frasal/Desktop/emse-analysis/repositories/elastic_elasticsearch not found. Cannot resolve parents.
2026-09-18 15:28:33,225 - ERROR - Repo path /home/frasal/Desktop/emse-analysis/repositories/nagisa77_OpenIsle not found. Cannot resolve parents.
2026-09-18 15:28:33,225 - ERROR - Repo path /home/frasal/Desktop/emse-analysis/repositories/elastic_elasticsearch not found. Cannot resolve parents.
2026-09-18 15:28:33,225 - ERROR - Repo path /home/frasal/Desktop/emse-analysis/repositories/nagisa77_OpenIsle not found. Cannot resolve parents.
2026-09-18 15:28:33,225 - ERROR - Repo path /home/frasal/Desktop/emse-analysis/repositories/elastic_elasticsearch not found. Cannot resolve parents.
2026-09-18 15:28:33,225 - ERROR - Repo path /home/frasal/Desktop/emse-analysis/repositories/agentscope-ai_agentscope-java not found. Cannot resolve parents.
2026-09-18 15:28:33,225 - ERROR - Repo path /home/frasal/Desktop/emse-analysis/repositories/agentscope-ai_agentscope-java not found. Cannot resolve parents.
2026-09-18 15:28:33,225 - ERROR - Repo path /home/frasal/Desktop/emse-analysis/repositories/wultra_powerauth-server not found. Cannot resolve parents.
2026-09-18 15:28:33,225 - ERROR - Repo path /home/frasal/Desktop/emse-analysis/repositories/agentscope-ai_agentscope-java not found. Cannot resolve parents.
2026-09-18 15:28:33,225 - ERROR - Repo path /home/frasal/Desktop/emse-analysis/repositories/agentscope-ai_agentscope-java not found. Cannot resolve parents.
2026-09-18 15:28:33,225 - ERROR - Repo path /home/frasal/Desktop/emse-analysis/repositories/elastic_elasticsearch not found. Cannot resolve parents.
2026-09-18 15:28:33,225 - ERROR - Repo path /home/frasal/Desktop/emse-analysis/repositories/nagisa77_OpenIsle not found. Cannot resolve parents.
2026-09-18 15:28:33,225 - ERROR - Repo path /home/frasal/Desktop/emse-analysis/repositories/agentscope-ai_agentscope-java not found. Cannot resolve parents.
2026-09-18 15:28:33,225 - ERROR - Repo path /home/frasal/Desktop/emse-analysis/repositories/agentscope-ai_agentscope-java not found. Cannot resolve parents.
2026-09-18 15:28:33,225 - ERROR - Repo path /home/frasal/Desktop/emse-analysis/repositories/elastic_elasticsearch not found. Cannot resolve parents.
2026-09-18 15:28:33,225 - ERROR - Repo path /home/frasal/Desktop/emse-analysis/repositories/agentscope-ai_agentscope-java not found. Cannot resolve parents.
2026-09-18 15:28:33,225 - ERROR - Repo path /home/frasal/Desktop/emse-analysis/repositories/agentscope-ai_agentscope-java not found. Cannot resolve parents.
2026-09-18 15:28:33,225 - ERROR - Repo path /home/frasal/Desktop/emse-analysis/repositories/agentscope-ai_agentscope-java not found. Cannot resolve parents.
2026-09-18 15:28:33,225 - ERROR - Repo path /home/frasal/Desktop/emse-analysis/repositories/agentscope-ai_agentscope-java not found. Cannot resolve parents.
2026-09-18 15:28:33,225 - ERROR - Repo path /home/frasal/Desktop/emse-analysis/repositories/elastic_elasticsearch not found. Cannot resolve parents.
2026-09-18 15:28:33,225 - ERROR - Repo path /home/frasal/Desktop/emse-analysis/repositories/agentscope-ai_agentscope-java not found. Cannot resolve parents.
2026-09-18 15:28:33,225 - ERROR - Repo path /home/frasal/Desktop/emse-analysis/repositories/elastic_elasticsearch not found. Cannot resolve parents.
2026-09-18 15:28:33,225 - ERROR - Repo path /home/frasal/Desktop/emse-analysis/repositories/elastic_elasticsearch not found. Cannot resolve parents.
2026-09-18 15:28:33,225 - ERROR - Repo path /home/frasal/Desktop/emse-analysis/repositories/nagisa77_OpenIsle not found. Cannot resolve parents.
2026-09-18 15:28:33,225 - ERROR - Repo path /home/frasal/Desktop/emse-analysis/repositories/elastic_elasticsearch not found. Cannot resolve parents.
2026-09-18 15:28:33,225 - ERROR - Repo path /home/frasal/Desktop/emse-analysis/repositories/elastic_elasticsearch not found. Cannot resolve parents.
2026-09-18 15:28:33,226 - ERROR - Repo path /home/frasal/Desktop/emse-analysis/repositories/elastic_elasticsearch not found. Cannot resolve parents.
2026-09-18 15:28:33,226 - ERROR - Repo path /home/frasal/Desktop/emse-analysis/repositories/elastic_elasticsearch not found. Cannot resolve parents.
2026-09-18 15:28:33,226 - ERROR - Repo path /home/frasal/Desktop/emse-analysis/repositories/chanyong1027_LuminaOps not found. Cannot resolve parents.
2026-09-18 15:28:33,226 - ERROR - Repo path /home/frasal/Desktop/emse-analysis/repositories/nagisa77_OpenIsle not found. Cannot resolve parents.
2026-09-18 15:28:33,226 - ERROR - Repo path /home/frasal/Desktop/emse-analysis/repositories/nagisa77_OpenIsle not found. Cannot resolve parents.
2026-09-18 15:28:33,226 - ERROR - Repo path /home/frasal/Desktop/emse-analysis/repositories/nagisa77_OpenIsle not found. Cannot resolve parents.
2026-09-18 15:28:33,226 - ERROR - Repo path /home/frasal/Desktop/emse-analysis/repositories/nagisa77_OpenIsle not found. Cannot resolve parents.
2026-09-18 15:28:33,226 - ERROR - Repo path /home/frasal/Desktop/emse-analysis/repositories/nagisa77_OpenIsle not found. Cannot resolve parents.
2026-09-18 15:28:33,226 - ERROR - Repo path /home/frasal/Desktop/emse-analysis/repositories/elastic_elasticsearch not found. Cannot resolve parents.
2026-09-18 15:28:33,226 - ERROR - Repo path /home/frasal/Desktop/emse-analysis/repositories/KirjaSwappi_kirjaswappi-backend not found. Cannot resolve parents.
2026-09-18 15:28:33,226 - ERROR - Repo path /home/frasal/Desktop/emse-analysis/repositories/nagisa77_OpenIsle not found. Cannot resolve parents.
2026-09-18 15:28:33,226 - ERROR - Repo path /home/frasal/Desktop/emse-analysis/repositories/elastic_elasticsearch not found. Cannot resolve parents.
2026-09-18 15:28:33,226 - ERROR - Repo path /home/frasal/Desktop/emse-analysis/repositories/nagisa77_OpenIsle not found. Cannot resolve parents.
2026-09-18 15:28:33,226 - ERROR - Repo path /home/frasal/Desktop/emse-analysis/repositories/nagisa77_OpenIsle not found. Cannot resolve parents.
2026-09-18 15:28:33,226 - ERROR - Repo path /home/frasal/Desktop/emse-analysis/repositories/elastic_elasticsearch not found. Cannot resolve parents.
2026-09-18 15:28:33,226 - ERROR - Repo path /home/frasal/Desktop/emse-analysis/repositories/elastic_elasticsearch not found. Cannot resolve parents.
2026-09-18 15:28:33,226 - ERROR - Repo path /home/frasal/Desktop/emse-analysis/repositories/agentscope-ai_agentscope-java not found. Cannot resolve parents.
2026-09-18 15:28:33,226 - ERROR - Repo path /home/frasal/Desktop/emse-analysis/repositories/equinor_neqsim not found. Cannot resolve parents.
2026-09-18 15:28:33,226 - ERROR - Repo path /home/frasal/Desktop/emse-analysis/repositories/agentscope-ai_agentscope-java not found. Cannot resolve parents.
2026-09-18 15:28:33,226 - ERROR - Repo path /home/frasal/Desktop/emse-analysis/repositories/agentscope-ai_agentscope-java not found. Cannot resolve parents.
2026-09-18 15:28:33,226 - ERROR - Repo path /home/frasal/Desktop/emse-analysis/repositories/agentscope-ai_agentscope-java not found. Cannot resolve parents.
2026-09-18 15:28:33,226 - ERROR - Repo path /home/frasal/Desktop/emse-analysis/repositories/elastic_elasticsearch not found. Cannot resolve parents.
2026-09-18 15:28:33,226 - ERROR - Repo path /home/frasal/Desktop/emse-analysis/repositories/elastic_elasticsearch not found. Cannot resolve parents.
2026-09-18 15:28:33,226 - ERROR - Repo path /home/frasal/Desktop/emse-analysis/repositories/agentscope-ai_agentscope-java not found. Cannot resolve parents.
2026-09-18 15:28:33,226 - ERROR - Repo path /home/frasal/Desktop/emse-analysis/repositories/scorbo2_snotes not found. Cannot resolve parents.
2026-09-18 15:28:33,226 - ERROR - Repo path /home/frasal/Desktop/emse-analysis/repositories/scorbo2_snotes not found. Cannot resolve parents.
2026-09-18 15:28:33,226 - ERROR - Repo path /home/frasal/Desktop/emse-analysis/repositories/agentscope-ai_agentscope-java not found. Cannot resolve parents.
2026-09-18 15:28:33,226 - ERROR - Repo path /home/frasal/Desktop/emse-analysis/repositories/agentscope-ai_agentscope-java not found. Cannot resolve parents.
2026-09-18 15:28:33,226 - ERROR - Repo path /home/frasal/Desktop/emse-analysis/repositories/agentscope-ai_agentscope-java not found. Cannot resolve parents.
2026-09-18 15:28:33,226 - ERROR - Repo path /home/frasal/Desktop/emse-analysis/repositories/Open-J-Proxy_ojp not found. Cannot resolve parents.
2026-09-18 15:28:33,226 - ERROR - Repo path /home/frasal/Desktop/emse-analysis/repositories/agentscope-ai_agentscope-java not found. Cannot resolve parents.
2026-09-18 15:28:33,227 - ERROR - Repo path /home/frasal/Desktop/emse-analysis/repositories/agentscope-ai_agentscope-java not found. Cannot resolve parents.
2026-09-18 15:28:33,227 - ERROR - Repo path /home/frasal/Desktop/emse-analysis/repositories/agentscope-ai_agentscope-java not found. Cannot resolve parents.
2026-09-18 15:28:33,227 - ERROR - Repo path /home/frasal/Desktop/emse-analysis/repositories/agentscope-ai_agentscope-java not found. Cannot resolve parents.
2026-09-18 15:28:33,227 - ERROR - Repo path /home/frasal/Desktop/emse-analysis/repositories/elastic_elasticsearch not found. Cannot resolve parents.
2026-09-18 15:28:33,227 - ERROR - Repo path /home/frasal/Desktop/emse-analysis/repositories/agentscope-ai_agentscope-java not found. Cannot resolve parents.
2026-09-18 15:28:33,227 - ERROR - Repo path /home/frasal/Desktop/emse-analysis/repositories/agentscope-ai_agentscope-java not found. Cannot resolve parents.
2026-09-18 15:28:33,227 - ERROR - Repo path /home/frasal/Desktop/emse-analysis/repositories/elastic_elasticsearch not found. Cannot resolve parents.
2026-09-18 15:28:33,227 - ERROR - Repo path /home/frasal/Desktop/emse-analysis/repositories/agentscope-ai_agentscope-java not found. Cannot resolve parents.
2026-09-18 15:28:33,227 - ERROR - Repo path /home/frasal/Desktop/emse-analysis/repositories/Open-J-Proxy_ojp not found. Cannot resolve parents.
2026-09-18 15:28:33,227 - ERROR - Repo path /home/frasal/Desktop/emse-analysis/repositories/Open-J-Proxy_ojp not found. Cannot resolve parents.
2026-09-18 15:28:33,227 - ERROR - Repo path /home/frasal/Desktop/emse-analysis/repositories/Open-J-Proxy_ojp not found. Cannot resolve parents.
2026-09-18 15:28:33,227 - ERROR - Repo path /home/frasal/Desktop/emse-analysis/repositories/Open-J-Proxy_ojp not found. Cannot resolve parents.
2026-09-18 15:28:33,227 - ERROR - Repo path /home/frasal/Desktop/emse-analysis/repositories/agentscope-ai_agentscope-java not found. Cannot resolve parents.
2026-09-18 15:28:33,227 - ERROR - Repo path /home/frasal/Desktop/emse-analysis/repositories/agentscope-ai_agentscope-java not found. Cannot resolve parents.
2026-09-18 15:28:33,227 - ERROR - Repo path /home/frasal/Desktop/emse-analysis/repositories/agentscope-ai_agentscope-java not found. Cannot resolve parents.
2026-09-18 15:28:33,227 - ERROR - Repo path /home/frasal/Desktop/emse-analysis/repositories/agentscope-ai_agentscope-java not found. Cannot resolve parents.
2026-09-18 15:28:33,227 - ERROR - Repo path /home/frasal/Desktop/emse-analysis/repositories/agentscope-ai_agentscope-java not found. Cannot resolve parents.
2026-09-18 15:28:33,227 - ERROR - Repo path /home/frasal/Desktop/emse-analysis/repositories/elastic_elasticsearch not found. Cannot resolve parents.
2026-09-18 15:28:33,227 - ERROR - Repo path /home/frasal/Desktop/emse-analysis/repositories/agentscope-ai_agentscope-java not found. Cannot resolve parents.
2026-09-18 15:28:33,227 - ERROR - Repo path /home/frasal/Desktop/emse-analysis/repositories/agentscope-ai_agentscope-java not found. Cannot resolve parents.
2026-09-18 15:28:33,227 - ERROR - Repo path /home/frasal/Desktop/emse-analysis/repositories/agentscope-ai_agentscope-java not found. Cannot resolve parents.
2026-09-18 15:28:33,227 - ERROR - Repo path /home/frasal/Desktop/emse-analysis/repositories/Open-J-Proxy_ojp not found. Cannot resolve parents.
2026-09-18 15:28:33,227 - ERROR - Repo path /home/frasal/Desktop/emse-analysis/repositories/Open-J-Proxy_ojp not found. Cannot resolve parents.
2026-09-18 15:28:33,227 - ERROR - Repo path /home/frasal/Desktop/emse-analysis/repositories/Open-J-Proxy_ojp not found. Cannot resolve parents.
2026-09-18 15:28:33,227 - ERROR - Repo path /home/frasal/Desktop/emse-analysis/repositories/RankWeis_uppercut not found. Cannot resolve parents.
2026-09-18 15:28:33,227 - ERROR - Repo path /home/frasal/Desktop/emse-analysis/repositories/RankWeis_uppercut not found. Cannot resolve parents.
2026-09-18 15:28:33,227 - ERROR - Repo path /home/frasal/Desktop/emse-analysis/repositories/Open-J-Proxy_ojp not found. Cannot resolve parents.
2026-09-18 15:28:33,227 - ERROR - Repo path /home/frasal/Desktop/emse-analysis/repositories/Open-J-Proxy_ojp not found. Cannot resolve parents.
2026-09-18 15:28:33,227 - ERROR - Repo path /home/frasal/Desktop/emse-analysis/repositories/Open-J-Proxy_ojp not found. Cannot resolve parents.
2026-09-18 15:28:33,227 - ERROR - Repo path /home/frasal/Desktop/emse-analysis/repositories/paulofor_marketing-hub not found. Cannot resolve parents.
2026-09-18 15:28:33,227 - ERROR - Repo path /home/frasal/Desktop/emse-analysis/repositories/paulofor_marketing-hub not found. Cannot resolve parents.
2026-09-18 15:28:33,227 - ERROR - Repo path /home/frasal/Desktop/emse-analysis/repositories/paulofor_marketing-hub not found. Cannot resolve parents.
2026-09-18 15:28:33,228 - ERROR - Repo path /home/frasal/Desktop/emse-analysis/repositories/paulofor_marketing-hub not found. Cannot resolve parents.
2026-09-18 15:28:33,228 - ERROR - Repo path /home/frasal/Desktop/emse-analysis/repositories/elastic_elasticsearch not found. Cannot resolve parents.
2026-09-18 15:28:33,228 - ERROR - Repo path /home/frasal/Desktop/emse-analysis/repositories/elastic_elasticsearch not found. Cannot resolve parents.
2026-09-18 15:28:33,228 - ERROR - Repo path /home/frasal/Desktop/emse-analysis/repositories/paulofor_marketing-hub not found. Cannot resolve parents.
2026-09-18 15:28:33,228 - ERROR - Repo path /home/frasal/Desktop/emse-analysis/repositories/elastic_elasticsearch not found. Cannot resolve parents.
2026-09-18 15:28:33,228 - ERROR - Repo path /home/frasal/Desktop/emse-analysis/repositories/Open-J-Proxy_ojp not found. Cannot resolve parents.
2026-09-18 15:28:33,228 - ERROR - Repo path /home/frasal/Desktop/emse-analysis/repositories/paulofor_marketing-hub not found. Cannot resolve parents.
2026-09-18 15:28:33,228 - ERROR - Repo path /home/frasal/Desktop/emse-analysis/repositories/paulofor_marketing-hub not found. Cannot resolve parents.
2026-09-18 15:28:33,228 - ERROR - Repo path /home/frasal/Desktop/emse-analysis/repositories/Open-J-Proxy_ojp not found. Cannot resolve parents.
2026-09-18 15:28:33,228 - ERROR - Repo path /home/frasal/Desktop/emse-analysis/repositories/Open-J-Proxy_ojp not found. Cannot resolve parents.
2026-09-18 15:28:33,228 - ERROR - Repo path /home/frasal/Desktop/emse-analysis/repositories/micronaut-projects_micronaut-maven-plugin not found. Cannot resolve parents.
2026-09-18 15:28:33,228 - ERROR - Repo path /home/frasal/Desktop/emse-analysis/repositories/Open-J-Proxy_ojp not found. Cannot resolve parents.
2026-09-18 15:28:33,228 - ERROR - Repo path /home/frasal/Desktop/emse-analysis/repositories/Open-J-Proxy_ojp not found. Cannot resolve parents.
2026-09-18 15:28:33,228 - ERROR - Repo path /home/frasal/Desktop/emse-analysis/repositories/elastic_elasticsearch not found. Cannot resolve parents.
2026-09-18 15:28:33,228 - ERROR - Repo path /home/frasal/Desktop/emse-analysis/repositories/Open-J-Proxy_ojp not found. Cannot resolve parents.
2026-09-18 15:28:33,228 - ERROR - Repo path /home/frasal/Desktop/emse-analysis/repositories/Open-J-Proxy_ojp not found. Cannot resolve parents.
2026-09-18 15:28:33,228 - ERROR - Repo path /home/frasal/Desktop/emse-analysis/repositories/donghyuck_studio-api not found. Cannot resolve parents.
2026-09-18 15:28:33,228 - ERROR - Repo path /home/frasal/Desktop/emse-analysis/repositories/donghyuck_studio-api not found. Cannot resolve parents.
2026-09-18 15:28:33,228 - ERROR - Repo path /home/frasal/Desktop/emse-analysis/repositories/paulofor_marketing-hub not found. Cannot resolve parents.
2026-09-18 15:28:33,228 - ERROR - Repo path /home/frasal/Desktop/emse-analysis/repositories/paulofor_marketing-hub not found. Cannot resolve parents.
2026-09-18 15:28:33,228 - ERROR - Repo path /home/frasal/Desktop/emse-analysis/repositories/paulofor_marketing-hub not found. Cannot resolve parents.
2026-09-18 15:28:33,228 - ERROR - Repo path /home/frasal/Desktop/emse-analysis/repositories/elastic_elasticsearch not found. Cannot resolve parents.
2026-09-18 15:28:33,228 - ERROR - Repo path /home/frasal/Desktop/emse-analysis/repositories/elastic_elasticsearch not found. Cannot resolve parents.
2026-09-18 15:28:33,228 - ERROR - Repo path /home/frasal/Desktop/emse-analysis/repositories/paulofor_marketing-hub not found. Cannot resolve parents.
2026-09-18 15:28:33,228 - ERROR - Repo path /home/frasal/Desktop/emse-analysis/repositories/paulofor_marketing-hub not found. Cannot resolve parents.
2026-09-18 15:28:33,228 - ERROR - Repo path /home/frasal/Desktop/emse-analysis/repositories/paulofor_marketing-hub not found. Cannot resolve parents.
2026-09-18 15:28:33,228 - ERROR - Repo path /home/frasal/Desktop/emse-analysis/repositories/elastic_elasticsearch not found. Cannot resolve parents.
2026-09-18 15:28:33,228 - ERROR - Repo path /home/frasal/Desktop/emse-analysis/repositories/elastic_elasticsearch not found. Cannot resolve parents.
2026-09-18 15:28:33,228 - ERROR - Repo path /home/frasal/Desktop/emse-analysis/repositories/Open-J-Proxy_ojp not found. Cannot resolve parents.
2026-09-18 15:28:33,228 - ERROR - Repo path /home/frasal/Desktop/emse-analysis/repositories/Open-J-Proxy_ojp not found. Cannot resolve parents.
2026-09-18 15:28:33,228 - ERROR - Repo path /home/frasal/Desktop/emse-analysis/repositories/Open-J-Proxy_ojp not found. Cannot resolve parents.
2026-09-18 15:28:33,229 - ERROR - Repo path /home/frasal/Desktop/emse-analysis/repositories/Open-J-Proxy_ojp not found. Cannot resolve parents.
2026-09-18 15:28:33,229 - ERROR - Repo path /home/frasal/Desktop/emse-analysis/repositories/elastic_elasticsearch not found. Cannot resolve parents.
2026-09-18 15:28:33,229 - ERROR - Repo path /home/frasal/Desktop/emse-analysis/repositories/Open-J-Proxy_ojp not found. Cannot resolve parents.
2026-09-18 15:28:33,229 - ERROR - Repo path /home/frasal/Desktop/emse-analysis/repositories/apache_doris not found. Cannot resolve parents.
2026-09-18 15:28:33,229 - ERROR - Repo path /home/frasal/Desktop/emse-analysis/repositories/elastic_elasticsearch not found. Cannot resolve parents.
2026-09-18 15:28:33,229 - ERROR - Repo path /home/frasal/Desktop/emse-analysis/repositories/Open-J-Proxy_ojp not found. Cannot resolve parents.
2026-09-18 15:28:33,229 - ERROR - Repo path /home/frasal/Desktop/emse-analysis/repositories/Open-J-Proxy_ojp not found. Cannot resolve parents.
2026-09-18 15:28:33,229 - ERROR - Repo path /home/frasal/Desktop/emse-analysis/repositories/Open-J-Proxy_ojp not found. Cannot resolve parents.
2026-09-18 15:28:33,229 - ERROR - Repo path /home/frasal/Desktop/emse-analysis/repositories/Open-J-Proxy_ojp not found. Cannot resolve parents.
2026-09-18 15:28:33,229 - ERROR - Repo path /home/frasal/Desktop/emse-analysis/repositories/JeraldLoh_csc1109-OOP-group18 not found. Cannot resolve parents.
2026-09-18 15:28:33,229 - ERROR - Repo path /home/frasal/Desktop/emse-analysis/repositories/paulofor_marketing-hub not found. Cannot resolve parents.
2026-09-18 15:28:33,229 - ERROR - Repo path /home/frasal/Desktop/emse-analysis/repositories/donghyuck_studio-api not found. Cannot resolve parents.
2026-09-18 15:28:33,229 - ERROR - Repo path /home/frasal/Desktop/emse-analysis/repositories/elastic_elasticsearch not found. Cannot resolve parents.
2026-09-18 15:28:33,229 - ERROR - Repo path /home/frasal/Desktop/emse-analysis/repositories/donghyuck_studio-api not found. Cannot resolve parents.
2026-09-18 15:28:33,229 - ERROR - Repo path /home/frasal/Desktop/emse-analysis/repositories/elastic_elasticsearch not found. Cannot resolve parents.
2026-09-18 15:28:33,229 - ERROR - Repo path /home/frasal/Desktop/emse-analysis/repositories/elastic_elasticsearch not found. Cannot resolve parents.
2026-09-18 15:28:33,229 - ERROR - Repo path /home/frasal/Desktop/emse-analysis/repositories/elastic_elasticsearch not found. Cannot resolve parents.
2026-09-18 15:28:33,229 - ERROR - Repo path /home/frasal/Desktop/emse-analysis/repositories/elastic_elasticsearch not found. Cannot resolve parents.
2026-09-18 15:28:33,229 - ERROR - Repo path /home/frasal/Desktop/emse-analysis/repositories/donghyuck_studio-api not found. Cannot resolve parents.
2026-09-18 15:28:33,229 - ERROR - Repo path /home/frasal/Desktop/emse-analysis/repositories/donghyuck_studio-api not found. Cannot resolve parents.
2026-09-18 15:28:33,229 - ERROR - Repo path /home/frasal/Desktop/emse-analysis/repositories/elastic_elasticsearch not found. Cannot resolve parents.
2026-09-18 15:28:33,229 - ERROR - Repo path /home/frasal/Desktop/emse-analysis/repositories/elastic_elasticsearch not found. Cannot resolve parents.
2026-09-18 15:28:33,229 - ERROR - Repo path /home/frasal/Desktop/emse-analysis/repositories/elastic_elasticsearch not found. Cannot resolve parents.
2026-09-18 15:28:33,229 - ERROR - Repo path /home/frasal/Desktop/emse-analysis/repositories/donghyuck_studio-api not found. Cannot resolve parents.
2026-09-18 15:28:33,229 - ERROR - Repo path /home/frasal/Desktop/emse-analysis/repositories/donghyuck_studio-api not found. Cannot resolve parents.
2026-09-18 15:28:33,229 - ERROR - Repo path /home/frasal/Desktop/emse-analysis/repositories/elastic_elasticsearch not found. Cannot resolve parents.
2026-09-18 15:28:33,229 - ERROR - Repo path /home/frasal/Desktop/emse-analysis/repositories/elastic_elasticsearch not found. Cannot resolve parents.
2026-09-18 15:28:33,229 - ERROR - Repo path /home/frasal/Desktop/emse-analysis/repositories/paulofor_marketing-hub not found. Cannot resolve parents.
2026-09-18 15:28:33,229 - ERROR - Repo path /home/frasal/Desktop/emse-analysis/repositories/paulofor_marketing-hub not found. Cannot resolve parents.
2026-09-18 15:28:33,229 - ERROR - Repo path /home/frasal/Desktop/emse-analysis/repositories/elastic_elasticsearch not found. Cannot resolve parents.
2026-09-18 15:28:33,229 - ERROR - Repo path /home/frasal/Desktop/emse-analysis/repositories/paulofor_marketing-hub not found. Cannot resolve parents.
2026-09-18 15:28:33,229 - ERROR - Repo path /home/frasal/Desktop/emse-analysis/repositories/paulofor_marketing-hub not found. Cannot resolve parents.
2026-09-18 15:28:33,230 - ERROR - Repo path /home/frasal/Desktop/emse-analysis/repositories/paulofor_marketing-hub not found. Cannot resolve parents.
2026-09-18 15:28:33,230 - ERROR - Repo path /home/frasal/Desktop/emse-analysis/repositories/paulofor_marketing-hub not found. Cannot resolve parents.
2026-09-18 15:28:33,230 - ERROR - Repo path /home/frasal/Desktop/emse-analysis/repositories/paulofor_marketing-hub not found. Cannot resolve parents.
2026-09-18 15:28:33,230 - ERROR - Repo path /home/frasal/Desktop/emse-analysis/repositories/paulofor_marketing-hub not found. Cannot resolve parents.
2026-09-18 15:28:33,230 - ERROR - Repo path /home/frasal/Desktop/emse-analysis/repositories/paulofor_marketing-hub not found. Cannot resolve parents.
2026-09-18 15:28:33,230 - ERROR - Repo path /home/frasal/Desktop/emse-analysis/repositories/elastic_elasticsearch not found. Cannot resolve parents.
2026-09-18 15:28:33,230 - ERROR - Repo path /home/frasal/Desktop/emse-analysis/repositories/paulofor_marketing-hub not found. Cannot resolve parents.
2026-09-18 15:28:33,230 - ERROR - Repo path /home/frasal/Desktop/emse-analysis/repositories/paulofor_marketing-hub not found. Cannot resolve parents.
2026-09-18 15:28:33,230 - ERROR - Repo path /home/frasal/Desktop/emse-analysis/repositories/elastic_elasticsearch not found. Cannot resolve parents.
2026-09-18 15:28:33,230 - ERROR - Repo path /home/frasal/Desktop/emse-analysis/repositories/paulofor_marketing-hub not found. Cannot resolve parents.
2026-09-18 15:28:33,230 - ERROR - Repo path /home/frasal/Desktop/emse-analysis/repositories/paulofor_marketing-hub not found. Cannot resolve parents.
2026-09-18 15:28:33,230 - ERROR - Repo path /home/frasal/Desktop/emse-analysis/repositories/elastic_elasticsearch not found. Cannot resolve parents.
2026-09-18 15:28:33,230 - ERROR - Repo path /home/frasal/Desktop/emse-analysis/repositories/donghyuck_studio-api not found. Cannot resolve parents.
2026-09-18 15:28:33,230 - ERROR - Repo path /home/frasal/Desktop/emse-analysis/repositories/MTES-MCT_dossierfacile-backend not found. Cannot resolve parents.
2026-09-18 15:28:33,230 - ERROR - Repo path /home/frasal/Desktop/emse-analysis/repositories/donghyuck_studio-api not found. Cannot resolve parents.
2026-09-18 15:28:33,230 - ERROR - Repo path /home/frasal/Desktop/emse-analysis/repositories/elastic_elasticsearch not found. Cannot resolve parents.
2026-09-18 15:28:33,230 - ERROR - Repo path /home/frasal/Desktop/emse-analysis/repositories/elastic_elasticsearch not found. Cannot resolve parents.
2026-09-18 15:28:33,230 - ERROR - Repo path /home/frasal/Desktop/emse-analysis/repositories/camunda_camunda not found. Cannot resolve parents.
2026-09-18 15:28:33,230 - ERROR - Repo path /home/frasal/Desktop/emse-analysis/repositories/paulofor_marketing-hub not found. Cannot resolve parents.
2026-09-18 15:28:33,230 - ERROR - Repo path /home/frasal/Desktop/emse-analysis/repositories/paulofor_marketing-hub not found. Cannot resolve parents.
2026-09-18 15:28:33,230 - ERROR - Repo path /home/frasal/Desktop/emse-analysis/repositories/paulofor_marketing-hub not found. Cannot resolve parents.
2026-09-18 15:28:33,230 - ERROR - Repo path /home/frasal/Desktop/emse-analysis/repositories/paulofor_marketing-hub not found. Cannot resolve parents.
2026-09-18 15:28:33,230 - ERROR - Repo path /home/frasal/Desktop/emse-analysis/repositories/paulofor_marketing-hub not found. Cannot resolve parents.
2026-09-18 15:28:33,230 - ERROR - Repo path /home/frasal/Desktop/emse-analysis/repositories/elastic_elasticsearch not found. Cannot resolve parents.
2026-09-18 15:28:33,230 - ERROR - Repo path /home/frasal/Desktop/emse-analysis/repositories/paulofor_marketing-hub not found. Cannot resolve parents.
2026-09-18 15:28:33,230 - ERROR - Repo path /home/frasal/Desktop/emse-analysis/repositories/elastic_elasticsearch not found. Cannot resolve parents.
2026-09-18 15:28:33,230 - ERROR - Repo path /home/frasal/Desktop/emse-analysis/repositories/Synergy-kakaotrack_moa-be not found. Cannot resolve parents.
2026-09-18 15:28:33,230 - ERROR - Repo path /home/frasal/Desktop/emse-analysis/repositories/donghyuck_studio-api not found. Cannot resolve parents.
2026-09-18 15:28:33,230 - ERROR - Repo path /home/frasal/Desktop/emse-analysis/repositories/fblan_fairnsquare not found. Cannot resolve parents.
2026-09-18 15:28:33,230 - ERROR - Repo path /home/frasal/Desktop/emse-analysis/repositories/donghyuck_studio-api not found. Cannot resolve parents.
2026-09-18 15:28:33,230 - ERROR - Repo path /home/frasal/Desktop/emse-analysis/repositories/donghyuck_studio-api not found. Cannot resolve parents.
2026-09-18 15:28:33,230 - ERROR - Repo path /home/frasal/Desktop/emse-analysis/repositories/donghyuck_studio-api not found. Cannot resolve parents.
2026-09-18 15:28:33,231 - ERROR - Repo path /home/frasal/Desktop/emse-analysis/repositories/donghyuck_studio-api not found. Cannot resolve parents.
2026-09-18 15:28:33,231 - ERROR - Repo path /home/frasal/Desktop/emse-analysis/repositories/Nexters_yogieat-server not found. Cannot resolve parents.
2026-09-18 15:28:33,231 - ERROR - Repo path /home/frasal/Desktop/emse-analysis/repositories/Nexters_yogieat-server not found. Cannot resolve parents.
2026-09-18 15:28:33,231 - ERROR - Repo path /home/frasal/Desktop/emse-analysis/repositories/paulofor_marketing-hub not found. Cannot resolve parents.
2026-09-18 15:28:33,231 - ERROR - Repo path /home/frasal/Desktop/emse-analysis/repositories/paulofor_marketing-hub not found. Cannot resolve parents.
2026-09-18 15:28:33,231 - ERROR - Repo path /home/frasal/Desktop/emse-analysis/repositories/paulofor_marketing-hub not found. Cannot resolve parents.
2026-09-18 15:28:33,231 - ERROR - Repo path /home/frasal/Desktop/emse-analysis/repositories/donghyuck_studio-api not found. Cannot resolve parents.
2026-09-18 15:28:33,231 - ERROR - Repo path /home/frasal/Desktop/emse-analysis/repositories/donghyuck_studio-api not found. Cannot resolve parents.
2026-09-18 15:28:33,231 - ERROR - Repo path /home/frasal/Desktop/emse-analysis/repositories/donghyuck_studio-api not found. Cannot resolve parents.
2026-09-18 15:28:33,231 - ERROR - Repo path /home/frasal/Desktop/emse-analysis/repositories/MTES-MCT_dossierfacile-backend not found. Cannot resolve parents.
2026-09-18 15:28:33,231 - ERROR - Repo path /home/frasal/Desktop/emse-analysis/repositories/donghyuck_studio-api not found. Cannot resolve parents.
2026-09-18 15:28:33,231 - ERROR - Repo path /home/frasal/Desktop/emse-analysis/repositories/donghyuck_studio-api not found. Cannot resolve parents.
2026-09-18 15:28:33,231 - ERROR - Repo path /home/frasal/Desktop/emse-analysis/repositories/elastic_elasticsearch not found. Cannot resolve parents.
2026-09-18 15:28:33,231 - ERROR - Repo path /home/frasal/Desktop/emse-analysis/repositories/paulofor_marketing-hub not found. Cannot resolve parents.
2026-09-18 15:28:33,231 - ERROR - Repo path /home/frasal/Desktop/emse-analysis/repositories/paulofor_marketing-hub not found. Cannot resolve parents.
2026-09-18 15:28:33,231 - ERROR - Repo path /home/frasal/Desktop/emse-analysis/repositories/elastic_elasticsearch not found. Cannot resolve parents.
2026-09-18 15:28:33,231 - ERROR - Repo path /home/frasal/Desktop/emse-analysis/repositories/paulofor_marketing-hub not found. Cannot resolve parents.
2026-09-18 15:28:33,231 - ERROR - Repo path /home/frasal/Desktop/emse-analysis/repositories/paulofor_marketing-hub not found. Cannot resolve parents.
2026-09-18 15:28:33,231 - ERROR - Repo path /home/frasal/Desktop/emse-analysis/repositories/paulofor_marketing-hub not found. Cannot resolve parents.
2026-09-18 15:28:33,231 - ERROR - Repo path /home/frasal/Desktop/emse-analysis/repositories/paulofor_marketing-hub not found. Cannot resolve parents.
2026-09-18 15:28:33,231 - ERROR - Repo path /home/frasal/Desktop/emse-analysis/repositories/elastic_elasticsearch not found. Cannot resolve parents.
2026-09-18 15:28:33,231 - ERROR - Repo path /home/frasal/Desktop/emse-analysis/repositories/donghyuck_studio-api not found. Cannot resolve parents.
2026-09-18 15:28:33,231 - ERROR - Repo path /home/frasal/Desktop/emse-analysis/repositories/paulofor_marketing-hub not found. Cannot resolve parents.
2026-09-18 15:28:33,231 - ERROR - Repo path /home/frasal/Desktop/emse-analysis/repositories/paulofor_marketing-hub not found. Cannot resolve parents.
2026-09-18 15:28:33,231 - ERROR - Repo path /home/frasal/Desktop/emse-analysis/repositories/MTES-MCT_dossierfacile-backend not found. Cannot resolve parents.
2026-09-18 15:28:33,231 - ERROR - Repo path /home/frasal/Desktop/emse-analysis/repositories/fblan_fairnsquare not found. Cannot resolve parents.
2026-09-18 15:28:33,231 - ERROR - Repo path /home/frasal/Desktop/emse-analysis/repositories/elastic_elasticsearch not found. Cannot resolve parents.
2026-09-18 15:28:33,231 - ERROR - Repo path /home/frasal/Desktop/emse-analysis/repositories/paulofor_marketing-hub not found. Cannot resolve parents.
2026-09-18 15:28:33,231 - ERROR - Repo path /home/frasal/Desktop/emse-analysis/repositories/fblan_fairnsquare not found. Cannot resolve parents.
2026-09-18 15:28:33,231 - ERROR - Repo path /home/frasal/Desktop/emse-analysis/repositories/BeliaevDmitry_Tarification not found. Cannot resolve parents.
2026-09-18 15:28:33,231 - ERROR - Repo path /home/frasal/Desktop/emse-analysis/repositories/MTES-MCT_dossierfacile-backend not found. Cannot resolve parents.
2026-09-18 15:28:33,232 - ERROR - Repo path /home/frasal/Desktop/emse-analysis/repositories/elastic_elasticsearch not found. Cannot resolve parents.
2026-09-18 15:28:33,232 - ERROR - Repo path /home/frasal/Desktop/emse-analysis/repositories/elastic_elasticsearch not found. Cannot resolve parents.
2026-09-18 15:28:33,232 - ERROR - Repo path /home/frasal/Desktop/emse-analysis/repositories/BeliaevDmitry_Tarification not found. Cannot resolve parents.
2026-09-18 15:28:33,232 - ERROR - Repo path /home/frasal/Desktop/emse-analysis/repositories/elastic_elasticsearch not found. Cannot resolve parents.
2026-09-18 15:28:33,232 - ERROR - Repo path /home/frasal/Desktop/emse-analysis/repositories/kr1pt0n05_Besy-backend not found. Cannot resolve parents.
2026-09-18 15:28:33,232 - ERROR - Repo path /home/frasal/Desktop/emse-analysis/repositories/elastic_elasticsearch not found. Cannot resolve parents.
2026-09-18 15:28:33,232 - ERROR - Repo path /home/frasal/Desktop/emse-analysis/repositories/ls1intum_Artemis not found. Cannot resolve parents.
2026-09-18 15:28:33,232 - ERROR - Repo path /home/frasal/Desktop/emse-analysis/repositories/paulofor_marketing-hub not found. Cannot resolve parents.
2026-09-18 15:28:33,232 - ERROR - Repo path /home/frasal/Desktop/emse-analysis/repositories/elastic_elasticsearch not found. Cannot resolve parents.
2026-09-18 15:28:33,232 - ERROR - Repo path /home/frasal/Desktop/emse-analysis/repositories/elastic_elasticsearch not found. Cannot resolve parents.
2026-09-18 15:28:33,232 - ERROR - Repo path /home/frasal/Desktop/emse-analysis/repositories/MegaMek_megamek not found. Cannot resolve parents.
2026-09-18 15:28:33,232 - ERROR - Repo path /home/frasal/Desktop/emse-analysis/repositories/paulofor_marketing-hub not found. Cannot resolve parents.
2026-09-18 15:28:33,232 - ERROR - Repo path /home/frasal/Desktop/emse-analysis/repositories/BeliaevDmitry_Tarification not found. Cannot resolve parents.
2026-09-18 15:28:33,232 - ERROR - Repo path /home/frasal/Desktop/emse-analysis/repositories/elastic_elasticsearch not found. Cannot resolve parents.
2026-09-18 15:28:33,232 - ERROR - Repo path /home/frasal/Desktop/emse-analysis/repositories/BeliaevDmitry_Tarification not found. Cannot resolve parents.
2026-09-18 15:28:33,232 - ERROR - Repo path /home/frasal/Desktop/emse-analysis/repositories/StarRocks_starrocks not found. Cannot resolve parents.
2026-09-18 15:28:33,232 - ERROR - Repo path /home/frasal/Desktop/emse-analysis/repositories/BeliaevDmitry_Tarification not found. Cannot resolve parents.
2026-09-18 15:28:33,232 - ERROR - Repo path /home/frasal/Desktop/emse-analysis/repositories/paulofor_marketing-hub not found. Cannot resolve parents.
2026-09-18 15:28:33,232 - ERROR - Repo path /home/frasal/Desktop/emse-analysis/repositories/elastic_elasticsearch not found. Cannot resolve parents.
2026-09-18 15:28:33,232 - ERROR - Repo path /home/frasal/Desktop/emse-analysis/repositories/elastic_elasticsearch not found. Cannot resolve parents.
2026-09-18 15:28:33,232 - ERROR - Repo path /home/frasal/Desktop/emse-analysis/repositories/paulofor_marketing-hub not found. Cannot resolve parents.
2026-09-18 15:28:33,232 - ERROR - Repo path /home/frasal/Desktop/emse-analysis/repositories/elastic_elasticsearch not found. Cannot resolve parents.
2026-09-18 15:28:33,232 - ERROR - Repo path /home/frasal/Desktop/emse-analysis/repositories/paulofor_marketing-hub not found. Cannot resolve parents.
2026-09-18 15:28:33,232 - ERROR - Repo path /home/frasal/Desktop/emse-analysis/repositories/BeliaevDmitry_Tarification not found. Cannot resolve parents.
2026-09-18 15:28:33,232 - ERROR - Repo path /home/frasal/Desktop/emse-analysis/repositories/elastic_elasticsearch not found. Cannot resolve parents.
2026-09-18 15:28:33,232 - ERROR - Repo path /home/frasal/Desktop/emse-analysis/repositories/elastic_elasticsearch not found. Cannot resolve parents.
2026-09-18 15:28:33,232 - ERROR - Repo path /home/frasal/Desktop/emse-analysis/repositories/paulofor_marketing-hub not found. Cannot resolve parents.
2026-09-18 15:28:33,232 - ERROR - Repo path /home/frasal/Desktop/emse-analysis/repositories/paulofor_marketing-hub not found. Cannot resolve parents.
2026-09-18 15:28:33,232 - ERROR - Repo path /home/frasal/Desktop/emse-analysis/repositories/paulofor_marketing-hub not found. Cannot resolve parents.
2026-09-18 15:28:33,232 - ERROR - Repo path /home/frasal/Desktop/emse-analysis/repositories/paulofor_marketing-hub not found. Cannot resolve parents.
2026-09-18 15:28:33,232 - ERROR - Repo path /home/frasal/Desktop/emse-analysis/repositories/BeliaevDmitry_Tarification not found. Cannot resolve parents.
2026-09-18 15:28:33,232 - ERROR - Repo path /home/frasal/Desktop/emse-analysis/repositories/BeliaevDmitry_Tarification not found. Cannot resolve parents.
2026-09-18 15:28:33,233 - ERROR - Repo path /home/frasal/Desktop/emse-analysis/repositories/BeliaevDmitry_Tarification not found. Cannot resolve parents.
2026-09-18 15:28:33,233 - ERROR - Repo path /home/frasal/Desktop/emse-analysis/repositories/kr1pt0n05_Besy-backend not found. Cannot resolve parents.
2026-09-18 15:28:33,233 - ERROR - Repo path /home/frasal/Desktop/emse-analysis/repositories/paulofor_marketing-hub not found. Cannot resolve parents.
2026-09-18 15:28:33,233 - ERROR - Repo path /home/frasal/Desktop/emse-analysis/repositories/kr1pt0n05_Besy-backend not found. Cannot resolve parents.
2026-09-18 15:28:33,233 - ERROR - Repo path /home/frasal/Desktop/emse-analysis/repositories/paulofor_marketing-hub not found. Cannot resolve parents.
2026-09-18 15:28:33,233 - ERROR - Repo path /home/frasal/Desktop/emse-analysis/repositories/elastic_elasticsearch not found. Cannot resolve parents.
2026-09-18 15:28:33,233 - ERROR - Repo path /home/frasal/Desktop/emse-analysis/repositories/paulofor_marketing-hub not found. Cannot resolve parents.
2026-09-18 15:28:33,233 - ERROR - Repo path /home/frasal/Desktop/emse-analysis/repositories/woowacourse-teams_2025-moment not found. Cannot resolve parents.
2026-09-18 15:28:33,233 - ERROR - Repo path /home/frasal/Desktop/emse-analysis/repositories/woowacourse-teams_2025-moment not found. Cannot resolve parents.
2026-09-18 15:28:33,233 - ERROR - Repo path /home/frasal/Desktop/emse-analysis/repositories/BeliaevDmitry_Tarification not found. Cannot resolve parents.
2026-09-18 15:28:33,233 - ERROR - Repo path /home/frasal/Desktop/emse-analysis/repositories/elastic_elasticsearch not found. Cannot resolve parents.
2026-09-18 15:28:33,233 - ERROR - Repo path /home/frasal/Desktop/emse-analysis/repositories/elastic_elasticsearch not found. Cannot resolve parents.
2026-09-18 15:28:33,233 - ERROR - Repo path /home/frasal/Desktop/emse-analysis/repositories/elastic_elasticsearch not found. Cannot resolve parents.
2026-09-18 15:28:33,233 - ERROR - Repo path /home/frasal/Desktop/emse-analysis/repositories/elastic_elasticsearch not found. Cannot resolve parents.
2026-09-18 15:28:33,233 - ERROR - Repo path /home/frasal/Desktop/emse-analysis/repositories/operaton_operaton not found. Cannot resolve parents.
2026-09-18 15:28:33,233 - ERROR - Repo path /home/frasal/Desktop/emse-analysis/repositories/elastic_elasticsearch not found. Cannot resolve parents.
2026-09-18 15:28:33,233 - ERROR - Repo path /home/frasal/Desktop/emse-analysis/repositories/elastic_elasticsearch not found. Cannot resolve parents.
2026-09-18 15:28:33,233 - ERROR - Repo path /home/frasal/Desktop/emse-analysis/repositories/elastic_elasticsearch not found. Cannot resolve parents.
2026-09-18 15:28:33,233 - ERROR - Repo path /home/frasal/Desktop/emse-analysis/repositories/woowacourse-teams_2025-moment not found. Cannot resolve parents.
2026-09-18 15:28:33,233 - ERROR - Repo path /home/frasal/Desktop/emse-analysis/repositories/woowacourse-teams_2025-moment not found. Cannot resolve parents.
2026-09-18 15:28:33,233 - ERROR - Repo path /home/frasal/Desktop/emse-analysis/repositories/elastic_elasticsearch not found. Cannot resolve parents.
2026-09-18 15:28:33,233 - ERROR - Repo path /home/frasal/Desktop/emse-analysis/repositories/ClarenceZzz_assistant-demo not found. Cannot resolve parents.
2026-09-18 15:28:33,233 - ERROR - Repo path /home/frasal/Desktop/emse-analysis/repositories/woowacourse-teams_2025-moment not found. Cannot resolve parents.
2026-09-18 15:28:33,233 - ERROR - Repo path /home/frasal/Desktop/emse-analysis/repositories/woowacourse-teams_2025-moment not found. Cannot resolve parents.
2026-09-18 15:28:33,233 - ERROR - Repo path /home/frasal/Desktop/emse-analysis/repositories/elastic_elasticsearch not found. Cannot resolve parents.
2026-09-18 15:28:33,233 - ERROR - Repo path /home/frasal/Desktop/emse-analysis/repositories/elastic_elasticsearch not found. Cannot resolve parents.
2026-09-18 15:28:33,233 - ERROR - Repo path /home/frasal/Desktop/emse-analysis/repositories/elastic_elasticsearch not found. Cannot resolve parents.
2026-09-18 15:28:33,233 - ERROR - Repo path /home/frasal/Desktop/emse-analysis/repositories/elastic_elasticsearch not found. Cannot resolve parents.
2026-09-18 15:28:33,233 - ERROR - Repo path /home/frasal/Desktop/emse-analysis/repositories/paulofor_marketing-hub not found. Cannot resolve parents.
2026-09-18 15:28:33,233 - ERROR - Repo path /home/frasal/Desktop/emse-analysis/repositories/paulofor_marketing-hub not found. Cannot resolve parents.
2026-09-18 15:28:33,233 - ERROR - Repo path /home/frasal/Desktop/emse-analysis/repositories/paulofor_marketing-hub not found. Cannot resolve parents.
2026-09-18 15:28:33,234 - ERROR - Repo path /home/frasal/Desktop/emse-analysis/repositories/paulofor_marketing-hub not found. Cannot resolve parents.
2026-09-18 15:28:33,234 - ERROR - Repo path /home/frasal/Desktop/emse-analysis/repositories/elastic_elasticsearch not found. Cannot resolve parents.
2026-09-18 15:28:33,234 - ERROR - Repo path /home/frasal/Desktop/emse-analysis/repositories/thingsboard_thingsboard not found. Cannot resolve parents.
2026-09-18 15:28:33,234 - ERROR - Repo path /home/frasal/Desktop/emse-analysis/repositories/elastic_elasticsearch not found. Cannot resolve parents.
2026-09-18 15:28:33,234 - ERROR - Repo path /home/frasal/Desktop/emse-analysis/repositories/elastic_elasticsearch not found. Cannot resolve parents.
2026-09-18 15:28:33,234 - ERROR - Repo path /home/frasal/Desktop/emse-analysis/repositories/paulofor_marketing-hub not found. Cannot resolve parents.
2026-09-18 15:28:33,234 - ERROR - Repo path /home/frasal/Desktop/emse-analysis/repositories/elastic_elasticsearch not found. Cannot resolve parents.
2026-09-18 15:28:33,234 - ERROR - Repo path /home/frasal/Desktop/emse-analysis/repositories/enonic_xp not found. Cannot resolve parents.
2026-09-18 15:28:33,234 - ERROR - Repo path /home/frasal/Desktop/emse-analysis/repositories/operaton_operaton not found. Cannot resolve parents.
2026-09-18 15:28:33,234 - ERROR - Repo path /home/frasal/Desktop/emse-analysis/repositories/vaadin_flow-components not found. Cannot resolve parents.
2026-09-18 15:28:33,234 - ERROR - Repo path /home/frasal/Desktop/emse-analysis/repositories/elastic_elasticsearch not found. Cannot resolve parents.
2026-09-18 15:28:33,234 - ERROR - Repo path /home/frasal/Desktop/emse-analysis/repositories/StarRocks_starrocks not found. Cannot resolve parents.
2026-09-18 15:28:33,234 - ERROR - Repo path /home/frasal/Desktop/emse-analysis/repositories/paulofor_marketing-hub not found. Cannot resolve parents.
2026-09-18 15:28:33,234 - ERROR - Repo path /home/frasal/Desktop/emse-analysis/repositories/Nexters_meme-wiki-be not found. Cannot resolve parents.
2026-09-18 15:28:33,234 - ERROR - Repo path /home/frasal/Desktop/emse-analysis/repositories/operaton_operaton not found. Cannot resolve parents.
2026-09-18 15:28:33,234 - ERROR - Repo path /home/frasal/Desktop/emse-analysis/repositories/Nexters_meme-wiki-be not found. Cannot resolve parents.
2026-09-18 15:28:33,234 - ERROR - Repo path /home/frasal/Desktop/emse-analysis/repositories/elastic_elasticsearch not found. Cannot resolve parents.
2026-09-18 15:28:33,234 - ERROR - Repo path /home/frasal/Desktop/emse-analysis/repositories/chsami_Microbot-Hub not found. Cannot resolve parents.
2026-09-18 15:28:33,234 - ERROR - Repo path /home/frasal/Desktop/emse-analysis/repositories/elastic_elasticsearch not found. Cannot resolve parents.
2026-09-18 15:28:33,234 - ERROR - Repo path /home/frasal/Desktop/emse-analysis/repositories/elastic_elasticsearch not found. Cannot resolve parents.
2026-09-18 15:28:33,234 - ERROR - Repo path /home/frasal/Desktop/emse-analysis/repositories/elastic_elasticsearch not found. Cannot resolve parents.
2026-09-18 15:28:33,234 - ERROR - Repo path /home/frasal/Desktop/emse-analysis/repositories/Nexters_meme-wiki-be not found. Cannot resolve parents.
2026-09-18 15:28:33,234 - ERROR - Repo path /home/frasal/Desktop/emse-analysis/repositories/paulofor_marketing-hub not found. Cannot resolve parents.
2026-09-18 15:28:33,234 - ERROR - Repo path /home/frasal/Desktop/emse-analysis/repositories/elastic_elasticsearch not found. Cannot resolve parents.
2026-09-18 15:28:33,234 - ERROR - Repo path /home/frasal/Desktop/emse-analysis/repositories/elastic_elasticsearch not found. Cannot resolve parents.
2026-09-18 15:28:33,234 - ERROR - Repo path /home/frasal/Desktop/emse-analysis/repositories/Nexters_meme-wiki-be not found. Cannot resolve parents.
2026-09-18 15:28:33,234 - ERROR - Repo path /home/frasal/Desktop/emse-analysis/repositories/elastic_elasticsearch not found. Cannot resolve parents.
2026-09-18 15:28:33,234 - ERROR - Repo path /home/frasal/Desktop/emse-analysis/repositories/operaton_operaton not found. Cannot resolve parents.
2026-09-18 15:28:33,234 - ERROR - Repo path /home/frasal/Desktop/emse-analysis/repositories/paulofor_marketing-hub not found. Cannot resolve parents.
2026-09-18 15:28:33,234 - ERROR - Repo path /home/frasal/Desktop/emse-analysis/repositories/elastic_elasticsearch not found. Cannot resolve parents.
2026-09-18 15:28:33,234 - ERROR - Repo path /home/frasal/Desktop/emse-analysis/repositories/paulofor_marketing-hub not found. Cannot resolve parents.
2026-09-18 15:28:33,234 - ERROR - Repo path /home/frasal/Desktop/emse-analysis/repositories/paulofor_marketing-hub not found. Cannot resolve parents.
2026-09-18 15:28:33,235 - ERROR - Repo path /home/frasal/Desktop/emse-analysis/repositories/paulofor_marketing-hub not found. Cannot resolve parents.
2026-09-18 15:28:33,235 - ERROR - Repo path /home/frasal/Desktop/emse-analysis/repositories/paulofor_marketing-hub not found. Cannot resolve parents.
2026-09-18 15:28:33,235 - ERROR - Repo path /home/frasal/Desktop/emse-analysis/repositories/apache_shardingsphere not found. Cannot resolve parents.
2026-09-18 15:28:33,235 - ERROR - Repo path /home/frasal/Desktop/emse-analysis/repositories/woowacourse-teams_2025-moment not found. Cannot resolve parents.
2026-09-18 15:28:33,235 - ERROR - Repo path /home/frasal/Desktop/emse-analysis/repositories/woowacourse-teams_2025-moment not found. Cannot resolve parents.
2026-09-18 15:28:33,235 - ERROR - Repo path /home/frasal/Desktop/emse-analysis/repositories/deephaven_deephaven-core not found. Cannot resolve parents.
2026-09-18 15:28:33,235 - ERROR - Repo path /home/frasal/Desktop/emse-analysis/repositories/elastic_elasticsearch not found. Cannot resolve parents.
2026-09-18 15:28:33,235 - ERROR - Repo path /home/frasal/Desktop/emse-analysis/repositories/paulofor_marketing-hub not found. Cannot resolve parents.
2026-09-18 15:28:33,235 - ERROR - Repo path /home/frasal/Desktop/emse-analysis/repositories/paulofor_marketing-hub not found. Cannot resolve parents.
2026-09-18 15:28:33,235 - ERROR - Repo path /home/frasal/Desktop/emse-analysis/repositories/elastic_elasticsearch not found. Cannot resolve parents.
2026-09-18 15:28:33,235 - ERROR - Repo path /home/frasal/Desktop/emse-analysis/repositories/paulofor_marketing-hub not found. Cannot resolve parents.
2026-09-18 15:28:33,235 - ERROR - Repo path /home/frasal/Desktop/emse-analysis/repositories/paulofor_marketing-hub not found. Cannot resolve parents.
2026-09-18 15:28:33,235 - ERROR - Repo path /home/frasal/Desktop/emse-analysis/repositories/Nexters_meme-wiki-be not found. Cannot resolve parents.
2026-09-18 15:28:33,235 - ERROR - Repo path /home/frasal/Desktop/emse-analysis/repositories/bethington_ghidra-mcp not found. Cannot resolve parents.
2026-09-18 15:28:33,235 - ERROR - Repo path /home/frasal/Desktop/emse-analysis/repositories/Nexters_meme-wiki-be not found. Cannot resolve parents.
2026-09-18 15:28:33,235 - ERROR - Repo path /home/frasal/Desktop/emse-analysis/repositories/paulofor_marketing-hub not found. Cannot resolve parents.
2026-09-18 15:28:33,235 - ERROR - Repo path /home/frasal/Desktop/emse-analysis/repositories/paulofor_marketing-hub not found. Cannot resolve parents.
2026-09-18 15:28:33,235 - ERROR - Repo path /home/frasal/Desktop/emse-analysis/repositories/paulofor_marketing-hub not found. Cannot resolve parents.
2026-09-18 15:28:33,235 - ERROR - Repo path /home/frasal/Desktop/emse-analysis/repositories/paulofor_marketing-hub not found. Cannot resolve parents.
2026-09-18 15:28:33,235 - ERROR - Repo path /home/frasal/Desktop/emse-analysis/repositories/paulofor_marketing-hub not found. Cannot resolve parents.
2026-09-18 15:28:33,235 - ERROR - Repo path /home/frasal/Desktop/emse-analysis/repositories/elastic_elasticsearch not found. Cannot resolve parents.
2026-09-18 15:28:33,235 - ERROR - Repo path /home/frasal/Desktop/emse-analysis/repositories/elastic_elasticsearch not found. Cannot resolve parents.
2026-09-18 15:28:33,235 - ERROR - Repo path /home/frasal/Desktop/emse-analysis/repositories/Alipsa_JParq not found. Cannot resolve parents.
2026-09-18 15:28:33,235 - ERROR - Repo path /home/frasal/Desktop/emse-analysis/repositories/elastic_elasticsearch not found. Cannot resolve parents.
2026-09-18 15:28:33,235 - ERROR - Repo path /home/frasal/Desktop/emse-analysis/repositories/paulofor_marketing-hub not found. Cannot resolve parents.
2026-09-18 15:28:33,235 - ERROR - Repo path /home/frasal/Desktop/emse-analysis/repositories/paulofor_marketing-hub not found. Cannot resolve parents.
2026-09-18 15:28:33,235 - ERROR - Repo path /home/frasal/Desktop/emse-analysis/repositories/StarRocks_starrocks not found. Cannot resolve parents.
2026-09-18 15:28:33,235 - ERROR - Repo path /home/frasal/Desktop/emse-analysis/repositories/paulofor_marketing-hub not found. Cannot resolve parents.
2026-09-18 15:28:33,235 - ERROR - Repo path /home/frasal/Desktop/emse-analysis/repositories/elastic_elasticsearch not found. Cannot resolve parents.
2026-09-18 15:28:33,235 - ERROR - Repo path /home/frasal/Desktop/emse-analysis/repositories/paulofor_marketing-hub not found. Cannot resolve parents.
2026-09-18 15:28:33,235 - ERROR - Repo path /home/frasal/Desktop/emse-analysis/repositories/chsami_Microbot-Hub not found. Cannot resolve parents.
2026-09-18 15:28:33,236 - ERROR - Repo path /home/frasal/Desktop/emse-analysis/repositories/elastic_elasticsearch not found. Cannot resolve parents.
2026-09-18 15:28:33,236 - ERROR - Repo path /home/frasal/Desktop/emse-analysis/repositories/paulofor_marketing-hub not found. Cannot resolve parents.
2026-09-18 15:28:33,236 - ERROR - Repo path /home/frasal/Desktop/emse-analysis/repositories/paulofor_marketing-hub not found. Cannot resolve parents.
2026-09-18 15:28:33,236 - ERROR - Repo path /home/frasal/Desktop/emse-analysis/repositories/micronaut-projects_micronaut-data not found. Cannot resolve parents.
2026-09-18 15:28:33,236 - ERROR - Repo path /home/frasal/Desktop/emse-analysis/repositories/paulofor_marketing-hub not found. Cannot resolve parents.
2026-09-18 15:28:33,236 - ERROR - Repo path /home/frasal/Desktop/emse-analysis/repositories/paulofor_marketing-hub not found. Cannot resolve parents.
2026-09-18 15:28:33,236 - ERROR - Repo path /home/frasal/Desktop/emse-analysis/repositories/mahmoudashraf_AI-Fabric-Framework not found. Cannot resolve parents.
2026-09-18 15:28:33,236 - ERROR - Repo path /home/frasal/Desktop/emse-analysis/repositories/paulofor_marketing-hub not found. Cannot resolve parents.
2026-09-18 15:28:33,236 - ERROR - Repo path /home/frasal/Desktop/emse-analysis/repositories/graphql-java_graphql-java not found. Cannot resolve parents.
2026-09-18 15:28:33,236 - ERROR - Repo path /home/frasal/Desktop/emse-analysis/repositories/Alipsa_JParq not found. Cannot resolve parents.
2026-09-18 15:28:33,236 - ERROR - Repo path /home/frasal/Desktop/emse-analysis/repositories/paulofor_marketing-hub not found. Cannot resolve parents.
2026-09-18 15:28:33,236 - ERROR - Repo path /home/frasal/Desktop/emse-analysis/repositories/paulofor_marketing-hub not found. Cannot resolve parents.
2026-09-18 15:28:33,236 - ERROR - Repo path /home/frasal/Desktop/emse-analysis/repositories/Alipsa_JParq not found. Cannot resolve parents.
2026-09-18 15:28:33,236 - ERROR - Repo path /home/frasal/Desktop/emse-analysis/repositories/elastic_elasticsearch not found. Cannot resolve parents.
2026-09-18 15:28:33,236 - ERROR - Repo path /home/frasal/Desktop/emse-analysis/repositories/vavr-io_vavr not found. Cannot resolve parents.
2026-09-18 15:28:33,236 - ERROR - Repo path /home/frasal/Desktop/emse-analysis/repositories/elastic_elasticsearch not found. Cannot resolve parents.
2026-09-18 15:28:33,236 - ERROR - Repo path /home/frasal/Desktop/emse-analysis/repositories/paulofor_marketing-hub not found. Cannot resolve parents.
2026-09-18 15:28:33,236 - ERROR - Repo path /home/frasal/Desktop/emse-analysis/repositories/elastic_elasticsearch not found. Cannot resolve parents.
2026-09-18 15:28:33,236 - ERROR - Repo path /home/frasal/Desktop/emse-analysis/repositories/paulofor_marketing-hub not found. Cannot resolve parents.
2026-09-18 15:28:33,236 - ERROR - Repo path /home/frasal/Desktop/emse-analysis/repositories/paulofor_marketing-hub not found. Cannot resolve parents.
2026-09-18 15:28:33,236 - ERROR - Repo path /home/frasal/Desktop/emse-analysis/repositories/operaton_operaton not found. Cannot resolve parents.
2026-09-18 15:28:33,236 - ERROR - Repo path /home/frasal/Desktop/emse-analysis/repositories/operaton_operaton not found. Cannot resolve parents.
2026-09-18 15:28:33,236 - ERROR - Repo path /home/frasal/Desktop/emse-analysis/repositories/paulofor_marketing-hub not found. Cannot resolve parents.
2026-09-18 15:28:33,236 - ERROR - Repo path /home/frasal/Desktop/emse-analysis/repositories/paulofor_marketing-hub not found. Cannot resolve parents.
2026-09-18 15:28:33,236 - ERROR - Repo path /home/frasal/Desktop/emse-analysis/repositories/elastic_elasticsearch not found. Cannot resolve parents.
2026-09-18 15:28:33,236 - ERROR - Repo path /home/frasal/Desktop/emse-analysis/repositories/elastic_elasticsearch not found. Cannot resolve parents.
2026-09-18 15:28:33,236 - ERROR - Repo path /home/frasal/Desktop/emse-analysis/repositories/elastic_elasticsearch not found. Cannot resolve parents.
2026-09-18 15:28:33,236 - ERROR - Repo path /home/frasal/Desktop/emse-analysis/repositories/paulofor_marketing-hub not found. Cannot resolve parents.
2026-09-18 15:28:33,236 - ERROR - Repo path /home/frasal/Desktop/emse-analysis/repositories/operaton_operaton not found. Cannot resolve parents.
2026-09-18 15:28:33,236 - ERROR - Repo path /home/frasal/Desktop/emse-analysis/repositories/paulofor_marketing-hub not found. Cannot resolve parents.
2026-09-18 15:28:33,236 - ERROR - Repo path /home/frasal/Desktop/emse-analysis/repositories/woowacourse-teams_2025-moment not found. Cannot resolve parents.
2026-09-18 15:28:33,237 - ERROR - Repo path /home/frasal/Desktop/emse-analysis/repositories/woowacourse-teams_2025-moment not found. Cannot resolve parents.
2026-09-18 15:28:33,237 - ERROR - Repo path /home/frasal/Desktop/emse-analysis/repositories/woowacourse-teams_2025-moment not found. Cannot resolve parents.
2026-09-18 15:28:33,237 - ERROR - Repo path /home/frasal/Desktop/emse-analysis/repositories/elastic_elasticsearch not found. Cannot resolve parents.
2026-09-18 15:28:33,237 - ERROR - Repo path /home/frasal/Desktop/emse-analysis/repositories/paulofor_marketing-hub not found. Cannot resolve parents.
2026-09-18 15:28:33,237 - ERROR - Repo path /home/frasal/Desktop/emse-analysis/repositories/paulofor_marketing-hub not found. Cannot resolve parents.
2026-09-18 15:28:33,237 - ERROR - Repo path /home/frasal/Desktop/emse-analysis/repositories/elastic_elasticsearch not found. Cannot resolve parents.
2026-09-18 15:28:33,237 - ERROR - Repo path /home/frasal/Desktop/emse-analysis/repositories/paulofor_marketing-hub not found. Cannot resolve parents.
2026-09-18 15:28:33,237 - ERROR - Repo path /home/frasal/Desktop/emse-analysis/repositories/elastic_elasticsearch not found. Cannot resolve parents.
2026-09-18 15:28:33,237 - ERROR - Repo path /home/frasal/Desktop/emse-analysis/repositories/paulofor_marketing-hub not found. Cannot resolve parents.
2026-09-18 15:28:33,237 - ERROR - Repo path /home/frasal/Desktop/emse-analysis/repositories/paulofor_marketing-hub not found. Cannot resolve parents.
2026-09-18 15:28:33,237 - ERROR - Repo path /home/frasal/Desktop/emse-analysis/repositories/elastic_elasticsearch not found. Cannot resolve parents.
2026-09-18 15:28:33,237 - ERROR - Repo path /home/frasal/Desktop/emse-analysis/repositories/paulofor_marketing-hub not found. Cannot resolve parents.
2026-09-18 15:28:33,237 - ERROR - Repo path /home/frasal/Desktop/emse-analysis/repositories/paulofor_marketing-hub not found. Cannot resolve parents.
2026-09-18 15:28:33,237 - ERROR - Repo path /home/frasal/Desktop/emse-analysis/repositories/elastic_elasticsearch not found. Cannot resolve parents.
2026-09-18 15:28:33,237 - ERROR - Repo path /home/frasal/Desktop/emse-analysis/repositories/paulofor_marketing-hub not found. Cannot resolve parents.
2026-09-18 15:28:33,237 - ERROR - Repo path /home/frasal/Desktop/emse-analysis/repositories/paulofor_marketing-hub not found. Cannot resolve parents.
2026-09-18 15:28:33,237 - ERROR - Repo path /home/frasal/Desktop/emse-analysis/repositories/paulofor_marketing-hub not found. Cannot resolve parents.
2026-09-18 15:28:33,237 - ERROR - Repo path /home/frasal/Desktop/emse-analysis/repositories/elastic_elasticsearch not found. Cannot resolve parents.
2026-09-18 15:28:33,237 - ERROR - Repo path /home/frasal/Desktop/emse-analysis/repositories/elastic_elasticsearch not found. Cannot resolve parents.
2026-09-18 15:28:33,237 - ERROR - Repo path /home/frasal/Desktop/emse-analysis/repositories/elastic_elasticsearch not found. Cannot resolve parents.
2026-09-18 15:28:33,237 - ERROR - Repo path /home/frasal/Desktop/emse-analysis/repositories/MTES-MCT_dossierfacile-backend not found. Cannot resolve parents.
2026-09-18 15:28:33,237 - ERROR - Repo path /home/frasal/Desktop/emse-analysis/repositories/paulofor_marketing-hub not found. Cannot resolve parents.
2026-09-18 15:28:33,237 - ERROR - Repo path /home/frasal/Desktop/emse-analysis/repositories/woowacourse-teams_2025-moment not found. Cannot resolve parents.
2026-09-18 15:28:33,237 - ERROR - Repo path /home/frasal/Desktop/emse-analysis/repositories/elastic_elasticsearch not found. Cannot resolve parents.
2026-09-18 15:28:33,237 - ERROR - Repo path /home/frasal/Desktop/emse-analysis/repositories/paulofor_marketing-hub not found. Cannot resolve parents.
2026-09-18 15:28:33,237 - ERROR - Repo path /home/frasal/Desktop/emse-analysis/repositories/TashaKaslana_Zenflow not found. Cannot resolve parents.
2026-09-18 15:28:33,237 - ERROR - Repo path /home/frasal/Desktop/emse-analysis/repositories/TashaKaslana_Zenflow not found. Cannot resolve parents.
2026-09-18 15:28:33,237 - ERROR - Repo path /home/frasal/Desktop/emse-analysis/repositories/elastic_elasticsearch not found. Cannot resolve parents.
2026-09-18 15:28:33,237 - ERROR - Repo path /home/frasal/Desktop/emse-analysis/repositories/elastic_elasticsearch not found. Cannot resolve parents.
2026-09-18 15:28:33,237 - ERROR - Repo path /home/frasal/Desktop/emse-analysis/repositories/TashaKaslana_Zenflow not found. Cannot resolve parents.
2026-09-18 15:28:33,237 - ERROR - Repo path /home/frasal/Desktop/emse-analysis/repositories/TashaKaslana_Zenflow not found. Cannot resolve parents.
2026-09-18 15:28:33,237 - ERROR - Repo path /home/frasal/Desktop/emse-analysis/repositories/elastic_elasticsearch not found. Cannot resolve parents.
2026-09-18 15:28:33,238 - ERROR - Repo path /home/frasal/Desktop/emse-analysis/repositories/operaton_operaton not found. Cannot resolve parents.
2026-09-18 15:28:33,238 - ERROR - Repo path /home/frasal/Desktop/emse-analysis/repositories/paulofor_marketing-hub not found. Cannot resolve parents.
2026-09-18 15:28:33,238 - ERROR - Repo path /home/frasal/Desktop/emse-analysis/repositories/paulofor_marketing-hub not found. Cannot resolve parents.
2026-09-18 15:28:33,238 - ERROR - Repo path /home/frasal/Desktop/emse-analysis/repositories/paulofor_marketing-hub not found. Cannot resolve parents.
2026-09-18 15:28:33,238 - ERROR - Repo path /home/frasal/Desktop/emse-analysis/repositories/paulofor_marketing-hub not found. Cannot resolve parents.
2026-09-18 15:28:33,238 - ERROR - Repo path /home/frasal/Desktop/emse-analysis/repositories/elastic_elasticsearch not found. Cannot resolve parents.
2026-09-18 15:28:33,238 - ERROR - Repo path /home/frasal/Desktop/emse-analysis/repositories/elastic_elasticsearch not found. Cannot resolve parents.
2026-09-18 15:28:33,238 - ERROR - Repo path /home/frasal/Desktop/emse-analysis/repositories/operaton_operaton not found. Cannot resolve parents.
2026-09-18 15:28:33,238 - ERROR - Repo path /home/frasal/Desktop/emse-analysis/repositories/paulofor_marketing-hub not found. Cannot resolve parents.
2026-09-18 15:28:33,238 - ERROR - Repo path /home/frasal/Desktop/emse-analysis/repositories/paulofor_marketing-hub not found. Cannot resolve parents.
2026-09-18 15:28:33,238 - ERROR - Repo path /home/frasal/Desktop/emse-analysis/repositories/MTES-MCT_dossierfacile-backend not found. Cannot resolve parents.
2026-09-18 15:28:33,238 - ERROR - Repo path /home/frasal/Desktop/emse-analysis/repositories/sitionix_forge-it not found. Cannot resolve parents.
2026-09-18 15:28:33,238 - ERROR - Repo path /home/frasal/Desktop/emse-analysis/repositories/paulofor_marketing-hub not found. Cannot resolve parents.
2026-09-18 15:28:33,238 - ERROR - Repo path /home/frasal/Desktop/emse-analysis/repositories/elastic_elasticsearch not found. Cannot resolve parents.
2026-09-18 15:28:33,238 - ERROR - Repo path /home/frasal/Desktop/emse-analysis/repositories/woowacourse-teams_2025-moment not found. Cannot resolve parents.
2026-09-18 15:28:33,238 - ERROR - Repo path /home/frasal/Desktop/emse-analysis/repositories/elastic_elasticsearch not found. Cannot resolve parents.
2026-09-18 15:28:33,238 - ERROR - Repo path /home/frasal/Desktop/emse-analysis/repositories/woowacourse-teams_2025-moment not found. Cannot resolve parents.
2026-09-18 15:28:33,238 - ERROR - Repo path /home/frasal/Desktop/emse-analysis/repositories/woowacourse-teams_2025-moment not found. Cannot resolve parents.
2026-09-18 15:28:33,238 - ERROR - Repo path /home/frasal/Desktop/emse-analysis/repositories/woowacourse-teams_2025-moment not found. Cannot resolve parents.
2026-09-18 15:28:33,238 - ERROR - Repo path /home/frasal/Desktop/emse-analysis/repositories/woowacourse-teams_2025-moment not found. Cannot resolve parents.
2026-09-18 15:28:33,238 - ERROR - Repo path /home/frasal/Desktop/emse-analysis/repositories/elastic_elasticsearch not found. Cannot resolve parents.
2026-09-18 15:28:33,238 - ERROR - Repo path /home/frasal/Desktop/emse-analysis/repositories/operaton_operaton not found. Cannot resolve parents.
2026-09-18 15:28:33,238 - ERROR - Repo path /home/frasal/Desktop/emse-analysis/repositories/sitionix_forge-it not found. Cannot resolve parents.
2026-09-18 15:28:33,238 - ERROR - Repo path /home/frasal/Desktop/emse-analysis/repositories/elastic_elasticsearch not found. Cannot resolve parents.
2026-09-18 15:28:33,238 - ERROR - Repo path /home/frasal/Desktop/emse-analysis/repositories/elastic_elasticsearch not found. Cannot resolve parents.
2026-09-18 15:28:33,238 - ERROR - Repo path /home/frasal/Desktop/emse-analysis/repositories/SHSWAcademy_STO not found. Cannot resolve parents.
2026-09-18 15:28:33,238 - ERROR - Repo path /home/frasal/Desktop/emse-analysis/repositories/SHSWAcademy_STO not found. Cannot resolve parents.
2026-09-18 15:28:33,238 - ERROR - Repo path /home/frasal/Desktop/emse-analysis/repositories/SHSWAcademy_STO not found. Cannot resolve parents.
2026-09-18 15:28:33,238 - ERROR - Repo path /home/frasal/Desktop/emse-analysis/repositories/SHSWAcademy_STO not found. Cannot resolve parents.
2026-09-18 15:28:33,238 - ERROR - Repo path /home/frasal/Desktop/emse-analysis/repositories/elastic_elasticsearch not found. Cannot resolve parents.
2026-09-18 15:28:33,238 - ERROR - Repo path /home/frasal/Desktop/emse-analysis/repositories/woowacourse-teams_2025-moment not found. Cannot resolve parents.
2026-09-18 15:28:33,239 - ERROR - Repo path /home/frasal/Desktop/emse-analysis/repositories/SHSWAcademy_STO not found. Cannot resolve parents.
2026-09-18 15:28:33,239 - ERROR - Repo path /home/frasal/Desktop/emse-analysis/repositories/elastic_elasticsearch not found. Cannot resolve parents.
2026-09-18 15:28:33,239 - ERROR - Repo path /home/frasal/Desktop/emse-analysis/repositories/woowacourse-teams_2025-moment not found. Cannot resolve parents.
2026-09-18 15:28:33,239 - ERROR - Repo path /home/frasal/Desktop/emse-analysis/repositories/elastic_elasticsearch not found. Cannot resolve parents.
2026-09-18 15:28:33,239 - ERROR - Repo path /home/frasal/Desktop/emse-analysis/repositories/elastic_elasticsearch not found. Cannot resolve parents.
2026-09-18 15:28:33,239 - ERROR - Repo path /home/frasal/Desktop/emse-analysis/repositories/dimon1976_zoomos_v4 not found. Cannot resolve parents.
2026-09-18 15:28:33,239 - ERROR - Repo path /home/frasal/Desktop/emse-analysis/repositories/yunusemreerkesikbas_Craftive not found. Cannot resolve parents.
2026-09-18 15:28:33,239 - ERROR - Repo path /home/frasal/Desktop/emse-analysis/repositories/dimon1976_zoomos_v4 not found. Cannot resolve parents.
2026-09-18 15:28:33,239 - ERROR - Repo path /home/frasal/Desktop/emse-analysis/repositories/elastic_elasticsearch not found. Cannot resolve parents.
2026-09-18 15:28:33,239 - ERROR - Repo path /home/frasal/Desktop/emse-analysis/repositories/elastic_elasticsearch not found. Cannot resolve parents.
2026-09-18 15:28:33,239 - ERROR - Repo path /home/frasal/Desktop/emse-analysis/repositories/woowacourse-teams_2025-moment not found. Cannot resolve parents.
2026-09-18 15:28:33,239 - ERROR - Repo path /home/frasal/Desktop/emse-analysis/repositories/woowacourse-teams_2025-moment not found. Cannot resolve parents.
2026-09-18 15:28:33,239 - ERROR - Repo path /home/frasal/Desktop/emse-analysis/repositories/elastic_elasticsearch not found. Cannot resolve parents.
2026-09-18 15:28:33,239 - ERROR - Repo path /home/frasal/Desktop/emse-analysis/repositories/woowacourse-teams_2025-moment not found. Cannot resolve parents.
2026-09-18 15:28:33,239 - ERROR - Repo path /home/frasal/Desktop/emse-analysis/repositories/woowacourse-teams_2025-moment not found. Cannot resolve parents.
2026-09-18 15:28:33,239 - ERROR - Repo path /home/frasal/Desktop/emse-analysis/repositories/elastic_elasticsearch not found. Cannot resolve parents.
2026-09-18 15:28:33,239 - ERROR - Repo path /home/frasal/Desktop/emse-analysis/repositories/elastic_elasticsearch not found. Cannot resolve parents.
2026-09-18 15:28:33,239 - ERROR - Repo path /home/frasal/Desktop/emse-analysis/repositories/elastic_elasticsearch not found. Cannot resolve parents.
2026-09-18 15:28:33,239 - ERROR - Repo path /home/frasal/Desktop/emse-analysis/repositories/elastic_elasticsearch not found. Cannot resolve parents.
2026-09-18 15:28:33,239 - ERROR - Repo path /home/frasal/Desktop/emse-analysis/repositories/elastic_elasticsearch not found. Cannot resolve parents.
2026-09-18 15:28:33,239 - ERROR - Repo path /home/frasal/Desktop/emse-analysis/repositories/Magenta-Mause_Cosy-Backend not found. Cannot resolve parents.
2026-09-18 15:28:33,239 - ERROR - Repo path /home/frasal/Desktop/emse-analysis/repositories/camunda_camunda not found. Cannot resolve parents.
2026-09-18 15:28:33,239 - ERROR - Repo path /home/frasal/Desktop/emse-analysis/repositories/camunda_camunda not found. Cannot resolve parents.
2026-09-18 15:28:33,239 - ERROR - Repo path /home/frasal/Desktop/emse-analysis/repositories/elastic_elasticsearch not found. Cannot resolve parents.
2026-09-18 15:28:33,239 - ERROR - Repo path /home/frasal/Desktop/emse-analysis/repositories/woowacourse-teams_2025-moment not found. Cannot resolve parents.
2026-09-18 15:28:33,239 - ERROR - Repo path /home/frasal/Desktop/emse-analysis/repositories/yunusemreerkesikbas_Craftive not found. Cannot resolve parents.
2026-09-18 15:28:33,239 - ERROR - Repo path /home/frasal/Desktop/emse-analysis/repositories/elastic_elasticsearch not found. Cannot resolve parents.
2026-09-18 15:28:33,239 - ERROR - Repo path /home/frasal/Desktop/emse-analysis/repositories/yunusemreerkesikbas_Craftive not found. Cannot resolve parents.
2026-09-18 15:28:33,239 - ERROR - Repo path /home/frasal/Desktop/emse-analysis/repositories/yunusemreerkesikbas_Craftive not found. Cannot resolve parents.
2026-09-18 15:28:33,239 - ERROR - Repo path /home/frasal/Desktop/emse-analysis/repositories/os-santiago_homedir not found. Cannot resolve parents.
2026-09-18 15:28:33,239 - ERROR - Repo path /home/frasal/Desktop/emse-analysis/repositories/yunusemreerkesikbas_Craftive not found. Cannot resolve parents.
2026-09-18 15:28:33,240 - ERROR - Repo path /home/frasal/Desktop/emse-analysis/repositories/os-santiago_homedir not found. Cannot resolve parents.
2026-09-18 15:28:33,240 - ERROR - Repo path /home/frasal/Desktop/emse-analysis/repositories/yunusemreerkesikbas_Craftive not found. Cannot resolve parents.
2026-09-18 15:28:33,240 - ERROR - Repo path /home/frasal/Desktop/emse-analysis/repositories/yunusemreerkesikbas_Craftive not found. Cannot resolve parents.
2026-09-18 15:28:33,240 - ERROR - Repo path /home/frasal/Desktop/emse-analysis/repositories/elastic_elasticsearch not found. Cannot resolve parents.
2026-09-18 15:28:33,240 - ERROR - Repo path /home/frasal/Desktop/emse-analysis/repositories/camunda_camunda not found. Cannot resolve parents.
2026-09-18 15:28:33,240 - ERROR - Repo path /home/frasal/Desktop/emse-analysis/repositories/yunusemreerkesikbas_Craftive not found. Cannot resolve parents.
2026-09-18 15:28:33,240 - ERROR - Repo path /home/frasal/Desktop/emse-analysis/repositories/elastic_elasticsearch not found. Cannot resolve parents.
2026-09-18 15:28:33,240 - ERROR - Repo path /home/frasal/Desktop/emse-analysis/repositories/elastic_elasticsearch not found. Cannot resolve parents.
2026-09-18 15:28:33,240 - ERROR - Repo path /home/frasal/Desktop/emse-analysis/repositories/yunusemreerkesikbas_Craftive not found. Cannot resolve parents.
2026-09-18 15:28:33,240 - ERROR - Repo path /home/frasal/Desktop/emse-analysis/repositories/yunusemreerkesikbas_Craftive not found. Cannot resolve parents.
2026-09-18 15:28:33,240 - ERROR - Repo path /home/frasal/Desktop/emse-analysis/repositories/yunusemreerkesikbas_Craftive not found. Cannot resolve parents.
2026-09-18 15:28:33,240 - ERROR - Repo path /home/frasal/Desktop/emse-analysis/repositories/crypta-network_cryptad not found. Cannot resolve parents.
2026-09-18 15:28:33,240 - ERROR - Repo path /home/frasal/Desktop/emse-analysis/repositories/crypta-network_cryptad not found. Cannot resolve parents.
2026-09-18 15:28:33,240 - ERROR - Repo path /home/frasal/Desktop/emse-analysis/repositories/crypta-network_cryptad not found. Cannot resolve parents.
2026-09-18 15:28:33,240 - ERROR - Repo path /home/frasal/Desktop/emse-analysis/repositories/Haryuya11_Socius not found. Cannot resolve parents.
2026-09-18 15:28:33,240 - ERROR - Repo path /home/frasal/Desktop/emse-analysis/repositories/elastic_elasticsearch not found. Cannot resolve parents.
2026-09-18 15:28:33,240 - ERROR - Repo path /home/frasal/Desktop/emse-analysis/repositories/crypta-network_cryptad not found. Cannot resolve parents.
2026-09-18 15:28:33,240 - ERROR - Repo path /home/frasal/Desktop/emse-analysis/repositories/crypta-network_cryptad not found. Cannot resolve parents.
2026-09-18 15:28:33,240 - ERROR - Repo path /home/frasal/Desktop/emse-analysis/repositories/elastic_elasticsearch not found. Cannot resolve parents.
2026-09-18 15:28:33,240 - ERROR - Repo path /home/frasal/Desktop/emse-analysis/repositories/equinor_neqsim not found. Cannot resolve parents.
2026-09-18 15:28:33,240 - ERROR - Repo path /home/frasal/Desktop/emse-analysis/repositories/jenkinsci_explain-error-plugin not found. Cannot resolve parents.
2026-09-18 15:28:33,240 - ERROR - Repo path /home/frasal/Desktop/emse-analysis/repositories/jenkinsci_explain-error-plugin not found. Cannot resolve parents.
2026-09-18 15:28:33,240 - ERROR - Repo path /home/frasal/Desktop/emse-analysis/repositories/jenkinsci_explain-error-plugin not found. Cannot resolve parents.
2026-09-18 15:28:33,240 - ERROR - Repo path /home/frasal/Desktop/emse-analysis/repositories/elastic_elasticsearch not found. Cannot resolve parents.
2026-09-18 15:28:33,240 - ERROR - Repo path /home/frasal/Desktop/emse-analysis/repositories/crypta-network_cryptad not found. Cannot resolve parents.
2026-09-18 15:28:33,240 - ERROR - Repo path /home/frasal/Desktop/emse-analysis/repositories/crypta-network_cryptad not found. Cannot resolve parents.
2026-09-18 15:28:33,240 - ERROR - Repo path /home/frasal/Desktop/emse-analysis/repositories/crypta-network_cryptad not found. Cannot resolve parents.
2026-09-18 15:28:33,240 - ERROR - Repo path /home/frasal/Desktop/emse-analysis/repositories/crypta-network_cryptad not found. Cannot resolve parents.
2026-09-18 15:28:33,240 - ERROR - Repo path /home/frasal/Desktop/emse-analysis/repositories/crypta-network_cryptad not found. Cannot resolve parents.
2026-09-18 15:28:33,240 - ERROR - Repo path /home/frasal/Desktop/emse-analysis/repositories/crypta-network_cryptad not found. Cannot resolve parents.
2026-09-18 15:28:33,240 - ERROR - Repo path /home/frasal/Desktop/emse-analysis/repositories/jenkinsci_explain-error-plugin not found. Cannot resolve parents.
2026-09-18 15:28:33,241 - ERROR - Repo path /home/frasal/Desktop/emse-analysis/repositories/jenkinsci_explain-error-plugin not found. Cannot resolve parents.
2026-09-18 15:28:33,241 - ERROR - Repo path /home/frasal/Desktop/emse-analysis/repositories/camunda_camunda not found. Cannot resolve parents.
2026-09-18 15:28:33,241 - ERROR - Repo path /home/frasal/Desktop/emse-analysis/repositories/camunda_camunda not found. Cannot resolve parents.
2026-09-18 15:28:33,241 - ERROR - Repo path /home/frasal/Desktop/emse-analysis/repositories/elastic_elasticsearch not found. Cannot resolve parents.
2026-09-18 15:28:33,241 - ERROR - Repo path /home/frasal/Desktop/emse-analysis/repositories/StarRocks_starrocks not found. Cannot resolve parents.
2026-09-18 15:28:33,241 - ERROR - Repo path /home/frasal/Desktop/emse-analysis/repositories/elastic_elasticsearch not found. Cannot resolve parents.
2026-09-18 15:28:33,241 - ERROR - Repo path /home/frasal/Desktop/emse-analysis/repositories/crypta-network_cryptad not found. Cannot resolve parents.
2026-09-18 15:28:33,241 - ERROR - Repo path /home/frasal/Desktop/emse-analysis/repositories/crypta-network_cryptad not found. Cannot resolve parents.
2026-09-18 15:28:33,241 - ERROR - Repo path /home/frasal/Desktop/emse-analysis/repositories/crypta-network_cryptad not found. Cannot resolve parents.
2026-09-18 15:28:33,241 - ERROR - Repo path /home/frasal/Desktop/emse-analysis/repositories/crypta-network_cryptad not found. Cannot resolve parents.
2026-09-18 15:28:33,241 - ERROR - Repo path /home/frasal/Desktop/emse-analysis/repositories/crypta-network_cryptad not found. Cannot resolve parents.
2026-09-18 15:28:33,241 - ERROR - Repo path /home/frasal/Desktop/emse-analysis/repositories/crypta-network_cryptad not found. Cannot resolve parents.
2026-09-18 15:28:33,241 - ERROR - Repo path /home/frasal/Desktop/emse-analysis/repositories/crypta-network_cryptad not found. Cannot resolve parents.
2026-09-18 15:28:33,241 - ERROR - Repo path /home/frasal/Desktop/emse-analysis/repositories/classic-daramg_server not found. Cannot resolve parents.
2026-09-18 15:28:33,241 - ERROR - Repo path /home/frasal/Desktop/emse-analysis/repositories/classic-daramg_server not found. Cannot resolve parents.
2026-09-18 15:28:33,241 - ERROR - Repo path /home/frasal/Desktop/emse-analysis/repositories/classic-daramg_server not found. Cannot resolve parents.
2026-09-18 15:28:33,241 - ERROR - Repo path /home/frasal/Desktop/emse-analysis/repositories/elastic_elasticsearch not found. Cannot resolve parents.
2026-09-18 15:28:33,241 - ERROR - Repo path /home/frasal/Desktop/emse-analysis/repositories/classic-daramg_server not found. Cannot resolve parents.
2026-09-18 15:28:33,241 - ERROR - Repo path /home/frasal/Desktop/emse-analysis/repositories/apache_solr-mcp not found. Cannot resolve parents.
2026-09-18 15:28:33,241 - ERROR - Repo path /home/frasal/Desktop/emse-analysis/repositories/elastic_elasticsearch not found. Cannot resolve parents.
2026-09-18 15:28:33,241 - ERROR - Repo path /home/frasal/Desktop/emse-analysis/repositories/equinor_neqsim not found. Cannot resolve parents.
2026-09-18 15:28:33,241 - ERROR - Repo path /home/frasal/Desktop/emse-analysis/repositories/elastic_elasticsearch not found. Cannot resolve parents.
2026-09-18 15:28:33,241 - ERROR - Repo path /home/frasal/Desktop/emse-analysis/repositories/crypta-network_cryptad not found. Cannot resolve parents.
2026-09-18 15:28:33,241 - ERROR - Repo path /home/frasal/Desktop/emse-analysis/repositories/crypta-network_cryptad not found. Cannot resolve parents.
2026-09-18 15:28:33,241 - ERROR - Repo path /home/frasal/Desktop/emse-analysis/repositories/crypta-network_cryptad not found. Cannot resolve parents.
2026-09-18 15:28:33,241 - ERROR - Repo path /home/frasal/Desktop/emse-analysis/repositories/crypta-network_cryptad not found. Cannot resolve parents.
2026-09-18 15:28:33,241 - ERROR - Repo path /home/frasal/Desktop/emse-analysis/repositories/crypta-network_cryptad not found. Cannot resolve parents.
2026-09-18 15:28:33,241 - ERROR - Repo path /home/frasal/Desktop/emse-analysis/repositories/elastic_elasticsearch not found. Cannot resolve parents.
2026-09-18 15:28:33,241 - ERROR - Repo path /home/frasal/Desktop/emse-analysis/repositories/MTES-MCT_dossierfacile-backend not found. Cannot resolve parents.
2026-09-18 15:28:33,241 - ERROR - Repo path /home/frasal/Desktop/emse-analysis/repositories/crypta-network_cryptad not found. Cannot resolve parents.
2026-09-18 15:28:33,241 - ERROR - Repo path /home/frasal/Desktop/emse-analysis/repositories/FelixHertweck_seatReservation not found. Cannot resolve parents.
2026-09-18 15:28:33,241 - ERROR - Repo path /home/frasal/Desktop/emse-analysis/repositories/classic-daramg_server not found. Cannot resolve parents.
2026-09-18 15:28:33,242 - ERROR - Repo path /home/frasal/Desktop/emse-analysis/repositories/classic-daramg_server not found. Cannot resolve parents.
2026-09-18 15:28:33,242 - ERROR - Repo path /home/frasal/Desktop/emse-analysis/repositories/classic-daramg_server not found. Cannot resolve parents.
2026-09-18 15:28:33,242 - ERROR - Repo path /home/frasal/Desktop/emse-analysis/repositories/elastic_elasticsearch not found. Cannot resolve parents.
2026-09-18 15:28:33,242 - ERROR - Repo path /home/frasal/Desktop/emse-analysis/repositories/elastic_elasticsearch not found. Cannot resolve parents.
2026-09-18 15:28:33,242 - ERROR - Repo path /home/frasal/Desktop/emse-analysis/repositories/classic-daramg_server not found. Cannot resolve parents.
2026-09-18 15:28:33,242 - ERROR - Repo path /home/frasal/Desktop/emse-analysis/repositories/elastic_elasticsearch not found. Cannot resolve parents.
2026-09-18 15:28:33,242 - ERROR - Repo path /home/frasal/Desktop/emse-analysis/repositories/classic-daramg_server not found. Cannot resolve parents.
2026-09-18 15:28:33,242 - ERROR - Repo path /home/frasal/Desktop/emse-analysis/repositories/classic-daramg_server not found. Cannot resolve parents.
2026-09-18 15:28:33,242 - ERROR - Repo path /home/frasal/Desktop/emse-analysis/repositories/elastic_elasticsearch not found. Cannot resolve parents.
2026-09-18 15:28:33,242 - ERROR - Repo path /home/frasal/Desktop/emse-analysis/repositories/StarRocks_starrocks not found. Cannot resolve parents.
2026-09-18 15:28:33,242 - ERROR - Repo path /home/frasal/Desktop/emse-analysis/repositories/crypta-network_cryptad not found. Cannot resolve parents.
2026-09-18 15:28:33,242 - ERROR - Repo path /home/frasal/Desktop/emse-analysis/repositories/operaton_operaton not found. Cannot resolve parents.
2026-09-18 15:28:33,242 - ERROR - Repo path /home/frasal/Desktop/emse-analysis/repositories/crypta-network_cryptad not found. Cannot resolve parents.
2026-09-18 15:28:33,242 - ERROR - Repo path /home/frasal/Desktop/emse-analysis/repositories/crypta-network_cryptad not found. Cannot resolve parents.
2026-09-18 15:28:33,242 - ERROR - Repo path /home/frasal/Desktop/emse-analysis/repositories/crypta-network_cryptad not found. Cannot resolve parents.
2026-09-18 15:28:33,242 - ERROR - Repo path /home/frasal/Desktop/emse-analysis/repositories/elastic_elasticsearch not found. Cannot resolve parents.
2026-09-18 15:28:33,242 - ERROR - Repo path /home/frasal/Desktop/emse-analysis/repositories/elastic_elasticsearch not found. Cannot resolve parents.
2026-09-18 15:28:33,242 - ERROR - Repo path /home/frasal/Desktop/emse-analysis/repositories/elastic_elasticsearch not found. Cannot resolve parents.
2026-09-18 15:28:33,242 - ERROR - Repo path /home/frasal/Desktop/emse-analysis/repositories/camunda_camunda not found. Cannot resolve parents.
2026-09-18 15:28:33,242 - ERROR - Repo path /home/frasal/Desktop/emse-analysis/repositories/linkedin_ambry not found. Cannot resolve parents.
2026-09-18 15:28:33,242 - ERROR - Repo path /home/frasal/Desktop/emse-analysis/repositories/linkedin_ambry not found. Cannot resolve parents.
2026-09-18 15:28:33,242 - ERROR - Repo path /home/frasal/Desktop/emse-analysis/repositories/linkedin_ambry not found. Cannot resolve parents.
2026-09-18 15:28:33,242 - ERROR - Repo path /home/frasal/Desktop/emse-analysis/repositories/crypta-network_cryptad not found. Cannot resolve parents.
2026-09-18 15:28:33,242 - ERROR - Repo path /home/frasal/Desktop/emse-analysis/repositories/crypta-network_cryptad not found. Cannot resolve parents.
2026-09-18 15:28:33,242 - ERROR - Repo path /home/frasal/Desktop/emse-analysis/repositories/crypta-network_cryptad not found. Cannot resolve parents.
2026-09-18 15:28:33,242 - ERROR - Repo path /home/frasal/Desktop/emse-analysis/repositories/crypta-network_cryptad not found. Cannot resolve parents.
2026-09-18 15:28:33,242 - ERROR - Repo path /home/frasal/Desktop/emse-analysis/repositories/crypta-network_cryptad not found. Cannot resolve parents.
2026-09-18 15:28:33,242 - ERROR - Repo path /home/frasal/Desktop/emse-analysis/repositories/crypta-network_cryptad not found. Cannot resolve parents.
2026-09-18 15:28:33,242 - ERROR - Repo path /home/frasal/Desktop/emse-analysis/repositories/crypta-network_cryptad not found. Cannot resolve parents.
2026-09-18 15:28:33,242 - ERROR - Repo path /home/frasal/Desktop/emse-analysis/repositories/apache_shardingsphere not found. Cannot resolve parents.
2026-09-18 15:28:33,242 - ERROR - Repo path /home/frasal/Desktop/emse-analysis/repositories/linkedin_ambry not found. Cannot resolve parents.
2026-09-18 15:28:33,242 - ERROR - Repo path /home/frasal/Desktop/emse-analysis/repositories/linkedin_ambry not found. Cannot resolve parents.
2026-09-18 15:28:33,243 - ERROR - Repo path /home/frasal/Desktop/emse-analysis/repositories/linkedin_ambry not found. Cannot resolve parents.
2026-09-18 15:28:33,243 - ERROR - Repo path /home/frasal/Desktop/emse-analysis/repositories/linkedin_ambry not found. Cannot resolve parents.
2026-09-18 15:28:33,243 - ERROR - Repo path /home/frasal/Desktop/emse-analysis/repositories/linkedin_ambry not found. Cannot resolve parents.
2026-09-18 15:28:33,243 - ERROR - Repo path /home/frasal/Desktop/emse-analysis/repositories/elastic_elasticsearch not found. Cannot resolve parents.
2026-09-18 15:28:33,243 - ERROR - Repo path /home/frasal/Desktop/emse-analysis/repositories/elastic_elasticsearch not found. Cannot resolve parents.
2026-09-18 15:28:33,243 - ERROR - Repo path /home/frasal/Desktop/emse-analysis/repositories/linkedin_ambry not found. Cannot resolve parents.
2026-09-18 15:28:33,243 - ERROR - Repo path /home/frasal/Desktop/emse-analysis/repositories/linkedin_ambry not found. Cannot resolve parents.
2026-09-18 15:28:33,243 - ERROR - Repo path /home/frasal/Desktop/emse-analysis/repositories/elastic_elasticsearch not found. Cannot resolve parents.
2026-09-18 15:28:33,243 - ERROR - Repo path /home/frasal/Desktop/emse-analysis/repositories/linkedin_ambry not found. Cannot resolve parents.
2026-09-18 15:28:33,243 - ERROR - Repo path /home/frasal/Desktop/emse-analysis/repositories/elastic_elasticsearch not found. Cannot resolve parents.
2026-09-18 15:28:33,243 - ERROR - Repo path /home/frasal/Desktop/emse-analysis/repositories/elastic_elasticsearch not found. Cannot resolve parents.
2026-09-18 15:28:33,243 - ERROR - Repo path /home/frasal/Desktop/emse-analysis/repositories/elastic_elasticsearch not found. Cannot resolve parents.
2026-09-18 15:28:33,243 - ERROR - Repo path /home/frasal/Desktop/emse-analysis/repositories/apache_shardingsphere not found. Cannot resolve parents.
2026-09-18 15:28:33,243 - ERROR - Repo path /home/frasal/Desktop/emse-analysis/repositories/vaadin_flow not found. Cannot resolve parents.
2026-09-18 15:28:33,243 - ERROR - Repo path /home/frasal/Desktop/emse-analysis/repositories/chsami_Microbot not found. Cannot resolve parents.
2026-09-18 15:28:33,243 - ERROR - Repo path /home/frasal/Desktop/emse-analysis/repositories/linkedin_ambry not found. Cannot resolve parents.
2026-09-18 15:28:33,243 - ERROR - Repo path /home/frasal/Desktop/emse-analysis/repositories/linkedin_ambry not found. Cannot resolve parents.
2026-09-18 15:28:33,243 - ERROR - Repo path /home/frasal/Desktop/emse-analysis/repositories/linkedin_ambry not found. Cannot resolve parents.
2026-09-18 15:28:33,243 - ERROR - Repo path /home/frasal/Desktop/emse-analysis/repositories/elastic_elasticsearch not found. Cannot resolve parents.
2026-09-18 15:28:33,243 - ERROR - Repo path /home/frasal/Desktop/emse-analysis/repositories/linkedin_ambry not found. Cannot resolve parents.
2026-09-18 15:28:33,243 - ERROR - Repo path /home/frasal/Desktop/emse-analysis/repositories/linkedin_ambry not found. Cannot resolve parents.
2026-09-18 15:28:33,243 - ERROR - Repo path /home/frasal/Desktop/emse-analysis/repositories/elastic_elasticsearch not found. Cannot resolve parents.
2026-09-18 15:28:33,243 - ERROR - Repo path /home/frasal/Desktop/emse-analysis/repositories/linkedin_ambry not found. Cannot resolve parents.
2026-09-18 15:28:33,243 - ERROR - Repo path /home/frasal/Desktop/emse-analysis/repositories/elastic_elasticsearch not found. Cannot resolve parents.
2026-09-18 15:28:33,243 - ERROR - Repo path /home/frasal/Desktop/emse-analysis/repositories/linkedin_ambry not found. Cannot resolve parents.
2026-09-18 15:28:33,243 - ERROR - Repo path /home/frasal/Desktop/emse-analysis/repositories/linkedin_ambry not found. Cannot resolve parents.
2026-09-18 15:28:33,243 - ERROR - Repo path /home/frasal/Desktop/emse-analysis/repositories/linkedin_ambry not found. Cannot resolve parents.
2026-09-18 15:28:33,243 - ERROR - Repo path /home/frasal/Desktop/emse-analysis/repositories/linkedin_ambry not found. Cannot resolve parents.
2026-09-18 15:28:33,243 - ERROR - Repo path /home/frasal/Desktop/emse-analysis/repositories/linkedin_ambry not found. Cannot resolve parents.
2026-09-18 15:28:33,243 - ERROR - Repo path /home/frasal/Desktop/emse-analysis/repositories/linkedin_ambry not found. Cannot resolve parents.
2026-09-18 15:28:33,243 - ERROR - Repo path /home/frasal/Desktop/emse-analysis/repositories/linkedin_ambry not found. Cannot resolve parents.
2026-09-18 15:28:33,243 - ERROR - Repo path /home/frasal/Desktop/emse-analysis/repositories/sepa79_PocketHive not found. Cannot resolve parents.
2026-09-18 15:28:33,244 - ERROR - Repo path /home/frasal/Desktop/emse-analysis/repositories/leonarduk_pension-risk-management-system not found. Cannot resolve parents.
2026-09-18 15:28:33,244 - ERROR - Repo path /home/frasal/Desktop/emse-analysis/repositories/linkedin_ambry not found. Cannot resolve parents.
2026-09-18 15:28:33,244 - ERROR - Repo path /home/frasal/Desktop/emse-analysis/repositories/linkedin_ambry not found. Cannot resolve parents.
2026-09-18 15:28:33,244 - ERROR - Repo path /home/frasal/Desktop/emse-analysis/repositories/elastic_elasticsearch not found. Cannot resolve parents.
2026-09-18 15:28:33,244 - ERROR - Repo path /home/frasal/Desktop/emse-analysis/repositories/sepa79_PocketHive not found. Cannot resolve parents.
2026-09-18 15:28:33,244 - ERROR - Repo path /home/frasal/Desktop/emse-analysis/repositories/sepa79_PocketHive not found. Cannot resolve parents.
2026-09-18 15:28:33,244 - ERROR - Repo path /home/frasal/Desktop/emse-analysis/repositories/sepa79_PocketHive not found. Cannot resolve parents.
2026-09-18 15:28:33,244 - ERROR - Repo path /home/frasal/Desktop/emse-analysis/repositories/sepa79_PocketHive not found. Cannot resolve parents.
2026-09-18 15:28:33,244 - ERROR - Repo path /home/frasal/Desktop/emse-analysis/repositories/elastic_elasticsearch not found. Cannot resolve parents.
2026-09-18 15:28:33,244 - ERROR - Repo path /home/frasal/Desktop/emse-analysis/repositories/LucasChazarreta_SIGA-FCEyT not found. Cannot resolve parents.
2026-09-18 15:28:33,244 - ERROR - Repo path /home/frasal/Desktop/emse-analysis/repositories/elastic_elasticsearch not found. Cannot resolve parents.
2026-09-18 15:28:33,244 - ERROR - Repo path /home/frasal/Desktop/emse-analysis/repositories/crypta-network_cryptad not found. Cannot resolve parents.
2026-09-18 15:28:33,244 - ERROR - Repo path /home/frasal/Desktop/emse-analysis/repositories/crypta-network_cryptad not found. Cannot resolve parents.
2026-09-18 15:28:33,244 - ERROR - Repo path /home/frasal/Desktop/emse-analysis/repositories/crypta-network_cryptad not found. Cannot resolve parents.
2026-09-18 15:28:33,244 - ERROR - Repo path /home/frasal/Desktop/emse-analysis/repositories/elastic_elasticsearch not found. Cannot resolve parents.
2026-09-18 15:28:33,244 - ERROR - Repo path /home/frasal/Desktop/emse-analysis/repositories/intersoftdatalabs-in_percussioncms not found. Cannot resolve parents.
2026-09-18 15:28:33,244 - ERROR - Repo path /home/frasal/Desktop/emse-analysis/repositories/sepa79_PocketHive not found. Cannot resolve parents.
2026-09-18 15:28:33,244 - ERROR - Repo path /home/frasal/Desktop/emse-analysis/repositories/sepa79_PocketHive not found. Cannot resolve parents.
2026-09-18 15:28:33,244 - ERROR - Repo path /home/frasal/Desktop/emse-analysis/repositories/sepa79_PocketHive not found. Cannot resolve parents.
2026-09-18 15:28:33,244 - ERROR - Repo path /home/frasal/Desktop/emse-analysis/repositories/elastic_elasticsearch not found. Cannot resolve parents.
2026-09-18 15:28:33,244 - ERROR - Repo path /home/frasal/Desktop/emse-analysis/repositories/elastic_elasticsearch not found. Cannot resolve parents.
2026-09-18 15:28:33,244 - ERROR - Repo path /home/frasal/Desktop/emse-analysis/repositories/sepa79_PocketHive not found. Cannot resolve parents.
2026-09-18 15:28:33,244 - ERROR - Repo path /home/frasal/Desktop/emse-analysis/repositories/sepa79_PocketHive not found. Cannot resolve parents.
2026-09-18 15:28:33,244 - ERROR - Repo path /home/frasal/Desktop/emse-analysis/repositories/elastic_elasticsearch not found. Cannot resolve parents.
2026-09-18 15:28:33,244 - ERROR - Repo path /home/frasal/Desktop/emse-analysis/repositories/aklivity_zilla not found. Cannot resolve parents.
2026-09-18 15:28:33,244 - ERROR - Repo path /home/frasal/Desktop/emse-analysis/repositories/elastic_elasticsearch not found. Cannot resolve parents.
2026-09-18 15:28:33,244 - ERROR - Repo path /home/frasal/Desktop/emse-analysis/repositories/MTES-MCT_dossierfacile-backend not found. Cannot resolve parents.
2026-09-18 15:28:33,244 - ERROR - Repo path /home/frasal/Desktop/emse-analysis/repositories/elastic_elasticsearch not found. Cannot resolve parents.
2026-09-18 15:28:33,244 - ERROR - Repo path /home/frasal/Desktop/emse-analysis/repositories/navikt_ung-sak not found. Cannot resolve parents.
2026-09-18 15:28:33,244 - ERROR - Repo path /home/frasal/Desktop/emse-analysis/repositories/elastic_elasticsearch not found. Cannot resolve parents.
2026-09-18 15:28:33,245 - ERROR - Repo path /home/frasal/Desktop/emse-analysis/repositories/MTES-MCT_dossierfacile-backend not found. Cannot resolve parents.
2026-09-18 15:28:33,245 - ERROR - Repo path /home/frasal/Desktop/emse-analysis/repositories/sepa79_PocketHive not found. Cannot resolve parents.
2026-09-18 15:28:33,245 - ERROR - Repo path /home/frasal/Desktop/emse-analysis/repositories/sepa79_PocketHive not found. Cannot resolve parents.
2026-09-18 15:28:33,245 - ERROR - Repo path /home/frasal/Desktop/emse-analysis/repositories/sepa79_PocketHive not found. Cannot resolve parents.
2026-09-18 15:28:33,245 - ERROR - Repo path /home/frasal/Desktop/emse-analysis/repositories/sepa79_PocketHive not found. Cannot resolve parents.
2026-09-18 15:28:33,245 - ERROR - Repo path /home/frasal/Desktop/emse-analysis/repositories/sepa79_PocketHive not found. Cannot resolve parents.
2026-09-18 15:28:33,245 - ERROR - Repo path /home/frasal/Desktop/emse-analysis/repositories/equinor_neqsim not found. Cannot resolve parents.
2026-09-18 15:28:33,245 - ERROR - Repo path /home/frasal/Desktop/emse-analysis/repositories/Valossa515_spring-courier not found. Cannot resolve parents.
2026-09-18 15:28:33,245 - ERROR - Repo path /home/frasal/Desktop/emse-analysis/repositories/sepa79_PocketHive not found. Cannot resolve parents.
2026-09-18 15:28:33,245 - ERROR - Repo path /home/frasal/Desktop/emse-analysis/repositories/Valossa515_spring-courier not found. Cannot resolve parents.
2026-09-18 15:28:33,245 - ERROR - Repo path /home/frasal/Desktop/emse-analysis/repositories/Valossa515_spring-courier not found. Cannot resolve parents.
2026-09-18 15:28:33,245 - ERROR - Repo path /home/frasal/Desktop/emse-analysis/repositories/Valossa515_spring-courier not found. Cannot resolve parents.
2026-09-18 15:28:33,245 - ERROR - Repo path /home/frasal/Desktop/emse-analysis/repositories/sepa79_PocketHive not found. Cannot resolve parents.
2026-09-18 15:28:33,245 - ERROR - Repo path /home/frasal/Desktop/emse-analysis/repositories/sepa79_PocketHive not found. Cannot resolve parents.
2026-09-18 15:28:33,245 - ERROR - Repo path /home/frasal/Desktop/emse-analysis/repositories/sepa79_PocketHive not found. Cannot resolve parents.
2026-09-18 15:28:33,245 - ERROR - Repo path /home/frasal/Desktop/emse-analysis/repositories/sepa79_PocketHive not found. Cannot resolve parents.
2026-09-18 15:28:33,245 - ERROR - Repo path /home/frasal/Desktop/emse-analysis/repositories/sepa79_PocketHive not found. Cannot resolve parents.
2026-09-18 15:28:33,245 - ERROR - Repo path /home/frasal/Desktop/emse-analysis/repositories/sepa79_PocketHive not found. Cannot resolve parents.
2026-09-18 15:28:33,245 - ERROR - Repo path /home/frasal/Desktop/emse-analysis/repositories/ls1intum_Artemis not found. Cannot resolve parents.
2026-09-18 15:28:33,245 - ERROR - Repo path /home/frasal/Desktop/emse-analysis/repositories/sepa79_PocketHive not found. Cannot resolve parents.
2026-09-18 15:28:33,245 - ERROR - Repo path /home/frasal/Desktop/emse-analysis/repositories/sepa79_PocketHive not found. Cannot resolve parents.
2026-09-18 15:28:33,245 - ERROR - Repo path /home/frasal/Desktop/emse-analysis/repositories/sepa79_PocketHive not found. Cannot resolve parents.
2026-09-18 15:28:33,245 - ERROR - Repo path /home/frasal/Desktop/emse-analysis/repositories/elastic_elasticsearch not found. Cannot resolve parents.
2026-09-18 15:28:33,245 - ERROR - Repo path /home/frasal/Desktop/emse-analysis/repositories/sepa79_PocketHive not found. Cannot resolve parents.
2026-09-18 15:28:33,245 - ERROR - Repo path /home/frasal/Desktop/emse-analysis/repositories/sepa79_PocketHive not found. Cannot resolve parents.
2026-09-18 15:28:33,245 - ERROR - Repo path /home/frasal/Desktop/emse-analysis/repositories/crypta-network_cryptad not found. Cannot resolve parents.
2026-09-18 15:28:33,245 - ERROR - Repo path /home/frasal/Desktop/emse-analysis/repositories/elastic_elasticsearch not found. Cannot resolve parents.
2026-09-18 15:28:33,245 - ERROR - Repo path /home/frasal/Desktop/emse-analysis/repositories/eclipse-rdf4j_rdf4j not found. Cannot resolve parents.
2026-09-18 15:28:33,245 - ERROR - Repo path /home/frasal/Desktop/emse-analysis/repositories/sepa79_PocketHive not found. Cannot resolve parents.
2026-09-18 15:28:33,245 - ERROR - Repo path /home/frasal/Desktop/emse-analysis/repositories/sepa79_PocketHive not found. Cannot resolve parents.
2026-09-18 15:28:33,245 - ERROR - Repo path /home/frasal/Desktop/emse-analysis/repositories/sepa79_PocketHive not found. Cannot resolve parents.
2026-09-18 15:28:33,245 - ERROR - Repo path /home/frasal/Desktop/emse-analysis/repositories/sepa79_PocketHive not found. Cannot resolve parents.
2026-09-18 15:28:33,246 - ERROR - Repo path /home/frasal/Desktop/emse-analysis/repositories/sepa79_PocketHive not found. Cannot resolve parents.
2026-09-18 15:28:33,246 - ERROR - Repo path /home/frasal/Desktop/emse-analysis/repositories/sepa79_PocketHive not found. Cannot resolve parents.
2026-09-18 15:28:33,246 - ERROR - Repo path /home/frasal/Desktop/emse-analysis/repositories/sepa79_PocketHive not found. Cannot resolve parents.
2026-09-18 15:28:33,246 - ERROR - Repo path /home/frasal/Desktop/emse-analysis/repositories/thingsboard_thingsboard not found. Cannot resolve parents.
2026-09-18 15:28:33,246 - ERROR - Repo path /home/frasal/Desktop/emse-analysis/repositories/sepa79_PocketHive not found. Cannot resolve parents.
2026-09-18 15:28:33,246 - ERROR - Repo path /home/frasal/Desktop/emse-analysis/repositories/elastic_elasticsearch not found. Cannot resolve parents.
2026-09-18 15:28:33,246 - ERROR - Repo path /home/frasal/Desktop/emse-analysis/repositories/saidone75_alfresco-node-processor not found. Cannot resolve parents.
2026-09-18 15:28:33,246 - ERROR - Repo path /home/frasal/Desktop/emse-analysis/repositories/saidone75_alfresco-node-processor not found. Cannot resolve parents.
2026-09-18 15:28:33,246 - ERROR - Repo path /home/frasal/Desktop/emse-analysis/repositories/saidone75_alfresco-node-processor not found. Cannot resolve parents.
2026-09-18 15:28:33,246 - ERROR - Repo path /home/frasal/Desktop/emse-analysis/repositories/saidone75_alfresco-node-processor not found. Cannot resolve parents.
2026-09-18 15:28:33,246 - ERROR - Repo path /home/frasal/Desktop/emse-analysis/repositories/saidone75_alfresco-node-processor not found. Cannot resolve parents.
2026-09-18 15:28:33,246 - ERROR - Repo path /home/frasal/Desktop/emse-analysis/repositories/saidone75_alfresco-node-processor not found. Cannot resolve parents.
2026-09-18 15:28:33,246 - ERROR - Repo path /home/frasal/Desktop/emse-analysis/repositories/auspis_fluent-sql-4j not found. Cannot resolve parents.
2026-09-18 15:28:33,246 - ERROR - Repo path /home/frasal/Desktop/emse-analysis/repositories/saidone75_alfresco-node-processor not found. Cannot resolve parents.
2026-09-18 15:28:33,246 - ERROR - Repo path /home/frasal/Desktop/emse-analysis/repositories/auspis_fluent-sql-4j not found. Cannot resolve parents.
2026-09-18 15:28:33,246 - ERROR - Repo path /home/frasal/Desktop/emse-analysis/repositories/elastic_elasticsearch not found. Cannot resolve parents.
2026-09-18 15:28:33,246 - ERROR - Repo path /home/frasal/Desktop/emse-analysis/repositories/BSSMEOD_EODIBACK not found. Cannot resolve parents.
2026-09-18 15:28:33,246 - ERROR - Repo path /home/frasal/Desktop/emse-analysis/repositories/BSSMEOD_EODIBACK not found. Cannot resolve parents.
2026-09-18 15:28:33,246 - ERROR - Repo path /home/frasal/Desktop/emse-analysis/repositories/elastic_elasticsearch not found. Cannot resolve parents.
2026-09-18 15:28:33,246 - ERROR - Repo path /home/frasal/Desktop/emse-analysis/repositories/elastic_elasticsearch not found. Cannot resolve parents.
2026-09-18 15:28:33,246 - ERROR - Repo path /home/frasal/Desktop/emse-analysis/repositories/elastic_elasticsearch not found. Cannot resolve parents.
2026-09-18 15:28:33,246 - ERROR - Repo path /home/frasal/Desktop/emse-analysis/repositories/elastic_elasticsearch not found. Cannot resolve parents.
2026-09-18 15:28:33,246 - ERROR - Repo path /home/frasal/Desktop/emse-analysis/repositories/crypta-network_cryptad not found. Cannot resolve parents.
2026-09-18 15:28:33,246 - ERROR - Repo path /home/frasal/Desktop/emse-analysis/repositories/chsami_Microbot not found. Cannot resolve parents.
2026-09-18 15:28:33,246 - ERROR - Repo path /home/frasal/Desktop/emse-analysis/repositories/crypta-network_cryptad not found. Cannot resolve parents.
2026-09-18 15:28:33,246 - ERROR - Repo path /home/frasal/Desktop/emse-analysis/repositories/elastic_elasticsearch not found. Cannot resolve parents.
2026-09-18 15:28:33,246 - ERROR - Repo path /home/frasal/Desktop/emse-analysis/repositories/crypta-network_cryptad not found. Cannot resolve parents.
2026-09-18 15:28:33,246 - ERROR - Repo path /home/frasal/Desktop/emse-analysis/repositories/elastic_elasticsearch not found. Cannot resolve parents.
2026-09-18 15:28:33,246 - ERROR - Repo path /home/frasal/Desktop/emse-analysis/repositories/crypta-network_cryptad not found. Cannot resolve parents.
2026-09-18 15:28:33,246 - ERROR - Repo path /home/frasal/Desktop/emse-analysis/repositories/elastic_elasticsearch not found. Cannot resolve parents.
2026-09-18 15:28:33,246 - ERROR - Repo path /home/frasal/Desktop/emse-analysis/repositories/crypta-network_cryptad not found. Cannot resolve parents.
2026-09-18 15:28:33,247 - ERROR - Repo path /home/frasal/Desktop/emse-analysis/repositories/crypta-network_cryptad not found. Cannot resolve parents.
2026-09-18 15:28:33,247 - ERROR - Repo path /home/frasal/Desktop/emse-analysis/repositories/elastic_elasticsearch not found. Cannot resolve parents.
2026-09-18 15:28:33,247 - ERROR - Repo path /home/frasal/Desktop/emse-analysis/repositories/crypta-network_cryptad not found. Cannot resolve parents.
2026-09-18 15:28:33,247 - ERROR - Repo path /home/frasal/Desktop/emse-analysis/repositories/elastic_elasticsearch not found. Cannot resolve parents.
2026-09-18 15:28:33,247 - ERROR - Repo path /home/frasal/Desktop/emse-analysis/repositories/crypta-network_cryptad not found. Cannot resolve parents.
2026-09-18 15:28:33,247 - ERROR - Repo path /home/frasal/Desktop/emse-analysis/repositories/crypta-network_cryptad not found. Cannot resolve parents.
2026-09-18 15:28:33,247 - ERROR - Repo path /home/frasal/Desktop/emse-analysis/repositories/elastic_elasticsearch not found. Cannot resolve parents.
2026-09-18 15:28:33,247 - ERROR - Repo path /home/frasal/Desktop/emse-analysis/repositories/camunda_camunda not found. Cannot resolve parents.
2026-09-18 15:28:33,247 - ERROR - Repo path /home/frasal/Desktop/emse-analysis/repositories/crypta-network_cryptad not found. Cannot resolve parents.
2026-09-18 15:28:33,247 - ERROR - Repo path /home/frasal/Desktop/emse-analysis/repositories/crypta-network_cryptad not found. Cannot resolve parents.
2026-09-18 15:28:33,247 - ERROR - Repo path /home/frasal/Desktop/emse-analysis/repositories/leodvincci_Bibby not found. Cannot resolve parents.
2026-09-18 15:28:33,247 - ERROR - Repo path /home/frasal/Desktop/emse-analysis/repositories/crypta-network_cryptad not found. Cannot resolve parents.
2026-09-18 15:28:33,247 - ERROR - Repo path /home/frasal/Desktop/emse-analysis/repositories/leodvincci_Bibby not found. Cannot resolve parents.
2026-09-18 15:28:33,247 - ERROR - Repo path /home/frasal/Desktop/emse-analysis/repositories/MTES-MCT_dossierfacile-backend not found. Cannot resolve parents.
2026-09-18 15:28:33,247 - ERROR - Repo path /home/frasal/Desktop/emse-analysis/repositories/crypta-network_cryptad not found. Cannot resolve parents.
2026-09-18 15:28:33,247 - ERROR - Repo path /home/frasal/Desktop/emse-analysis/repositories/crypta-network_cryptad not found. Cannot resolve parents.
2026-09-18 15:28:33,247 - ERROR - Repo path /home/frasal/Desktop/emse-analysis/repositories/crypta-network_cryptad not found. Cannot resolve parents.
2026-09-18 15:28:33,247 - ERROR - Repo path /home/frasal/Desktop/emse-analysis/repositories/elastic_elasticsearch not found. Cannot resolve parents.
2026-09-18 15:28:33,247 - ERROR - Repo path /home/frasal/Desktop/emse-analysis/repositories/crypta-network_cryptad not found. Cannot resolve parents.
2026-09-18 15:28:33,247 - ERROR - Repo path /home/frasal/Desktop/emse-analysis/repositories/crypta-network_cryptad not found. Cannot resolve parents.
2026-09-18 15:28:33,247 - ERROR - Repo path /home/frasal/Desktop/emse-analysis/repositories/ujax-v2_ujax-server not found. Cannot resolve parents.
2026-09-18 15:28:33,247 - ERROR - Repo path /home/frasal/Desktop/emse-analysis/repositories/ujax-v2_ujax-server not found. Cannot resolve parents.
2026-09-18 15:28:33,247 - ERROR - Repo path /home/frasal/Desktop/emse-analysis/repositories/crypta-network_cryptad not found. Cannot resolve parents.
2026-09-18 15:28:33,247 - ERROR - Repo path /home/frasal/Desktop/emse-analysis/repositories/crypta-network_cryptad not found. Cannot resolve parents.
2026-09-18 15:28:33,247 - ERROR - Repo path /home/frasal/Desktop/emse-analysis/repositories/crypta-network_cryptad not found. Cannot resolve parents.
2026-09-18 15:28:33,247 - ERROR - Repo path /home/frasal/Desktop/emse-analysis/repositories/crypta-network_cryptad not found. Cannot resolve parents.
2026-09-18 15:28:33,247 - ERROR - Repo path /home/frasal/Desktop/emse-analysis/repositories/crypta-network_cryptad not found. Cannot resolve parents.
2026-09-18 15:28:33,247 - ERROR - Repo path /home/frasal/Desktop/emse-analysis/repositories/crypta-network_cryptad not found. Cannot resolve parents.
2026-09-18 15:28:33,247 - ERROR - Repo path /home/frasal/Desktop/emse-analysis/repositories/crypta-network_cryptad not found. Cannot resolve parents.
2026-09-18 15:28:33,247 - ERROR - Repo path /home/frasal/Desktop/emse-analysis/repositories/crypta-network_cryptad not found. Cannot resolve parents.
2026-09-18 15:28:33,247 - ERROR - Repo path /home/frasal/Desktop/emse-analysis/repositories/crypta-network_cryptad not found. Cannot resolve parents.
2026-09-18 15:28:33,247 - ERROR - Repo path /home/frasal/Desktop/emse-analysis/repositories/crypta-network_cryptad not found. Cannot resolve parents.
2026-09-18 15:28:33,248 - ERROR - Repo path /home/frasal/Desktop/emse-analysis/repositories/crypta-network_cryptad not found. Cannot resolve parents.
2026-09-18 15:28:33,248 - ERROR - Repo path /home/frasal/Desktop/emse-analysis/repositories/ujax-v2_ujax-server not found. Cannot resolve parents.
2026-09-18 15:28:33,248 - ERROR - Repo path /home/frasal/Desktop/emse-analysis/repositories/ujax-v2_ujax-server not found. Cannot resolve parents.
2026-09-18 15:28:33,248 - ERROR - Repo path /home/frasal/Desktop/emse-analysis/repositories/ujax-v2_ujax-server not found. Cannot resolve parents.
2026-09-18 15:28:33,248 - ERROR - Repo path /home/frasal/Desktop/emse-analysis/repositories/elastic_elasticsearch not found. Cannot resolve parents.
2026-09-18 15:28:33,248 - ERROR - Repo path /home/frasal/Desktop/emse-analysis/repositories/crypta-network_cryptad not found. Cannot resolve parents.
2026-09-18 15:28:33,248 - ERROR - Repo path /home/frasal/Desktop/emse-analysis/repositories/ujax-v2_ujax-server not found. Cannot resolve parents.
2026-09-18 15:28:33,248 - ERROR - Repo path /home/frasal/Desktop/emse-analysis/repositories/crypta-network_cryptad not found. Cannot resolve parents.
2026-09-18 15:28:33,248 - ERROR - Repo path /home/frasal/Desktop/emse-analysis/repositories/crypta-network_cryptad not found. Cannot resolve parents.
2026-09-18 15:28:33,248 - ERROR - Repo path /home/frasal/Desktop/emse-analysis/repositories/saidone75_alfresco-node-vault not found. Cannot resolve parents.
2026-09-18 15:28:33,248 - ERROR - Repo path /home/frasal/Desktop/emse-analysis/repositories/crypta-network_cryptad not found. Cannot resolve parents.
2026-09-18 15:28:33,248 - ERROR - Repo path /home/frasal/Desktop/emse-analysis/repositories/crypta-network_cryptad not found. Cannot resolve parents.
2026-09-18 15:28:33,248 - ERROR - Repo path /home/frasal/Desktop/emse-analysis/repositories/elastic_elasticsearch not found. Cannot resolve parents.
2026-09-18 15:28:33,248 - ERROR - Repo path /home/frasal/Desktop/emse-analysis/repositories/crypta-network_cryptad not found. Cannot resolve parents.
2026-09-18 15:28:33,248 - ERROR - Repo path /home/frasal/Desktop/emse-analysis/repositories/graphql-java_graphql-java not found. Cannot resolve parents.
2026-09-18 15:28:33,248 - ERROR - Repo path /home/frasal/Desktop/emse-analysis/repositories/leodvincci_Bibby not found. Cannot resolve parents.
2026-09-18 15:28:33,248 - ERROR - Repo path /home/frasal/Desktop/emse-analysis/repositories/crypta-network_cryptad not found. Cannot resolve parents.
2026-09-18 15:28:33,248 - ERROR - Repo path /home/frasal/Desktop/emse-analysis/repositories/crypta-network_cryptad not found. Cannot resolve parents.
2026-09-18 15:28:33,248 - ERROR - Repo path /home/frasal/Desktop/emse-analysis/repositories/crypta-network_cryptad not found. Cannot resolve parents.
2026-09-18 15:28:33,248 - ERROR - Repo path /home/frasal/Desktop/emse-analysis/repositories/crypta-network_cryptad not found. Cannot resolve parents.
2026-09-18 15:28:33,248 - ERROR - Repo path /home/frasal/Desktop/emse-analysis/repositories/crypta-network_cryptad not found. Cannot resolve parents.
2026-09-18 15:28:33,248 - ERROR - Repo path /home/frasal/Desktop/emse-analysis/repositories/elastic_elasticsearch not found. Cannot resolve parents.
2026-09-18 15:28:33,248 - ERROR - Repo path /home/frasal/Desktop/emse-analysis/repositories/elastic_elasticsearch not found. Cannot resolve parents.
2026-09-18 15:28:33,248 - ERROR - Repo path /home/frasal/Desktop/emse-analysis/repositories/crypta-network_cryptad not found. Cannot resolve parents.
2026-09-18 15:28:33,248 - ERROR - Repo path /home/frasal/Desktop/emse-analysis/repositories/crypta-network_cryptad not found. Cannot resolve parents.
2026-09-18 15:28:33,248 - ERROR - Repo path /home/frasal/Desktop/emse-analysis/repositories/elastic_elasticsearch not found. Cannot resolve parents.
2026-09-18 15:28:33,248 - ERROR - Repo path /home/frasal/Desktop/emse-analysis/repositories/elastic_elasticsearch not found. Cannot resolve parents.
2026-09-18 15:28:33,248 - ERROR - Repo path /home/frasal/Desktop/emse-analysis/repositories/crypta-network_cryptad not found. Cannot resolve parents.
2026-09-18 15:28:33,248 - ERROR - Repo path /home/frasal/Desktop/emse-analysis/repositories/crypta-network_cryptad not found. Cannot resolve parents.
2026-09-18 15:28:33,248 - ERROR - Repo path /home/frasal/Desktop/emse-analysis/repositories/crypta-network_cryptad not found. Cannot resolve parents.
2026-09-18 15:28:33,248 - ERROR - Repo path /home/frasal/Desktop/emse-analysis/repositories/crypta-network_cryptad not found. Cannot resolve parents.
2026-09-18 15:28:33,248 - ERROR - Repo path /home/frasal/Desktop/emse-analysis/repositories/crypta-network_cryptad not found. Cannot resolve parents.
2026-09-18 15:28:33,249 - ERROR - Repo path /home/frasal/Desktop/emse-analysis/repositories/elastic_elasticsearch not found. Cannot resolve parents.
2026-09-18 15:28:33,249 - ERROR - Repo path /home/frasal/Desktop/emse-analysis/repositories/crypta-network_cryptad not found. Cannot resolve parents.
2026-09-18 15:28:33,249 - ERROR - Repo path /home/frasal/Desktop/emse-analysis/repositories/crypta-network_cryptad not found. Cannot resolve parents.
2026-09-18 15:28:33,249 - ERROR - Repo path /home/frasal/Desktop/emse-analysis/repositories/crypta-network_cryptad not found. Cannot resolve parents.
2026-09-18 15:28:33,249 - ERROR - Repo path /home/frasal/Desktop/emse-analysis/repositories/crypta-network_cryptad not found. Cannot resolve parents.
2026-09-18 15:28:33,249 - ERROR - Repo path /home/frasal/Desktop/emse-analysis/repositories/crypta-network_cryptad not found. Cannot resolve parents.
2026-09-18 15:28:33,249 - ERROR - Repo path /home/frasal/Desktop/emse-analysis/repositories/crypta-network_cryptad not found. Cannot resolve parents.
2026-09-18 15:28:33,249 - ERROR - Repo path /home/frasal/Desktop/emse-analysis/repositories/elastic_elasticsearch not found. Cannot resolve parents.
2026-09-18 15:28:33,249 - ERROR - Repo path /home/frasal/Desktop/emse-analysis/repositories/crypta-network_cryptad not found. Cannot resolve parents.
2026-09-18 15:28:33,249 - ERROR - Repo path /home/frasal/Desktop/emse-analysis/repositories/elastic_elasticsearch not found. Cannot resolve parents.
2026-09-18 15:28:33,249 - ERROR - Repo path /home/frasal/Desktop/emse-analysis/repositories/crypta-network_cryptad not found. Cannot resolve parents.
2026-09-18 15:28:33,249 - ERROR - Repo path /home/frasal/Desktop/emse-analysis/repositories/crypta-network_cryptad not found. Cannot resolve parents.
2026-09-18 15:28:33,249 - ERROR - Repo path /home/frasal/Desktop/emse-analysis/repositories/elastic_elasticsearch not found. Cannot resolve parents.
2026-09-18 15:28:33,249 - ERROR - Repo path /home/frasal/Desktop/emse-analysis/repositories/crypta-network_cryptad not found. Cannot resolve parents.
2026-09-18 15:28:33,249 - ERROR - Repo path /home/frasal/Desktop/emse-analysis/repositories/crypta-network_cryptad not found. Cannot resolve parents.
2026-09-18 15:28:33,249 - ERROR - Repo path /home/frasal/Desktop/emse-analysis/repositories/elastic_elasticsearch not found. Cannot resolve parents.
2026-09-18 15:28:33,249 - ERROR - Repo path /home/frasal/Desktop/emse-analysis/repositories/elastic_elasticsearch not found. Cannot resolve parents.
2026-09-18 15:28:33,249 - ERROR - Repo path /home/frasal/Desktop/emse-analysis/repositories/elastic_elasticsearch not found. Cannot resolve parents.
2026-09-18 15:28:33,249 - ERROR - Repo path /home/frasal/Desktop/emse-analysis/repositories/crypta-network_cryptad not found. Cannot resolve parents.
2026-09-18 15:28:33,249 - ERROR - Repo path /home/frasal/Desktop/emse-analysis/repositories/crypta-network_cryptad not found. Cannot resolve parents.
2026-09-18 15:28:33,249 - ERROR - Repo path /home/frasal/Desktop/emse-analysis/repositories/auspis_fluent-sql-4j not found. Cannot resolve parents.
2026-09-18 15:28:33,249 - ERROR - Repo path /home/frasal/Desktop/emse-analysis/repositories/auspis_fluent-sql-4j not found. Cannot resolve parents.
2026-09-18 15:28:33,249 - ERROR - Repo path /home/frasal/Desktop/emse-analysis/repositories/camunda_camunda not found. Cannot resolve parents.
2026-09-18 15:28:33,249 - ERROR - Repo path /home/frasal/Desktop/emse-analysis/repositories/crypta-network_cryptad not found. Cannot resolve parents.
2026-09-18 15:28:33,249 - ERROR - Repo path /home/frasal/Desktop/emse-analysis/repositories/crypta-network_cryptad not found. Cannot resolve parents.
2026-09-18 15:28:33,249 - ERROR - Repo path /home/frasal/Desktop/emse-analysis/repositories/elastic_elasticsearch not found. Cannot resolve parents.
2026-09-18 15:28:33,249 - ERROR - Repo path /home/frasal/Desktop/emse-analysis/repositories/crypta-network_cryptad not found. Cannot resolve parents.
2026-09-18 15:28:33,249 - ERROR - Repo path /home/frasal/Desktop/emse-analysis/repositories/crypta-network_cryptad not found. Cannot resolve parents.
2026-09-18 15:28:33,249 - ERROR - Repo path /home/frasal/Desktop/emse-analysis/repositories/crypta-network_cryptad not found. Cannot resolve parents.
2026-09-18 15:28:33,249 - ERROR - Repo path /home/frasal/Desktop/emse-analysis/repositories/elastic_elasticsearch not found. Cannot resolve parents.
2026-09-18 15:28:33,249 - ERROR - Repo path /home/frasal/Desktop/emse-analysis/repositories/crypta-network_cryptad not found. Cannot resolve parents.
2026-09-18 15:28:33,249 - ERROR - Repo path /home/frasal/Desktop/emse-analysis/repositories/crypta-network_cryptad not found. Cannot resolve parents.
2026-09-18 15:28:33,250 - ERROR - Repo path /home/frasal/Desktop/emse-analysis/repositories/crypta-network_cryptad not found. Cannot resolve parents.
2026-09-18 15:28:33,250 - ERROR - Repo path /home/frasal/Desktop/emse-analysis/repositories/crypta-network_cryptad not found. Cannot resolve parents.
2026-09-18 15:28:33,250 - ERROR - Repo path /home/frasal/Desktop/emse-analysis/repositories/elastic_elasticsearch not found. Cannot resolve parents.
2026-09-18 15:28:33,250 - ERROR - Repo path /home/frasal/Desktop/emse-analysis/repositories/elastic_elasticsearch not found. Cannot resolve parents.
2026-09-18 15:28:33,250 - ERROR - Repo path /home/frasal/Desktop/emse-analysis/repositories/elastic_elasticsearch not found. Cannot resolve parents.
2026-09-18 15:28:33,250 - ERROR - Repo path /home/frasal/Desktop/emse-analysis/repositories/crypta-network_cryptad not found. Cannot resolve parents.
2026-09-18 15:28:33,250 - ERROR - Repo path /home/frasal/Desktop/emse-analysis/repositories/crypta-network_cryptad not found. Cannot resolve parents.
2026-09-18 15:28:33,250 - ERROR - Repo path /home/frasal/Desktop/emse-analysis/repositories/crypta-network_cryptad not found. Cannot resolve parents.
2026-09-18 15:28:33,250 - ERROR - Repo path /home/frasal/Desktop/emse-analysis/repositories/crypta-network_cryptad not found. Cannot resolve parents.
2026-09-18 15:28:33,250 - ERROR - Repo path /home/frasal/Desktop/emse-analysis/repositories/crypta-network_cryptad not found. Cannot resolve parents.
2026-09-18 15:28:33,250 - ERROR - Repo path /home/frasal/Desktop/emse-analysis/repositories/fblan_fairnsquare not found. Cannot resolve parents.
2026-09-18 15:28:33,250 - ERROR - Repo path /home/frasal/Desktop/emse-analysis/repositories/fblan_fairnsquare not found. Cannot resolve parents.
2026-09-18 15:28:33,250 - ERROR - Repo path /home/frasal/Desktop/emse-analysis/repositories/elastic_elasticsearch not found. Cannot resolve parents.
2026-09-18 15:28:33,250 - ERROR - Repo path /home/frasal/Desktop/emse-analysis/repositories/fblan_fairnsquare not found. Cannot resolve parents.
2026-09-18 15:28:33,250 - ERROR - Repo path /home/frasal/Desktop/emse-analysis/repositories/fblan_fairnsquare not found. Cannot resolve parents.
2026-09-18 15:28:33,250 - ERROR - Repo path /home/frasal/Desktop/emse-analysis/repositories/elastic_elasticsearch not found. Cannot resolve parents.
2026-09-18 15:28:33,250 - ERROR - Repo path /home/frasal/Desktop/emse-analysis/repositories/fblan_fairnsquare not found. Cannot resolve parents.
2026-09-18 15:28:33,250 - ERROR - Repo path /home/frasal/Desktop/emse-analysis/repositories/elastic_elasticsearch not found. Cannot resolve parents.
2026-09-18 15:28:33,250 - ERROR - Repo path /home/frasal/Desktop/emse-analysis/repositories/elastic_elasticsearch not found. Cannot resolve parents.
2026-09-18 15:28:33,250 - ERROR - Repo path /home/frasal/Desktop/emse-analysis/repositories/fblan_fairnsquare not found. Cannot resolve parents.
2026-09-18 15:28:33,250 - ERROR - Repo path /home/frasal/Desktop/emse-analysis/repositories/elastic_elasticsearch not found. Cannot resolve parents.
2026-09-18 15:28:33,250 - ERROR - Repo path /home/frasal/Desktop/emse-analysis/repositories/elastic_elasticsearch not found. Cannot resolve parents.
2026-09-18 15:28:33,250 - ERROR - Repo path /home/frasal/Desktop/emse-analysis/repositories/elastic_elasticsearch not found. Cannot resolve parents.
2026-09-18 15:28:33,250 - ERROR - Repo path /home/frasal/Desktop/emse-analysis/repositories/elastic_elasticsearch not found. Cannot resolve parents.
2026-09-18 15:28:33,250 - ERROR - Repo path /home/frasal/Desktop/emse-analysis/repositories/elastic_elasticsearch not found. Cannot resolve parents.
2026-09-18 15:28:33,250 - ERROR - Repo path /home/frasal/Desktop/emse-analysis/repositories/elastic_elasticsearch not found. Cannot resolve parents.
2026-09-18 15:28:33,250 - ERROR - Repo path /home/frasal/Desktop/emse-analysis/repositories/Team488_TeamXbot2026 not found. Cannot resolve parents.
2026-09-18 15:28:33,250 - ERROR - Repo path /home/frasal/Desktop/emse-analysis/repositories/elastic_elasticsearch not found. Cannot resolve parents.
2026-09-18 15:28:33,250 - ERROR - Repo path /home/frasal/Desktop/emse-analysis/repositories/Team488_TeamXbot2026 not found. Cannot resolve parents.
2026-09-18 15:28:33,250 - ERROR - Repo path /home/frasal/Desktop/emse-analysis/repositories/elastic_elasticsearch not found. Cannot resolve parents.
2026-09-18 15:28:33,250 - ERROR - Repo path /home/frasal/Desktop/emse-analysis/repositories/elastic_elasticsearch not found. Cannot resolve parents.
2026-09-18 15:28:33,251 - ERROR - Repo path /home/frasal/Desktop/emse-analysis/repositories/elastic_elasticsearch not found. Cannot resolve parents.
2026-09-18 15:28:33,251 - ERROR - Repo path /home/frasal/Desktop/emse-analysis/repositories/crypta-network_cryptad not found. Cannot resolve parents.
2026-09-18 15:28:33,251 - ERROR - Repo path /home/frasal/Desktop/emse-analysis/repositories/elastic_elasticsearch not found. Cannot resolve parents.
2026-09-18 15:28:33,251 - ERROR - Repo path /home/frasal/Desktop/emse-analysis/repositories/crypta-network_cryptad not found. Cannot resolve parents.
2026-09-18 15:28:33,251 - ERROR - Repo path /home/frasal/Desktop/emse-analysis/repositories/crypta-network_cryptad not found. Cannot resolve parents.
2026-09-18 15:28:33,251 - ERROR - Repo path /home/frasal/Desktop/emse-analysis/repositories/crypta-network_cryptad not found. Cannot resolve parents.
2026-09-18 15:28:33,251 - ERROR - Repo path /home/frasal/Desktop/emse-analysis/repositories/elastic_elasticsearch not found. Cannot resolve parents.
2026-09-18 15:28:33,251 - ERROR - Repo path /home/frasal/Desktop/emse-analysis/repositories/elastic_elasticsearch not found. Cannot resolve parents.
2026-09-18 15:28:33,251 - ERROR - Repo path /home/frasal/Desktop/emse-analysis/repositories/elastic_elasticsearch not found. Cannot resolve parents.
2026-09-18 15:28:33,251 - ERROR - Repo path /home/frasal/Desktop/emse-analysis/repositories/crypta-network_cryptad not found. Cannot resolve parents.
2026-09-18 15:28:33,251 - ERROR - Repo path /home/frasal/Desktop/emse-analysis/repositories/crypta-network_cryptad not found. Cannot resolve parents.
2026-09-18 15:28:33,251 - ERROR - Repo path /home/frasal/Desktop/emse-analysis/repositories/chanyong1027_LuminaOps not found. Cannot resolve parents.
2026-09-18 15:28:33,251 - ERROR - Repo path /home/frasal/Desktop/emse-analysis/repositories/elastic_elasticsearch not found. Cannot resolve parents.
2026-09-18 15:28:33,251 - ERROR - Repo path /home/frasal/Desktop/emse-analysis/repositories/chanyong1027_LuminaOps not found. Cannot resolve parents.
2026-09-18 15:28:33,251 - ERROR - Repo path /home/frasal/Desktop/emse-analysis/repositories/elastic_elasticsearch not found. Cannot resolve parents.
2026-09-18 15:28:33,251 - ERROR - Repo path /home/frasal/Desktop/emse-analysis/repositories/chanyong1027_LuminaOps not found. Cannot resolve parents.
2026-09-18 15:28:33,251 - ERROR - Repo path /home/frasal/Desktop/emse-analysis/repositories/chanyong1027_LuminaOps not found. Cannot resolve parents.
2026-09-18 15:28:33,251 - ERROR - Repo path /home/frasal/Desktop/emse-analysis/repositories/chanyong1027_LuminaOps not found. Cannot resolve parents.
2026-09-18 15:28:33,251 - ERROR - Repo path /home/frasal/Desktop/emse-analysis/repositories/leonarduk_pension-risk-management-system not found. Cannot resolve parents.
2026-09-18 15:28:33,251 - ERROR - Repo path /home/frasal/Desktop/emse-analysis/repositories/chanyong1027_LuminaOps not found. Cannot resolve parents.
2026-09-18 15:28:33,251 - ERROR - Repo path /home/frasal/Desktop/emse-analysis/repositories/chanyong1027_LuminaOps not found. Cannot resolve parents.
2026-09-18 15:28:33,251 - ERROR - Repo path /home/frasal/Desktop/emse-analysis/repositories/elastic_elasticsearch not found. Cannot resolve parents.
2026-09-18 15:28:33,251 - ERROR - Repo path /home/frasal/Desktop/emse-analysis/repositories/elastic_elasticsearch not found. Cannot resolve parents.
2026-09-18 15:28:33,251 - ERROR - Repo path /home/frasal/Desktop/emse-analysis/repositories/elastic_elasticsearch not found. Cannot resolve parents.
2026-09-18 15:28:33,251 - ERROR - Repo path /home/frasal/Desktop/emse-analysis/repositories/shannah_jdeploy not found. Cannot resolve parents.
2026-09-18 15:28:33,251 - ERROR - Repo path /home/frasal/Desktop/emse-analysis/repositories/os-santiago_homedir not found. Cannot resolve parents.
2026-09-18 15:28:33,251 - ERROR - Repo path /home/frasal/Desktop/emse-analysis/repositories/chanyong1027_LuminaOps not found. Cannot resolve parents.
2026-09-18 15:28:33,251 - ERROR - Repo path /home/frasal/Desktop/emse-analysis/repositories/chanyong1027_LuminaOps not found. Cannot resolve parents.
2026-09-18 15:28:33,251 - ERROR - Repo path /home/frasal/Desktop/emse-analysis/repositories/chanyong1027_LuminaOps not found. Cannot resolve parents.
2026-09-18 15:28:33,251 - ERROR - Repo path /home/frasal/Desktop/emse-analysis/repositories/camunda_camunda not found. Cannot resolve parents.
2026-09-18 15:28:33,251 - ERROR - Repo path /home/frasal/Desktop/emse-analysis/repositories/chanyong1027_LuminaOps not found. Cannot resolve parents.
2026-09-18 15:28:33,251 - ERROR - Repo path /home/frasal/Desktop/emse-analysis/repositories/elastic_elasticsearch not found. Cannot resolve parents.
2026-09-18 15:28:33,252 - ERROR - Repo path /home/frasal/Desktop/emse-analysis/repositories/elastic_elasticsearch not found. Cannot resolve parents.
2026-09-18 15:28:33,252 - ERROR - Repo path /home/frasal/Desktop/emse-analysis/repositories/os-santiago_homedir not found. Cannot resolve parents.
2026-09-18 15:28:33,252 - ERROR - Repo path /home/frasal/Desktop/emse-analysis/repositories/chanyong1027_LuminaOps not found. Cannot resolve parents.
2026-09-18 15:28:33,252 - ERROR - Repo path /home/frasal/Desktop/emse-analysis/repositories/Synergy-kakaotrack_moa-be not found. Cannot resolve parents.
2026-09-18 15:28:33,252 - ERROR - Repo path /home/frasal/Desktop/emse-analysis/repositories/Synergy-kakaotrack_moa-be not found. Cannot resolve parents.
2026-09-18 15:28:33,252 - ERROR - Repo path /home/frasal/Desktop/emse-analysis/repositories/apache_doris not found. Cannot resolve parents.
2026-09-18 15:28:33,252 - ERROR - Repo path /home/frasal/Desktop/emse-analysis/repositories/crypta-network_cryptad not found. Cannot resolve parents.
2026-09-18 15:28:33,252 - ERROR - Repo path /home/frasal/Desktop/emse-analysis/repositories/camunda_camunda not found. Cannot resolve parents.
2026-09-18 15:28:33,252 - ERROR - Repo path /home/frasal/Desktop/emse-analysis/repositories/crypta-network_cryptad not found. Cannot resolve parents.
2026-09-18 15:28:33,252 - ERROR - Repo path /home/frasal/Desktop/emse-analysis/repositories/taeJinary_EasyWork not found. Cannot resolve parents.
2026-09-18 15:28:33,252 - ERROR - Repo path /home/frasal/Desktop/emse-analysis/repositories/camunda_camunda not found. Cannot resolve parents.
2026-09-18 15:28:33,252 - ERROR - Repo path /home/frasal/Desktop/emse-analysis/repositories/Nexters_yogieat-server not found. Cannot resolve parents.
2026-09-18 15:28:33,252 - ERROR - Repo path /home/frasal/Desktop/emse-analysis/repositories/elastic_elasticsearch not found. Cannot resolve parents.
2026-09-18 15:28:33,252 - ERROR - Repo path /home/frasal/Desktop/emse-analysis/repositories/crypta-network_cryptad not found. Cannot resolve parents.
2026-09-18 15:28:33,252 - ERROR - Repo path /home/frasal/Desktop/emse-analysis/repositories/crypta-network_cryptad not found. Cannot resolve parents.
2026-09-18 15:28:33,252 - ERROR - Repo path /home/frasal/Desktop/emse-analysis/repositories/crypta-network_cryptad not found. Cannot resolve parents.
2026-09-18 15:28:33,252 - ERROR - Repo path /home/frasal/Desktop/emse-analysis/repositories/crypta-network_cryptad not found. Cannot resolve parents.
2026-09-18 15:28:33,252 - ERROR - Repo path /home/frasal/Desktop/emse-analysis/repositories/elastic_elasticsearch not found. Cannot resolve parents.
2026-09-18 15:28:33,252 - ERROR - Repo path /home/frasal/Desktop/emse-analysis/repositories/elastic_elasticsearch not found. Cannot resolve parents.
2026-09-18 15:28:33,252 - ERROR - Repo path /home/frasal/Desktop/emse-analysis/repositories/elastic_elasticsearch not found. Cannot resolve parents.
2026-09-18 15:28:33,252 - ERROR - Repo path /home/frasal/Desktop/emse-analysis/repositories/crypta-network_cryptad not found. Cannot resolve parents.
2026-09-18 15:28:33,252 - ERROR - Repo path /home/frasal/Desktop/emse-analysis/repositories/elastic_elasticsearch not found. Cannot resolve parents.
2026-09-18 15:28:33,252 - ERROR - Repo path /home/frasal/Desktop/emse-analysis/repositories/Nexters_yogieat-server not found. Cannot resolve parents.
2026-09-18 15:28:33,252 - ERROR - Repo path /home/frasal/Desktop/emse-analysis/repositories/Nexters_yogieat-server not found. Cannot resolve parents.
2026-09-18 15:28:33,252 - ERROR - Repo path /home/frasal/Desktop/emse-analysis/repositories/Nexters_yogieat-server not found. Cannot resolve parents.
2026-09-18 15:28:33,252 - ERROR - Repo path /home/frasal/Desktop/emse-analysis/repositories/Nexters_yogieat-server not found. Cannot resolve parents.
2026-09-18 15:28:33,252 - ERROR - Repo path /home/frasal/Desktop/emse-analysis/repositories/elastic_elasticsearch not found. Cannot resolve parents.
2026-09-18 15:28:33,252 - ERROR - Repo path /home/frasal/Desktop/emse-analysis/repositories/ClarenceZzz_assistant-demo not found. Cannot resolve parents.
2026-09-18 15:28:33,252 - ERROR - Repo path /home/frasal/Desktop/emse-analysis/repositories/ClarenceZzz_assistant-demo not found. Cannot resolve parents.
2026-09-18 15:28:33,252 - ERROR - Repo path /home/frasal/Desktop/emse-analysis/repositories/Nexters_yogieat-server not found. Cannot resolve parents.
2026-09-18 15:28:33,252 - ERROR - Repo path /home/frasal/Desktop/emse-analysis/repositories/Nexters_yogieat-server not found. Cannot resolve parents.
2026-09-18 15:28:33,252 - ERROR - Repo path /home/frasal/Desktop/emse-analysis/repositories/Nexters_yogieat-server not found. Cannot resolve parents.
2026-09-18 15:28:33,253 - ERROR - Repo path /home/frasal/Desktop/emse-analysis/repositories/Nexters_yogieat-server not found. Cannot resolve parents.
2026-09-18 15:28:33,253 - ERROR - Repo path /home/frasal/Desktop/emse-analysis/repositories/SchmidtDSE_josh not found. Cannot resolve parents.
2026-09-18 15:28:33,253 - ERROR - Repo path /home/frasal/Desktop/emse-analysis/repositories/elastic_elasticsearch not found. Cannot resolve parents.
2026-09-18 15:28:33,253 - ERROR - Repo path /home/frasal/Desktop/emse-analysis/repositories/ClarenceZzz_assistant-demo not found. Cannot resolve parents.
2026-09-18 15:28:33,253 - ERROR - Repo path /home/frasal/Desktop/emse-analysis/repositories/crypta-network_cryptad not found. Cannot resolve parents.
2026-09-18 15:28:33,253 - ERROR - Repo path /home/frasal/Desktop/emse-analysis/repositories/elastic_elasticsearch not found. Cannot resolve parents.
2026-09-18 15:28:33,253 - ERROR - Repo path /home/frasal/Desktop/emse-analysis/repositories/elastic_elasticsearch not found. Cannot resolve parents.
2026-09-18 15:28:33,253 - ERROR - Repo path /home/frasal/Desktop/emse-analysis/repositories/ClarenceZzz_assistant-demo not found. Cannot resolve parents.
2026-09-18 15:28:33,253 - ERROR - Repo path /home/frasal/Desktop/emse-analysis/repositories/ClarenceZzz_assistant-demo not found. Cannot resolve parents.
2026-09-18 15:28:33,253 - ERROR - Repo path /home/frasal/Desktop/emse-analysis/repositories/crypta-network_cryptad not found. Cannot resolve parents.
2026-09-18 15:28:33,253 - ERROR - Repo path /home/frasal/Desktop/emse-analysis/repositories/crypta-network_cryptad not found. Cannot resolve parents.
2026-09-18 15:28:33,253 - ERROR - Repo path /home/frasal/Desktop/emse-analysis/repositories/crypta-network_cryptad not found. Cannot resolve parents.
2026-09-18 15:28:33,253 - ERROR - Repo path /home/frasal/Desktop/emse-analysis/repositories/elastic_elasticsearch not found. Cannot resolve parents.
2026-09-18 15:28:33,253 - ERROR - Repo path /home/frasal/Desktop/emse-analysis/repositories/crypta-network_cryptad not found. Cannot resolve parents.
2026-09-18 15:28:33,253 - ERROR - Repo path /home/frasal/Desktop/emse-analysis/repositories/crypta-network_cryptad not found. Cannot resolve parents.
2026-09-18 15:28:33,253 - ERROR - Repo path /home/frasal/Desktop/emse-analysis/repositories/crypta-network_cryptad not found. Cannot resolve parents.
2026-09-18 15:28:33,253 - ERROR - Repo path /home/frasal/Desktop/emse-analysis/repositories/elastic_elasticsearch not found. Cannot resolve parents.
2026-09-18 15:28:33,253 - ERROR - Repo path /home/frasal/Desktop/emse-analysis/repositories/elastic_elasticsearch not found. Cannot resolve parents.
2026-09-18 15:28:33,253 - ERROR - Repo path /home/frasal/Desktop/emse-analysis/repositories/crypta-network_cryptad not found. Cannot resolve parents.
2026-09-18 15:28:33,253 - ERROR - Repo path /home/frasal/Desktop/emse-analysis/repositories/crypta-network_cryptad not found. Cannot resolve parents.
2026-09-18 15:28:33,253 - ERROR - Repo path /home/frasal/Desktop/emse-analysis/repositories/elastic_elasticsearch not found. Cannot resolve parents.
2026-09-18 15:28:33,253 - ERROR - Repo path /home/frasal/Desktop/emse-analysis/repositories/Alipsa_JParq not found. Cannot resolve parents.
2026-09-18 15:28:33,253 - ERROR - Repo path /home/frasal/Desktop/emse-analysis/repositories/Alipsa_JParq not found. Cannot resolve parents.
2026-09-18 15:28:33,253 - ERROR - Repo path /home/frasal/Desktop/emse-analysis/repositories/Alipsa_JParq not found. Cannot resolve parents.
2026-09-18 15:28:33,253 - ERROR - Repo path /home/frasal/Desktop/emse-analysis/repositories/Alipsa_JParq not found. Cannot resolve parents.
2026-09-18 15:28:33,253 - ERROR - Repo path /home/frasal/Desktop/emse-analysis/repositories/elastic_elasticsearch not found. Cannot resolve parents.
2026-09-18 15:28:33,253 - ERROR - Repo path /home/frasal/Desktop/emse-analysis/repositories/navikt_ung-sak not found. Cannot resolve parents.
2026-09-18 15:28:33,253 - ERROR - Repo path /home/frasal/Desktop/emse-analysis/repositories/Alipsa_JParq not found. Cannot resolve parents.
2026-09-18 15:28:33,253 - ERROR - Repo path /home/frasal/Desktop/emse-analysis/repositories/Alipsa_JParq not found. Cannot resolve parents.
2026-09-18 15:28:33,253 - ERROR - Repo path /home/frasal/Desktop/emse-analysis/repositories/Alipsa_JParq not found. Cannot resolve parents.
2026-09-18 15:28:33,253 - ERROR - Repo path /home/frasal/Desktop/emse-analysis/repositories/Alipsa_JParq not found. Cannot resolve parents.
2026-09-18 15:28:33,253 - ERROR - Repo path /home/frasal/Desktop/emse-analysis/repositories/elastic_elasticsearch not found. Cannot resolve parents.
2026-09-18 15:28:33,254 - ERROR - Repo path /home/frasal/Desktop/emse-analysis/repositories/elastic_elasticsearch not found. Cannot resolve parents.
2026-09-18 15:28:33,254 - ERROR - Repo path /home/frasal/Desktop/emse-analysis/repositories/Alipsa_JParq not found. Cannot resolve parents.
2026-09-18 15:28:33,254 - ERROR - Repo path /home/frasal/Desktop/emse-analysis/repositories/Alipsa_JParq not found. Cannot resolve parents.
2026-09-18 15:28:33,254 - ERROR - Repo path /home/frasal/Desktop/emse-analysis/repositories/Alipsa_JParq not found. Cannot resolve parents.
2026-09-18 15:28:33,254 - ERROR - Repo path /home/frasal/Desktop/emse-analysis/repositories/crypta-network_cryptad not found. Cannot resolve parents.
2026-09-18 15:28:33,254 - ERROR - Repo path /home/frasal/Desktop/emse-analysis/repositories/Alipsa_JParq not found. Cannot resolve parents.
2026-09-18 15:28:33,254 - ERROR - Repo path /home/frasal/Desktop/emse-analysis/repositories/Alipsa_JParq not found. Cannot resolve parents.
2026-09-18 15:28:33,254 - ERROR - Repo path /home/frasal/Desktop/emse-analysis/repositories/Alipsa_JParq not found. Cannot resolve parents.
2026-09-18 15:28:33,254 - ERROR - Repo path /home/frasal/Desktop/emse-analysis/repositories/Alipsa_JParq not found. Cannot resolve parents.
2026-09-18 15:28:33,254 - ERROR - Repo path /home/frasal/Desktop/emse-analysis/repositories/NicolasAlgorithm_DondeJuana_Hotel not found. Cannot resolve parents.
2026-09-18 15:28:33,254 - ERROR - Repo path /home/frasal/Desktop/emse-analysis/repositories/crypta-network_cryptad not found. Cannot resolve parents.
2026-09-18 15:28:33,254 - ERROR - Repo path /home/frasal/Desktop/emse-analysis/repositories/crypta-network_cryptad not found. Cannot resolve parents.
2026-09-18 15:28:33,254 - ERROR - Repo path /home/frasal/Desktop/emse-analysis/repositories/navikt_ung-sak not found. Cannot resolve parents.
2026-09-18 15:28:33,254 - ERROR - Repo path /home/frasal/Desktop/emse-analysis/repositories/elastic_elasticsearch not found. Cannot resolve parents.
2026-09-18 15:28:33,254 - ERROR - Repo path /home/frasal/Desktop/emse-analysis/repositories/Alipsa_JParq not found. Cannot resolve parents.
2026-09-18 15:28:33,254 - ERROR - Repo path /home/frasal/Desktop/emse-analysis/repositories/Alipsa_JParq not found. Cannot resolve parents.
2026-09-18 15:28:33,254 - ERROR - Repo path /home/frasal/Desktop/emse-analysis/repositories/Alipsa_JParq not found. Cannot resolve parents.
2026-09-18 15:28:33,254 - ERROR - Repo path /home/frasal/Desktop/emse-analysis/repositories/Alipsa_JParq not found. Cannot resolve parents.
2026-09-18 15:28:33,254 - ERROR - Repo path /home/frasal/Desktop/emse-analysis/repositories/Alipsa_JParq not found. Cannot resolve parents.
2026-09-18 15:28:33,254 - ERROR - Repo path /home/frasal/Desktop/emse-analysis/repositories/Alipsa_JParq not found. Cannot resolve parents.
2026-09-18 15:28:33,254 - ERROR - Repo path /home/frasal/Desktop/emse-analysis/repositories/Alipsa_JParq not found. Cannot resolve parents.
2026-09-18 15:28:33,254 - ERROR - Repo path /home/frasal/Desktop/emse-analysis/repositories/elastic_elasticsearch not found. Cannot resolve parents.
2026-09-18 15:28:33,254 - ERROR - Repo path /home/frasal/Desktop/emse-analysis/repositories/Alipsa_JParq not found. Cannot resolve parents.
2026-09-18 15:28:33,254 - ERROR - Repo path /home/frasal/Desktop/emse-analysis/repositories/Alipsa_JParq not found. Cannot resolve parents.
2026-09-18 15:28:33,254 - ERROR - Repo path /home/frasal/Desktop/emse-analysis/repositories/Alipsa_JParq not found. Cannot resolve parents.
2026-09-18 15:28:33,254 - ERROR - Repo path /home/frasal/Desktop/emse-analysis/repositories/Alipsa_JParq not found. Cannot resolve parents.
2026-09-18 15:28:33,254 - ERROR - Repo path /home/frasal/Desktop/emse-analysis/repositories/crypta-network_cryptad not found. Cannot resolve parents.
2026-09-18 15:28:33,254 - ERROR - Repo path /home/frasal/Desktop/emse-analysis/repositories/crypta-network_cryptad not found. Cannot resolve parents.
2026-09-18 15:28:33,254 - ERROR - Repo path /home/frasal/Desktop/emse-analysis/repositories/crypta-network_cryptad not found. Cannot resolve parents.
2026-09-18 15:28:33,254 - ERROR - Repo path /home/frasal/Desktop/emse-analysis/repositories/crypta-network_cryptad not found. Cannot resolve parents.
2026-09-18 15:28:33,254 - ERROR - Repo path /home/frasal/Desktop/emse-analysis/repositories/Alipsa_JParq not found. Cannot resolve parents.
2026-09-18 15:28:33,254 - ERROR - Repo path /home/frasal/Desktop/emse-analysis/repositories/elastic_elasticsearch not found. Cannot resolve parents.
2026-09-18 15:28:33,255 - ERROR - Repo path /home/frasal/Desktop/emse-analysis/repositories/elastic_elasticsearch not found. Cannot resolve parents.
2026-09-18 15:28:33,255 - ERROR - Repo path /home/frasal/Desktop/emse-analysis/repositories/elastic_elasticsearch not found. Cannot resolve parents.
2026-09-18 15:28:33,255 - ERROR - Repo path /home/frasal/Desktop/emse-analysis/repositories/crypta-network_cryptad not found. Cannot resolve parents.
2026-09-18 15:28:33,255 - ERROR - Repo path /home/frasal/Desktop/emse-analysis/repositories/sitionix_forge-it not found. Cannot resolve parents.
2026-09-18 15:28:33,255 - ERROR - Repo path /home/frasal/Desktop/emse-analysis/repositories/sitionix_forge-it not found. Cannot resolve parents.
2026-09-18 15:28:33,255 - ERROR - Repo path /home/frasal/Desktop/emse-analysis/repositories/crypta-network_cryptad not found. Cannot resolve parents.
2026-09-18 15:28:33,255 - ERROR - Repo path /home/frasal/Desktop/emse-analysis/repositories/sitionix_forge-it not found. Cannot resolve parents.
2026-09-18 15:28:33,255 - ERROR - Repo path /home/frasal/Desktop/emse-analysis/repositories/sitionix_forge-it not found. Cannot resolve parents.
2026-09-18 15:28:33,255 - ERROR - Repo path /home/frasal/Desktop/emse-analysis/repositories/elastic_elasticsearch not found. Cannot resolve parents.
2026-09-18 15:28:33,255 - ERROR - Repo path /home/frasal/Desktop/emse-analysis/repositories/crypta-network_cryptad not found. Cannot resolve parents.
2026-09-18 15:28:33,255 - ERROR - Repo path /home/frasal/Desktop/emse-analysis/repositories/elastic_elasticsearch not found. Cannot resolve parents.
2026-09-18 15:28:33,255 - ERROR - Repo path /home/frasal/Desktop/emse-analysis/repositories/elastic_elasticsearch not found. Cannot resolve parents.
2026-09-18 15:28:33,255 - ERROR - Repo path /home/frasal/Desktop/emse-analysis/repositories/crypta-network_cryptad not found. Cannot resolve parents.
2026-09-18 15:28:33,255 - ERROR - Repo path /home/frasal/Desktop/emse-analysis/repositories/sitionix_forge-it not found. Cannot resolve parents.
2026-09-18 15:28:33,255 - ERROR - Repo path /home/frasal/Desktop/emse-analysis/repositories/sitionix_forge-it not found. Cannot resolve parents.
2026-09-18 15:28:33,255 - ERROR - Repo path /home/frasal/Desktop/emse-analysis/repositories/sitionix_forge-it not found. Cannot resolve parents.
2026-09-18 15:28:33,255 - ERROR - Repo path /home/frasal/Desktop/emse-analysis/repositories/sitionix_forge-it not found. Cannot resolve parents.
2026-09-18 15:28:33,255 - ERROR - Repo path /home/frasal/Desktop/emse-analysis/repositories/sitionix_forge-it not found. Cannot resolve parents.
2026-09-18 15:28:33,255 - ERROR - Repo path /home/frasal/Desktop/emse-analysis/repositories/sitionix_forge-it not found. Cannot resolve parents.
2026-09-18 15:28:33,255 - ERROR - Repo path /home/frasal/Desktop/emse-analysis/repositories/sitionix_forge-it not found. Cannot resolve parents.
2026-09-18 15:28:33,255 - ERROR - Repo path /home/frasal/Desktop/emse-analysis/repositories/sitionix_forge-it not found. Cannot resolve parents.
2026-09-18 15:28:33,255 - ERROR - Repo path /home/frasal/Desktop/emse-analysis/repositories/sitionix_forge-it not found. Cannot resolve parents.
2026-09-18 15:28:33,255 - ERROR - Repo path /home/frasal/Desktop/emse-analysis/repositories/sitionix_forge-it not found. Cannot resolve parents.
2026-09-18 15:28:33,255 - ERROR - Repo path /home/frasal/Desktop/emse-analysis/repositories/open-telemetry_opentelemetry-java-instrumentation not found. Cannot resolve parents.
2026-09-18 15:28:33,255 - ERROR - Repo path /home/frasal/Desktop/emse-analysis/repositories/mahmoudashraf_AI-Fabric-Framework not found. Cannot resolve parents.
2026-09-18 15:28:33,255 - ERROR - Repo path /home/frasal/Desktop/emse-analysis/repositories/mahmoudashraf_AI-Fabric-Framework not found. Cannot resolve parents.
2026-09-18 15:28:33,255 - ERROR - Repo path /home/frasal/Desktop/emse-analysis/repositories/mahmoudashraf_AI-Fabric-Framework not found. Cannot resolve parents.
2026-09-18 15:28:33,255 - ERROR - Repo path /home/frasal/Desktop/emse-analysis/repositories/mahmoudashraf_AI-Fabric-Framework not found. Cannot resolve parents.
2026-09-18 15:28:33,255 - ERROR - Repo path /home/frasal/Desktop/emse-analysis/repositories/mahmoudashraf_AI-Fabric-Framework not found. Cannot resolve parents.
2026-09-18 15:28:33,255 - ERROR - Repo path /home/frasal/Desktop/emse-analysis/repositories/mahmoudashraf_AI-Fabric-Framework not found. Cannot resolve parents.
2026-09-18 15:28:33,255 - ERROR - Repo path /home/frasal/Desktop/emse-analysis/repositories/mahmoudashraf_AI-Fabric-Framework not found. Cannot resolve parents.
2026-09-18 15:28:33,255 - ERROR - Repo path /home/frasal/Desktop/emse-analysis/repositories/elastic_elasticsearch not found. Cannot resolve parents.
2026-09-18 15:28:33,256 - ERROR - Repo path /home/frasal/Desktop/emse-analysis/repositories/crypta-network_cryptad not found. Cannot resolve parents.
2026-09-18 15:28:33,256 - ERROR - Repo path /home/frasal/Desktop/emse-analysis/repositories/crypta-network_cryptad not found. Cannot resolve parents.
2026-09-18 15:28:33,256 - ERROR - Repo path /home/frasal/Desktop/emse-analysis/repositories/crypta-network_cryptad not found. Cannot resolve parents.
2026-09-18 15:28:33,256 - ERROR - Repo path /home/frasal/Desktop/emse-analysis/repositories/mahmoudashraf_AI-Fabric-Framework not found. Cannot resolve parents.
2026-09-18 15:28:33,256 - ERROR - Repo path /home/frasal/Desktop/emse-analysis/repositories/crypta-network_cryptad not found. Cannot resolve parents.
2026-09-18 15:28:33,256 - ERROR - Repo path /home/frasal/Desktop/emse-analysis/repositories/os-santiago_homedir not found. Cannot resolve parents.
2026-09-18 15:28:33,256 - ERROR - Repo path /home/frasal/Desktop/emse-analysis/repositories/os-santiago_homedir not found. Cannot resolve parents.
2026-09-18 15:28:33,256 - ERROR - Repo path /home/frasal/Desktop/emse-analysis/repositories/os-santiago_homedir not found. Cannot resolve parents.
2026-09-18 15:28:33,256 - ERROR - Repo path /home/frasal/Desktop/emse-analysis/repositories/os-santiago_homedir not found. Cannot resolve parents.
2026-09-18 15:28:33,256 - ERROR - Repo path /home/frasal/Desktop/emse-analysis/repositories/os-santiago_homedir not found. Cannot resolve parents.
2026-09-18 15:28:33,256 - ERROR - Repo path /home/frasal/Desktop/emse-analysis/repositories/os-santiago_homedir not found. Cannot resolve parents.
2026-09-18 15:28:33,256 - ERROR - Repo path /home/frasal/Desktop/emse-analysis/repositories/wenshao_fastjson3 not found. Cannot resolve parents.
2026-09-18 15:28:33,256 - ERROR - Repo path /home/frasal/Desktop/emse-analysis/repositories/elastic_elasticsearch not found. Cannot resolve parents.
2026-09-18 15:28:33,256 - ERROR - Repo path /home/frasal/Desktop/emse-analysis/repositories/os-santiago_homedir not found. Cannot resolve parents.
2026-09-18 15:28:33,256 - ERROR - Repo path /home/frasal/Desktop/emse-analysis/repositories/os-santiago_homedir not found. Cannot resolve parents.
2026-09-18 15:28:33,256 - ERROR - Repo path /home/frasal/Desktop/emse-analysis/repositories/os-santiago_homedir not found. Cannot resolve parents.
2026-09-18 15:28:33,256 - ERROR - Repo path /home/frasal/Desktop/emse-analysis/repositories/os-santiago_homedir not found. Cannot resolve parents.
2026-09-18 15:28:33,256 - ERROR - Repo path /home/frasal/Desktop/emse-analysis/repositories/os-santiago_homedir not found. Cannot resolve parents.
2026-09-18 15:28:33,256 - ERROR - Repo path /home/frasal/Desktop/emse-analysis/repositories/os-santiago_homedir not found. Cannot resolve parents.
2026-09-18 15:28:33,256 - ERROR - Repo path /home/frasal/Desktop/emse-analysis/repositories/os-santiago_homedir not found. Cannot resolve parents.
2026-09-18 15:28:33,256 - ERROR - Repo path /home/frasal/Desktop/emse-analysis/repositories/elastic_elasticsearch not found. Cannot resolve parents.
2026-09-18 15:28:33,256 - ERROR - Repo path /home/frasal/Desktop/emse-analysis/repositories/aklivity_zilla not found. Cannot resolve parents.
2026-09-18 15:28:33,256 - ERROR - Repo path /home/frasal/Desktop/emse-analysis/repositories/os-santiago_homedir not found. Cannot resolve parents.
2026-09-18 15:28:33,256 - ERROR - Repo path /home/frasal/Desktop/emse-analysis/repositories/os-santiago_homedir not found. Cannot resolve parents.
2026-09-18 15:28:33,256 - ERROR - Repo path /home/frasal/Desktop/emse-analysis/repositories/os-santiago_homedir not found. Cannot resolve parents.
2026-09-18 15:28:33,256 - ERROR - Repo path /home/frasal/Desktop/emse-analysis/repositories/os-santiago_homedir not found. Cannot resolve parents.
2026-09-18 15:28:33,256 - ERROR - Repo path /home/frasal/Desktop/emse-analysis/repositories/elastic_elasticsearch not found. Cannot resolve parents.
2026-09-18 15:28:33,256 - ERROR - Repo path /home/frasal/Desktop/emse-analysis/repositories/crypta-network_cryptad not found. Cannot resolve parents.
2026-09-18 15:28:33,256 - ERROR - Repo path /home/frasal/Desktop/emse-analysis/repositories/os-santiago_homedir not found. Cannot resolve parents.
2026-09-18 15:28:33,256 - ERROR - Repo path /home/frasal/Desktop/emse-analysis/repositories/os-santiago_homedir not found. Cannot resolve parents.
2026-09-18 15:28:33,256 - ERROR - Repo path /home/frasal/Desktop/emse-analysis/repositories/os-santiago_homedir not found. Cannot resolve parents.
2026-09-18 15:28:33,256 - ERROR - Repo path /home/frasal/Desktop/emse-analysis/repositories/os-santiago_homedir not found. Cannot resolve parents.
2026-09-18 15:28:33,257 - ERROR - Repo path /home/frasal/Desktop/emse-analysis/repositories/os-santiago_homedir not found. Cannot resolve parents.
2026-09-18 15:28:33,257 - ERROR - Repo path /home/frasal/Desktop/emse-analysis/repositories/SchmidtDSE_josh not found. Cannot resolve parents.
2026-09-18 15:28:33,257 - ERROR - Repo path /home/frasal/Desktop/emse-analysis/repositories/elastic_elasticsearch not found. Cannot resolve parents.
2026-09-18 15:28:33,257 - ERROR - Repo path /home/frasal/Desktop/emse-analysis/repositories/crypta-network_cryptad not found. Cannot resolve parents.
2026-09-18 15:28:33,257 - ERROR - Repo path /home/frasal/Desktop/emse-analysis/repositories/crypta-network_cryptad not found. Cannot resolve parents.
2026-09-18 15:28:33,257 - ERROR - Repo path /home/frasal/Desktop/emse-analysis/repositories/os-santiago_homedir not found. Cannot resolve parents.
2026-09-18 15:28:33,257 - ERROR - Repo path /home/frasal/Desktop/emse-analysis/repositories/elastic_elasticsearch not found. Cannot resolve parents.
2026-09-18 15:28:33,257 - ERROR - Repo path /home/frasal/Desktop/emse-analysis/repositories/crypta-network_cryptad not found. Cannot resolve parents.
2026-09-18 15:28:33,257 - ERROR - Repo path /home/frasal/Desktop/emse-analysis/repositories/elastic_elasticsearch not found. Cannot resolve parents.
2026-09-18 15:28:33,257 - ERROR - Repo path /home/frasal/Desktop/emse-analysis/repositories/os-santiago_homedir not found. Cannot resolve parents.
2026-09-18 15:28:33,257 - ERROR - Repo path /home/frasal/Desktop/emse-analysis/repositories/os-santiago_homedir not found. Cannot resolve parents.
2026-09-18 15:28:33,257 - ERROR - Repo path /home/frasal/Desktop/emse-analysis/repositories/os-santiago_homedir not found. Cannot resolve parents.
2026-09-18 15:28:33,257 - ERROR - Repo path /home/frasal/Desktop/emse-analysis/repositories/crypta-network_cryptad not found. Cannot resolve parents.
2026-09-18 15:28:33,257 - ERROR - Repo path /home/frasal/Desktop/emse-analysis/repositories/crypta-network_cryptad not found. Cannot resolve parents.
2026-09-18 15:28:33,257 - ERROR - Repo path /home/frasal/Desktop/emse-analysis/repositories/elastic_elasticsearch not found. Cannot resolve parents.
2026-09-18 15:28:33,257 - ERROR - Repo path /home/frasal/Desktop/emse-analysis/repositories/elastic_elasticsearch not found. Cannot resolve parents.
2026-09-18 15:28:33,257 - ERROR - Repo path /home/frasal/Desktop/emse-analysis/repositories/elastic_elasticsearch not found. Cannot resolve parents.
2026-09-18 15:28:33,257 - ERROR - Repo path /home/frasal/Desktop/emse-analysis/repositories/os-santiago_homedir not found. Cannot resolve parents.
2026-09-18 15:28:33,257 - ERROR - Repo path /home/frasal/Desktop/emse-analysis/repositories/equinor_neqsim not found. Cannot resolve parents.
2026-09-18 15:28:33,257 - ERROR - Repo path /home/frasal/Desktop/emse-analysis/repositories/elastic_elasticsearch not found. Cannot resolve parents.
2026-09-18 15:28:33,257 - ERROR - Repo path /home/frasal/Desktop/emse-analysis/repositories/os-santiago_homedir not found. Cannot resolve parents.
2026-09-18 15:28:33,257 - ERROR - Repo path /home/frasal/Desktop/emse-analysis/repositories/elastic_elasticsearch not found. Cannot resolve parents.
2026-09-18 15:28:33,257 - ERROR - Repo path /home/frasal/Desktop/emse-analysis/repositories/crypta-network_cryptad not found. Cannot resolve parents.
2026-09-18 15:28:33,257 - ERROR - Repo path /home/frasal/Desktop/emse-analysis/repositories/crypta-network_cryptad not found. Cannot resolve parents.
2026-09-18 15:28:33,257 - ERROR - Repo path /home/frasal/Desktop/emse-analysis/repositories/elastic_elasticsearch not found. Cannot resolve parents.
2026-09-18 15:28:33,257 - ERROR - Repo path /home/frasal/Desktop/emse-analysis/repositories/elastic_elasticsearch not found. Cannot resolve parents.
2026-09-18 15:28:33,257 - ERROR - Repo path /home/frasal/Desktop/emse-analysis/repositories/elastic_elasticsearch not found. Cannot resolve parents.
2026-09-18 15:28:33,257 - ERROR - Repo path /home/frasal/Desktop/emse-analysis/repositories/elastic_elasticsearch not found. Cannot resolve parents.
2026-09-18 15:28:33,257 - ERROR - Repo path /home/frasal/Desktop/emse-analysis/repositories/elastic_elasticsearch not found. Cannot resolve parents.
2026-09-18 15:28:33,257 - ERROR - Repo path /home/frasal/Desktop/emse-analysis/repositories/elastic_elasticsearch not found. Cannot resolve parents.
2026-09-18 15:28:33,257 - ERROR - Repo path /home/frasal/Desktop/emse-analysis/repositories/open-telemetry_opentelemetry-java-instrumentation not found. Cannot resolve parents.
2026-09-18 15:28:33,258 - ERROR - Repo path /home/frasal/Desktop/emse-analysis/repositories/os-santiago_homedir not found. Cannot resolve parents.
2026-09-18 15:28:33,258 - ERROR - Repo path /home/frasal/Desktop/emse-analysis/repositories/elastic_elasticsearch not found. Cannot resolve parents.
2026-09-18 15:28:33,258 - ERROR - Repo path /home/frasal/Desktop/emse-analysis/repositories/os-santiago_homedir not found. Cannot resolve parents.
2026-09-18 15:28:33,258 - ERROR - Repo path /home/frasal/Desktop/emse-analysis/repositories/os-santiago_homedir not found. Cannot resolve parents.
2026-09-18 15:28:33,258 - ERROR - Repo path /home/frasal/Desktop/emse-analysis/repositories/elastic_elasticsearch not found. Cannot resolve parents.
2026-09-18 15:28:33,258 - ERROR - Repo path /home/frasal/Desktop/emse-analysis/repositories/elastic_elasticsearch not found. Cannot resolve parents.
2026-09-18 15:28:33,258 - ERROR - Repo path /home/frasal/Desktop/emse-analysis/repositories/elastic_elasticsearch not found. Cannot resolve parents.
2026-09-18 15:28:33,258 - ERROR - Repo path /home/frasal/Desktop/emse-analysis/repositories/mahmoudashraf_AI-Fabric-Framework not found. Cannot resolve parents.
2026-09-18 15:28:33,258 - ERROR - Repo path /home/frasal/Desktop/emse-analysis/repositories/mahmoudashraf_AI-Fabric-Framework not found. Cannot resolve parents.
2026-09-18 15:28:33,258 - ERROR - Repo path /home/frasal/Desktop/emse-analysis/repositories/elastic_elasticsearch not found. Cannot resolve parents.
2026-09-18 15:28:33,258 - ERROR - Repo path /home/frasal/Desktop/emse-analysis/repositories/os-santiago_homedir not found. Cannot resolve parents.
2026-09-18 15:28:33,258 - ERROR - Repo path /home/frasal/Desktop/emse-analysis/repositories/os-santiago_homedir not found. Cannot resolve parents.
2026-09-18 15:28:33,258 - ERROR - Repo path /home/frasal/Desktop/emse-analysis/repositories/os-santiago_homedir not found. Cannot resolve parents.
2026-09-18 15:28:33,258 - ERROR - Repo path /home/frasal/Desktop/emse-analysis/repositories/os-santiago_homedir not found. Cannot resolve parents.
2026-09-18 15:28:33,258 - ERROR - Repo path /home/frasal/Desktop/emse-analysis/repositories/os-santiago_homedir not found. Cannot resolve parents.
2026-09-18 15:28:33,258 - ERROR - Repo path /home/frasal/Desktop/emse-analysis/repositories/os-santiago_homedir not found. Cannot resolve parents.
2026-09-18 15:28:33,258 - ERROR - Repo path /home/frasal/Desktop/emse-analysis/repositories/os-santiago_homedir not found. Cannot resolve parents.
2026-09-18 15:28:33,258 - ERROR - Repo path /home/frasal/Desktop/emse-analysis/repositories/os-santiago_homedir not found. Cannot resolve parents.
2026-09-18 15:28:33,258 - ERROR - Repo path /home/frasal/Desktop/emse-analysis/repositories/os-santiago_homedir not found. Cannot resolve parents.
2026-09-18 15:28:33,258 - ERROR - Repo path /home/frasal/Desktop/emse-analysis/repositories/crypta-network_cryptad not found. Cannot resolve parents.
2026-09-18 15:28:33,258 - ERROR - Repo path /home/frasal/Desktop/emse-analysis/repositories/crypta-network_cryptad not found. Cannot resolve parents.
2026-09-18 15:28:33,258 - ERROR - Repo path /home/frasal/Desktop/emse-analysis/repositories/os-santiago_homedir not found. Cannot resolve parents.
2026-09-18 15:28:33,258 - ERROR - Repo path /home/frasal/Desktop/emse-analysis/repositories/elastic_elasticsearch not found. Cannot resolve parents.
2026-09-18 15:28:33,258 - ERROR - Repo path /home/frasal/Desktop/emse-analysis/repositories/OmniTrustILM_core not found. Cannot resolve parents.
2026-09-18 15:28:33,258 - ERROR - Repo path /home/frasal/Desktop/emse-analysis/repositories/os-santiago_homedir not found. Cannot resolve parents.
2026-09-18 15:28:33,258 - ERROR - Repo path /home/frasal/Desktop/emse-analysis/repositories/dbbaskette_herald not found. Cannot resolve parents.
2026-09-18 15:28:33,258 - ERROR - Repo path /home/frasal/Desktop/emse-analysis/repositories/equinor_neqsim not found. Cannot resolve parents.
2026-09-18 15:28:33,258 - ERROR - Repo path /home/frasal/Desktop/emse-analysis/repositories/os-santiago_homedir not found. Cannot resolve parents.
2026-09-18 15:28:33,258 - ERROR - Repo path /home/frasal/Desktop/emse-analysis/repositories/os-santiago_homedir not found. Cannot resolve parents.
2026-09-18 15:28:33,258 - ERROR - Repo path /home/frasal/Desktop/emse-analysis/repositories/elastic_elasticsearch not found. Cannot resolve parents.
2026-09-18 15:28:33,258 - ERROR - Repo path /home/frasal/Desktop/emse-analysis/repositories/os-santiago_homedir not found. Cannot resolve parents.
2026-09-18 15:28:33,258 - ERROR - Repo path /home/frasal/Desktop/emse-analysis/repositories/elastic_elasticsearch not found. Cannot resolve parents.
2026-09-18 15:28:33,259 - ERROR - Repo path /home/frasal/Desktop/emse-analysis/repositories/crypta-network_cryptad not found. Cannot resolve parents.
2026-09-18 15:28:33,259 - ERROR - Repo path /home/frasal/Desktop/emse-analysis/repositories/crypta-network_cryptad not found. Cannot resolve parents.
2026-09-18 15:28:33,259 - ERROR - Repo path /home/frasal/Desktop/emse-analysis/repositories/crypta-network_cryptad not found. Cannot resolve parents.
2026-09-18 15:28:33,259 - ERROR - Repo path /home/frasal/Desktop/emse-analysis/repositories/elastic_elasticsearch not found. Cannot resolve parents.
2026-09-18 15:28:33,259 - ERROR - Repo path /home/frasal/Desktop/emse-analysis/repositories/crypta-network_cryptad not found. Cannot resolve parents.
2026-09-18 15:28:33,259 - ERROR - Repo path /home/frasal/Desktop/emse-analysis/repositories/os-santiago_homedir not found. Cannot resolve parents.
2026-09-18 15:28:33,259 - ERROR - Repo path /home/frasal/Desktop/emse-analysis/repositories/os-santiago_homedir not found. Cannot resolve parents.
2026-09-18 15:28:33,259 - ERROR - Repo path /home/frasal/Desktop/emse-analysis/repositories/os-santiago_homedir not found. Cannot resolve parents.
2026-09-18 15:28:33,259 - ERROR - Repo path /home/frasal/Desktop/emse-analysis/repositories/eaftan_safere not found. Cannot resolve parents.
2026-09-18 15:28:33,259 - ERROR - Repo path /home/frasal/Desktop/emse-analysis/repositories/os-santiago_homedir not found. Cannot resolve parents.
2026-09-18 15:28:33,259 - ERROR - Repo path /home/frasal/Desktop/emse-analysis/repositories/os-santiago_homedir not found. Cannot resolve parents.
2026-09-18 15:28:33,259 - ERROR - Repo path /home/frasal/Desktop/emse-analysis/repositories/os-santiago_homedir not found. Cannot resolve parents.
2026-09-18 15:28:33,259 - ERROR - Repo path /home/frasal/Desktop/emse-analysis/repositories/os-santiago_homedir not found. Cannot resolve parents.
2026-09-18 15:28:33,259 - ERROR - Repo path /home/frasal/Desktop/emse-analysis/repositories/os-santiago_homedir not found. Cannot resolve parents.
2026-09-18 15:28:33,259 - ERROR - Repo path /home/frasal/Desktop/emse-analysis/repositories/elastic_elasticsearch not found. Cannot resolve parents.
2026-09-18 15:28:33,259 - ERROR - Repo path /home/frasal/Desktop/emse-analysis/repositories/os-santiago_homedir not found. Cannot resolve parents.
2026-09-18 15:28:33,259 - ERROR - Repo path /home/frasal/Desktop/emse-analysis/repositories/os-santiago_homedir not found. Cannot resolve parents.
2026-09-18 15:28:33,259 - ERROR - Repo path /home/frasal/Desktop/emse-analysis/repositories/elastic_elasticsearch not found. Cannot resolve parents.
2026-09-18 15:28:33,259 - ERROR - Repo path /home/frasal/Desktop/emse-analysis/repositories/os-santiago_homedir not found. Cannot resolve parents.
2026-09-18 15:28:33,259 - ERROR - Repo path /home/frasal/Desktop/emse-analysis/repositories/os-santiago_homedir not found. Cannot resolve parents.
2026-09-18 15:28:33,259 - ERROR - Repo path /home/frasal/Desktop/emse-analysis/repositories/os-santiago_homedir not found. Cannot resolve parents.
2026-09-18 15:28:33,259 - ERROR - Repo path /home/frasal/Desktop/emse-analysis/repositories/os-santiago_homedir not found. Cannot resolve parents.
2026-09-18 15:28:33,259 - ERROR - Repo path /home/frasal/Desktop/emse-analysis/repositories/elastic_elasticsearch not found. Cannot resolve parents.
2026-09-18 15:28:33,259 - ERROR - Repo path /home/frasal/Desktop/emse-analysis/repositories/elastic_elasticsearch not found. Cannot resolve parents.
2026-09-18 15:28:33,259 - ERROR - Repo path /home/frasal/Desktop/emse-analysis/repositories/jabrena_churrera-cli not found. Cannot resolve parents.
2026-09-18 15:28:33,259 - ERROR - Repo path /home/frasal/Desktop/emse-analysis/repositories/StarRocks_starrocks not found. Cannot resolve parents.
2026-09-18 15:28:33,259 - ERROR - Repo path /home/frasal/Desktop/emse-analysis/repositories/apache_solr-mcp not found. Cannot resolve parents.
2026-09-18 15:28:33,259 - ERROR - Repo path /home/frasal/Desktop/emse-analysis/repositories/eaftan_safere not found. Cannot resolve parents.
2026-09-18 15:28:33,259 - ERROR - Repo path /home/frasal/Desktop/emse-analysis/repositories/elastic_elasticsearch not found. Cannot resolve parents.
2026-09-18 15:28:33,259 - ERROR - Repo path /home/frasal/Desktop/emse-analysis/repositories/eaftan_safere not found. Cannot resolve parents.
2026-09-18 15:28:33,259 - ERROR - Repo path /home/frasal/Desktop/emse-analysis/repositories/eaftan_safere not found. Cannot resolve parents.
2026-09-18 15:28:33,259 - ERROR - Repo path /home/frasal/Desktop/emse-analysis/repositories/taeJinary_EasyWork not found. Cannot resolve parents.
2026-09-18 15:28:33,260 - ERROR - Repo path /home/frasal/Desktop/emse-analysis/repositories/taeJinary_EasyWork not found. Cannot resolve parents.
2026-09-18 15:28:33,260 - ERROR - Repo path /home/frasal/Desktop/emse-analysis/repositories/taeJinary_EasyWork not found. Cannot resolve parents.
2026-09-18 15:28:33,260 - ERROR - Repo path /home/frasal/Desktop/emse-analysis/repositories/taeJinary_EasyWork not found. Cannot resolve parents.
2026-09-18 15:28:33,260 - ERROR - Repo path /home/frasal/Desktop/emse-analysis/repositories/taeJinary_EasyWork not found. Cannot resolve parents.
2026-09-18 15:28:33,260 - ERROR - Repo path /home/frasal/Desktop/emse-analysis/repositories/taeJinary_EasyWork not found. Cannot resolve parents.
2026-09-18 15:28:33,260 - ERROR - Repo path /home/frasal/Desktop/emse-analysis/repositories/leonarduk_pension-risk-management-system not found. Cannot resolve parents.
2026-09-18 15:28:33,260 - ERROR - Repo path /home/frasal/Desktop/emse-analysis/repositories/elastic_elasticsearch not found. Cannot resolve parents.
2026-09-18 15:28:33,260 - ERROR - Repo path /home/frasal/Desktop/emse-analysis/repositories/NicolasAlgorithm_DondeJuana_Hotel not found. Cannot resolve parents.
2026-09-18 15:28:33,260 - ERROR - Repo path /home/frasal/Desktop/emse-analysis/repositories/NicolasAlgorithm_DondeJuana_Hotel not found. Cannot resolve parents.
2026-09-18 15:28:33,260 - ERROR - Repo path /home/frasal/Desktop/emse-analysis/repositories/elastic_elasticsearch not found. Cannot resolve parents.
2026-09-18 15:28:33,260 - ERROR - Repo path /home/frasal/Desktop/emse-analysis/repositories/leonarduk_pension-risk-management-system not found. Cannot resolve parents.
2026-09-18 15:28:33,260 - ERROR - Repo path /home/frasal/Desktop/emse-analysis/repositories/taeJinary_EasyWork not found. Cannot resolve parents.
2026-09-18 15:28:33,260 - ERROR - Repo path /home/frasal/Desktop/emse-analysis/repositories/taeJinary_EasyWork not found. Cannot resolve parents.
2026-09-18 15:28:33,260 - ERROR - Repo path /home/frasal/Desktop/emse-analysis/repositories/elastic_elasticsearch not found. Cannot resolve parents.
2026-09-18 15:28:33,260 - ERROR - Repo path /home/frasal/Desktop/emse-analysis/repositories/taeJinary_EasyWork not found. Cannot resolve parents.
2026-09-18 15:28:33,260 - ERROR - Repo path /home/frasal/Desktop/emse-analysis/repositories/taeJinary_EasyWork not found. Cannot resolve parents.
2026-09-18 15:28:33,260 - ERROR - Repo path /home/frasal/Desktop/emse-analysis/repositories/wenshao_fastjson3 not found. Cannot resolve parents.
2026-09-18 15:28:33,260 - ERROR - Repo path /home/frasal/Desktop/emse-analysis/repositories/elastic_elasticsearch not found. Cannot resolve parents.
2026-09-18 15:28:33,260 - ERROR - Repo path /home/frasal/Desktop/emse-analysis/repositories/operaton_operaton not found. Cannot resolve parents.
2026-09-18 15:28:33,260 - ERROR - Repo path /home/frasal/Desktop/emse-analysis/repositories/wenshao_fastjson3 not found. Cannot resolve parents.
2026-09-18 15:28:33,260 - ERROR - Repo path /home/frasal/Desktop/emse-analysis/repositories/elastic_elasticsearch not found. Cannot resolve parents.
2026-09-18 15:28:33,260 - ERROR - Repo path /home/frasal/Desktop/emse-analysis/repositories/taeJinary_EasyWork not found. Cannot resolve parents.
2026-09-18 15:28:33,260 - ERROR - Repo path /home/frasal/Desktop/emse-analysis/repositories/taeJinary_EasyWork not found. Cannot resolve parents.
2026-09-18 15:28:33,260 - ERROR - Repo path /home/frasal/Desktop/emse-analysis/repositories/camunda_camunda not found. Cannot resolve parents.
2026-09-18 15:28:33,260 - ERROR - Repo path /home/frasal/Desktop/emse-analysis/repositories/thingsboard_thingsboard not found. Cannot resolve parents.
2026-09-18 15:28:33,260 - ERROR - Repo path /home/frasal/Desktop/emse-analysis/repositories/wenshao_fastjson3 not found. Cannot resolve parents.
2026-09-18 15:28:33,260 - ERROR - Repo path /home/frasal/Desktop/emse-analysis/repositories/taeJinary_EasyWork not found. Cannot resolve parents.
2026-09-18 15:28:33,260 - ERROR - Repo path /home/frasal/Desktop/emse-analysis/repositories/taeJinary_EasyWork not found. Cannot resolve parents.
2026-09-18 15:28:33,260 - ERROR - Repo path /home/frasal/Desktop/emse-analysis/repositories/elastic_elasticsearch not found. Cannot resolve parents.
2026-09-18 15:28:33,260 - ERROR - Repo path /home/frasal/Desktop/emse-analysis/repositories/elastic_elasticsearch not found. Cannot resolve parents.
2026-09-18 15:28:33,260 - ERROR - Repo path /home/frasal/Desktop/emse-analysis/repositories/elastic_elasticsearch not found. Cannot resolve parents.
2026-09-18 15:28:33,260 - ERROR - Repo path /home/frasal/Desktop/emse-analysis/repositories/wenshao_fastjson3 not found. Cannot resolve parents.
2026-09-18 15:28:33,261 - ERROR - Repo path /home/frasal/Desktop/emse-analysis/repositories/elastic_elasticsearch not found. Cannot resolve parents.
2026-09-18 15:28:33,261 - ERROR - Repo path /home/frasal/Desktop/emse-analysis/repositories/taeJinary_EasyWork not found. Cannot resolve parents.
2026-09-18 15:28:33,261 - ERROR - Repo path /home/frasal/Desktop/emse-analysis/repositories/taeJinary_EasyWork not found. Cannot resolve parents.
2026-09-18 15:28:33,261 - ERROR - Repo path /home/frasal/Desktop/emse-analysis/repositories/taeJinary_EasyWork not found. Cannot resolve parents.
2026-09-18 15:28:33,261 - ERROR - Repo path /home/frasal/Desktop/emse-analysis/repositories/elastic_elasticsearch not found. Cannot resolve parents.
2026-09-18 15:28:33,261 - ERROR - Repo path /home/frasal/Desktop/emse-analysis/repositories/taeJinary_EasyWork not found. Cannot resolve parents.
2026-09-18 15:28:33,261 - ERROR - Repo path /home/frasal/Desktop/emse-analysis/repositories/elastic_elasticsearch not found. Cannot resolve parents.
2026-09-18 15:28:33,261 - ERROR - Repo path /home/frasal/Desktop/emse-analysis/repositories/elastic_elasticsearch not found. Cannot resolve parents.
2026-09-18 15:28:33,261 - ERROR - Repo path /home/frasal/Desktop/emse-analysis/repositories/taeJinary_EasyWork not found. Cannot resolve parents.
2026-09-18 15:28:33,261 - ERROR - Repo path /home/frasal/Desktop/emse-analysis/repositories/taeJinary_EasyWork not found. Cannot resolve parents.
2026-09-18 15:28:33,261 - ERROR - Repo path /home/frasal/Desktop/emse-analysis/repositories/apache_shardingsphere not found. Cannot resolve parents.
2026-09-18 15:28:33,261 - ERROR - Repo path /home/frasal/Desktop/emse-analysis/repositories/elastic_elasticsearch not found. Cannot resolve parents.
2026-09-18 15:28:33,261 - ERROR - Repo path /home/frasal/Desktop/emse-analysis/repositories/wenshao_fastjson3 not found. Cannot resolve parents.
2026-09-18 15:28:33,261 - ERROR - Repo path /home/frasal/Desktop/emse-analysis/repositories/taeJinary_EasyWork not found. Cannot resolve parents.
2026-09-18 15:28:33,261 - ERROR - Repo path /home/frasal/Desktop/emse-analysis/repositories/taeJinary_EasyWork not found. Cannot resolve parents.
2026-09-18 15:28:33,261 - ERROR - Repo path /home/frasal/Desktop/emse-analysis/repositories/elastic_elasticsearch not found. Cannot resolve parents.
2026-09-18 15:28:33,261 - ERROR - Repo path /home/frasal/Desktop/emse-analysis/repositories/leodvincci_Bibby not found. Cannot resolve parents.
2026-09-18 15:28:33,261 - ERROR - Repo path /home/frasal/Desktop/emse-analysis/repositories/wenshao_fastjson3 not found. Cannot resolve parents.
2026-09-18 15:28:33,261 - ERROR - Repo path /home/frasal/Desktop/emse-analysis/repositories/wenshao_fastjson3 not found. Cannot resolve parents.
2026-09-18 15:28:33,261 - ERROR - Repo path /home/frasal/Desktop/emse-analysis/repositories/elastic_elasticsearch not found. Cannot resolve parents.
2026-09-18 15:28:33,261 - ERROR - Repo path /home/frasal/Desktop/emse-analysis/repositories/aklivity_zilla not found. Cannot resolve parents.
2026-09-18 15:28:33,261 - ERROR - Repo path /home/frasal/Desktop/emse-analysis/repositories/taeJinary_EasyWork not found. Cannot resolve parents.
2026-09-18 15:28:33,261 - ERROR - Repo path /home/frasal/Desktop/emse-analysis/repositories/wenshao_fastjson3 not found. Cannot resolve parents.
2026-09-18 15:28:33,261 - ERROR - Repo path /home/frasal/Desktop/emse-analysis/repositories/camunda_camunda not found. Cannot resolve parents.
2026-09-18 15:28:33,261 - ERROR - Repo path /home/frasal/Desktop/emse-analysis/repositories/taeJinary_EasyWork not found. Cannot resolve parents.
2026-09-18 15:28:33,261 - ERROR - Repo path /home/frasal/Desktop/emse-analysis/repositories/taeJinary_EasyWork not found. Cannot resolve parents.
2026-09-18 15:28:33,261 - ERROR - Repo path /home/frasal/Desktop/emse-analysis/repositories/elastic_elasticsearch not found. Cannot resolve parents.
2026-09-18 15:28:33,261 - ERROR - Repo path /home/frasal/Desktop/emse-analysis/repositories/leodvincci_Bibby not found. Cannot resolve parents.
2026-09-18 15:28:33,261 - ERROR - Repo path /home/frasal/Desktop/emse-analysis/repositories/wenshao_fastjson3 not found. Cannot resolve parents.
2026-09-18 15:28:33,261 - ERROR - Repo path /home/frasal/Desktop/emse-analysis/repositories/wenshao_fastjson3 not found. Cannot resolve parents.
2026-09-18 15:28:33,261 - ERROR - Repo path /home/frasal/Desktop/emse-analysis/repositories/wenshao_fastjson3 not found. Cannot resolve parents.
2026-09-18 15:28:33,262 - ERROR - Repo path /home/frasal/Desktop/emse-analysis/repositories/wenshao_fastjson3 not found. Cannot resolve parents.
2026-09-18 15:28:33,262 - ERROR - Repo path /home/frasal/Desktop/emse-analysis/repositories/elastic_elasticsearch not found. Cannot resolve parents.
2026-09-18 15:28:33,262 - ERROR - Repo path /home/frasal/Desktop/emse-analysis/repositories/taeJinary_EasyWork not found. Cannot resolve parents.
2026-09-18 15:28:33,262 - ERROR - Repo path /home/frasal/Desktop/emse-analysis/repositories/taeJinary_EasyWork not found. Cannot resolve parents.
2026-09-18 15:28:33,262 - ERROR - Repo path /home/frasal/Desktop/emse-analysis/repositories/elastic_elasticsearch not found. Cannot resolve parents.
2026-09-18 15:28:33,262 - ERROR - Repo path /home/frasal/Desktop/emse-analysis/repositories/elastic_elasticsearch not found. Cannot resolve parents.
2026-09-18 15:28:33,262 - ERROR - Repo path /home/frasal/Desktop/emse-analysis/repositories/apache_doris not found. Cannot resolve parents.
2026-09-18 15:28:33,262 - ERROR - Repo path /home/frasal/Desktop/emse-analysis/repositories/leodvincci_Bibby not found. Cannot resolve parents.
2026-09-18 15:28:33,262 - ERROR - Repo path /home/frasal/Desktop/emse-analysis/repositories/vaadin_hilla not found. Cannot resolve parents.
2026-09-18 15:28:33,262 - ERROR - Repo path /home/frasal/Desktop/emse-analysis/repositories/wenshao_fastjson3 not found. Cannot resolve parents.
2026-09-18 15:28:33,262 - ERROR - Repo path /home/frasal/Desktop/emse-analysis/repositories/wenshao_fastjson3 not found. Cannot resolve parents.
2026-09-18 15:28:33,262 - ERROR - Repo path /home/frasal/Desktop/emse-analysis/repositories/elastic_elasticsearch not found. Cannot resolve parents.
2026-09-18 15:28:33,262 - ERROR - Repo path /home/frasal/Desktop/emse-analysis/repositories/elastic_elasticsearch not found. Cannot resolve parents.
2026-09-18 15:28:33,262 - ERROR - Repo path /home/frasal/Desktop/emse-analysis/repositories/sloppylopez_stableMock not found. Cannot resolve parents.
2026-09-18 15:28:33,262 - ERROR - Repo path /home/frasal/Desktop/emse-analysis/repositories/taeJinary_EasyWork not found. Cannot resolve parents.
2026-09-18 15:28:33,262 - ERROR - Repo path /home/frasal/Desktop/emse-analysis/repositories/wenshao_fastjson3 not found. Cannot resolve parents.
2026-09-18 15:28:33,262 - ERROR - Repo path /home/frasal/Desktop/emse-analysis/repositories/elastic_elasticsearch not found. Cannot resolve parents.
2026-09-18 15:28:33,262 - ERROR - Repo path /home/frasal/Desktop/emse-analysis/repositories/elastic_elasticsearch not found. Cannot resolve parents.
2026-09-18 15:28:33,262 - ERROR - Repo path /home/frasal/Desktop/emse-analysis/repositories/wenshao_fastjson3 not found. Cannot resolve parents.
2026-09-18 15:28:33,262 - ERROR - Repo path /home/frasal/Desktop/emse-analysis/repositories/wenshao_fastjson3 not found. Cannot resolve parents.
2026-09-18 15:28:33,262 - ERROR - Repo path /home/frasal/Desktop/emse-analysis/repositories/wenshao_fastjson3 not found. Cannot resolve parents.
2026-09-18 15:28:33,262 - ERROR - Repo path /home/frasal/Desktop/emse-analysis/repositories/taeJinary_EasyWork not found. Cannot resolve parents.
2026-09-18 15:28:33,262 - ERROR - Repo path /home/frasal/Desktop/emse-analysis/repositories/taeJinary_EasyWork not found. Cannot resolve parents.
2026-09-18 15:28:33,262 - ERROR - Repo path /home/frasal/Desktop/emse-analysis/repositories/vaadin_hilla not found. Cannot resolve parents.
2026-09-18 15:28:33,262 - ERROR - Repo path /home/frasal/Desktop/emse-analysis/repositories/taeJinary_EasyWork not found. Cannot resolve parents.
2026-09-18 15:28:33,262 - ERROR - Repo path /home/frasal/Desktop/emse-analysis/repositories/apache_doris not found. Cannot resolve parents.
2026-09-18 15:28:33,262 - ERROR - Repo path /home/frasal/Desktop/emse-analysis/repositories/leodvincci_Bibby not found. Cannot resolve parents.
2026-09-18 15:28:33,262 - ERROR - Repo path /home/frasal/Desktop/emse-analysis/repositories/elastic_elasticsearch not found. Cannot resolve parents.
2026-09-18 15:28:33,262 - ERROR - Repo path /home/frasal/Desktop/emse-analysis/repositories/taeJinary_EasyWork not found. Cannot resolve parents.
2026-09-18 15:28:33,262 - ERROR - Repo path /home/frasal/Desktop/emse-analysis/repositories/taeJinary_EasyWork not found. Cannot resolve parents.
2026-09-18 15:28:33,262 - ERROR - Repo path /home/frasal/Desktop/emse-analysis/repositories/taeJinary_EasyWork not found. Cannot resolve parents.
2026-09-18 15:28:33,263 - ERROR - Repo path /home/frasal/Desktop/emse-analysis/repositories/taeJinary_EasyWork not found. Cannot resolve parents.
2026-09-18 15:28:33,263 - ERROR - Repo path /home/frasal/Desktop/emse-analysis/repositories/elastic_elasticsearch not found. Cannot resolve parents.
2026-09-18 15:28:33,263 - ERROR - Repo path /home/frasal/Desktop/emse-analysis/repositories/taeJinary_EasyWork not found. Cannot resolve parents.
2026-09-18 15:28:33,263 - ERROR - Repo path /home/frasal/Desktop/emse-analysis/repositories/elastic_elasticsearch not found. Cannot resolve parents.
2026-09-18 15:28:33,263 - ERROR - Repo path /home/frasal/Desktop/emse-analysis/repositories/elastic_elasticsearch not found. Cannot resolve parents.
2026-09-18 15:28:33,263 - ERROR - Repo path /home/frasal/Desktop/emse-analysis/repositories/dbbaskette_herald not found. Cannot resolve parents.
2026-09-18 15:28:33,263 - ERROR - Repo path /home/frasal/Desktop/emse-analysis/repositories/dbbaskette_herald not found. Cannot resolve parents.
2026-09-18 15:28:33,263 - ERROR - Repo path /home/frasal/Desktop/emse-analysis/repositories/taeJinary_EasyWork not found. Cannot resolve parents.
2026-09-18 15:28:33,263 - ERROR - Repo path /home/frasal/Desktop/emse-analysis/repositories/elastic_elasticsearch not found. Cannot resolve parents.
2026-09-18 15:28:33,263 - ERROR - Repo path /home/frasal/Desktop/emse-analysis/repositories/taeJinary_EasyWork not found. Cannot resolve parents.
2026-09-18 15:28:33,263 - ERROR - Repo path /home/frasal/Desktop/emse-analysis/repositories/dbbaskette_herald not found. Cannot resolve parents.
2026-09-18 15:28:33,263 - ERROR - Repo path /home/frasal/Desktop/emse-analysis/repositories/dbbaskette_herald not found. Cannot resolve parents.
2026-09-18 15:28:33,263 - ERROR - Repo path /home/frasal/Desktop/emse-analysis/repositories/dbbaskette_herald not found. Cannot resolve parents.
2026-09-18 15:29:05,641 - INFO - Fetching PR data from database...
2026-09-18 15:29:07,674 - INFO - Processing 69704 PR records...
2026-09-18 15:29:07,806 - WARNING - Skipping PR 15505 (gravitee-io/gravitee-api-management) because it has no merge commit.
2026-09-18 15:29:07,985 - WARNING - Skipping PR 10586 (gravitee-io/gravitee-api-management) because it has no merge commit.
2026-09-18 15:29:07,985 - WARNING - Skipping PR 10590 (gravitee-io/gravitee-api-management) because it has no merge commit.
2026-09-18 15:29:07,985 - WARNING - Skipping PR 10592 (gravitee-io/gravitee-api-management) because it has no merge commit.
2026-09-18 15:29:07,988 - WARNING - Skipping PR 16439 (gravitee-io/gravitee-api-management) because it has no merge commit.
2026-09-18 15:29:08,018 - WARNING - Skipping PR 10906 (gravitee-io/gravitee-api-management) because it has no merge commit.
2026-09-18 15:29:08,022 - WARNING - Skipping PR 14976 (gravitee-io/gravitee-api-management) because it has no merge commit.
2026-09-18 15:29:08,041 - WARNING - Skipping PR 15759 (gravitee-io/gravitee-api-management) because it has no merge commit.
2026-09-18 15:29:08,082 - WARNING - Skipping PR 880 (BrokkAi/brokk) because it has no merge commit.
2026-09-18 15:29:08,119 - WARNING - Skipping PR 10591 (gravitee-io/gravitee-api-management) because it has no merge commit.
2026-09-18 15:29:08,154 - WARNING - Skipping PR 16256 (gravitee-io/gravitee-api-management) because it has no merge commit.
2026-09-18 15:29:08,158 - WARNING - Skipping PR 16513 (gravitee-io/gravitee-api-management) because it has no merge commit.
2026-09-18 15:29:08,163 - WARNING - Skipping PR 15398 (gravitee-io/gravitee-api-management) because it has no merge commit.
2026-09-18 15:29:08,194 - INFO - Aggregation completed. Results saved to /home/frasal/Desktop/emse-analysis/aggregated_results.jsonl
2026-09-18 15:29:43,248 - INFO - Fetching PR data from database...
2026-09-18 15:29:54,383 - INFO - Processing 69704 PR records...
2026-09-18 15:29:54,899 - INFO - Aggregation completed. Results saved to /home/frasal/Desktop/emse-analysis/aggregated_results.jsonl
2026-09-18 15:30:17,838 - INFO - Fetching PR data from database...
2026-09-18 15:30:20,262 - INFO - Processing 69704 PR records...
2026-09-18 15:30:20,263 - INFO - Found 13 CSVs in RESULTS_DIR.
2026-09-18 15:30:20,263 - INFO - Sample CSVs: ['commons-io_4829bf9d2c28064495fc640067d914f4ee22395f.csv', 'elasticsearch_a69c48477f2fbca93115613c2b512e8b469142e3.csv', 'CodenameOne_f87b606bdc69f198794d5127008716e515ef549e.csv', 'elasticsearch_492b036326b8c71a485d79ff3f1e6010372da915.csv', 'elasticsearch_26254e3f42a6db629b04d23e2471d867eb4b0ff2.csv']
2026-09-18 15:30:20,791 - INFO - Aggregation completed. Results saved to /home/frasal/Desktop/emse-analysis/aggregated_results.jsonl
2026-09-18 15:30:37,293 - INFO - Fetching PR data from database...
2026-09-18 15:30:39,402 - INFO - Processing 69704 PR records...
2026-09-18 15:30:39,403 - INFO - Found 13 CSVs in RESULTS_DIR.
2026-09-18 15:30:39,403 - INFO - Sample CSVs: ['elasticsearch_26254e3f42a6db629b04d23e2471d867eb4b0ff2.csv', 'CodenameOne_6965b93a750ebb7408e0831e1cc803bcaa219d76.csv', 'elasticsearch_2404dac592cb431ab89ea97e6e36899a5d4a7d06.csv', 'CodenameOne_f87b606bdc69f198794d5127008716e515ef549e.csv', 'commons-io_bcda39d722f4f274733d171c59f2c80f7a255a50.csv']
2026-09-18 15:30:39,958 - INFO - Aggregation completed. Results saved to /home/frasal/Desktop/emse-analysis/aggregated_results.jsonl
